  0
SECTION
  2
HEADER
  9
$ACADVER
  1
AC1018
  9
$ACADMAINTVER
 70
0
  9
$DWGCODEPAGE
  3
ANSI_936
  9
$LASTSAVEDBY
  1
MBX
  9
$INSBASE
 10
0.0
 20
0.0
 30
0.0
  9
$EXTMIN
 10
2146.063855893902
 20
1733.401840648831
 30
0.0
  9
$EXTMAX
 10
2339.406977414014
 20
1831.322119549041
 30
0.0
  9
$LIMMIN
 10
0.0
 20
0.0
  9
$LIMMAX
 10
12.0
 20
9.0
  9
$ORTHOMODE
 70
0
  9
$REGENMODE
 70
1
  9
$FILLMODE
 70
1
  9
$QTEXTMODE
 70
0
  9
$MIRRTEXT
 70
0
  9
$LTSCALE
 40
1.0
  9
$ATTMODE
 70
1
  9
$TEXTSIZE
 40
2.5
  9
$TRACEWID
 40
1.0
  9
$TEXTSTYLE
  7
Standard
  9
$CLAYER
  8
0
  9
$CELTYPE
  6
ByLayer
  9
$CECOLOR
 62
256
  9
$CELTSCALE
 40
1.0
  9
$DISPSILH
 70
0
  9
$DIMSCALE
 40
1.0
  9
$DIMASZ
 40
2.5
  9
$DIMEXO
 40
0.625
  9
$DIMDLI
 40
3.75
  9
$DIMRND
 40
0.0
  9
$DIMDLE
 40
0.0
  9
$DIMEXE
 40
1.25
  9
$DIMTP
 40
0.0
  9
$DIMTM
 40
0.0
  9
$DIMTXT
 40
2.5
  9
$DIMCEN
 40
2.5
  9
$DIMTSZ
 40
0.0
  9
$DIMTOL
 70
0
  9
$DIMLIM
 70
0
  9
$DIMTIH
 70
0
  9
$DIMTOH
 70
0
  9
$DIMSE1
 70
0
  9
$DIMSE2
 70
0
  9
$DIMTAD
 70
1
  9
$DIMZIN
 70
8
  9
$DIMBLK
  1

  9
$DIMASO
 70
1
  9
$DIMSHO
 70
1
  9
$DIMPOST
  1

  9
$DIMAPOST
  1

  9
$DIMALT
 70
0
  9
$DIMALTD
 70
3
  9
$DIMALTF
 40
0.03937007874016
  9
$DIMLFAC
 40
1.0
  9
$DIMTOFL
 70
1
  9
$DIMTVP
 40
0.0
  9
$DIMTIX
 70
0
  9
$DIMSOXD
 70
0
  9
$DIMSAH
 70
0
  9
$DIMBLK1
  1

  9
$DIMBLK2
  1

  9
$DIMSTYLE
  2
ISO-25
  9
$DIMCLRD
 70
0
  9
$DIMCLRE
 70
0
  9
$DIMCLRT
 70
0
  9
$DIMTFAC
 40
1.0
  9
$DIMGAP
 40
0.625
  9
$DIMJUST
 70
0
  9
$DIMSD1
 70
0
  9
$DIMSD2
 70
0
  9
$DIMTOLJ
 70
0
  9
$DIMTZIN
 70
8
  9
$DIMALTZ
 70
0
  9
$DIMALTTZ
 70
0
  9
$DIMUPT
 70
0
  9
$DIMDEC
 70
2
  9
$DIMTDEC
 70
2
  9
$DIMALTU
 70
2
  9
$DIMALTTD
 70
3
  9
$DIMTXSTY
  7
Standard
  9
$DIMAUNIT
 70
0
  9
$DIMADEC
 70
0
  9
$DIMALTRND
 40
0.0
  9
$DIMAZIN
 70
0
  9
$DIMDSEP
 70
44
  9
$DIMATFIT
 70
3
  9
$DIMFRAC
 70
0
  9
$DIMLDRBLK
  1

  9
$DIMLUNIT
 70
2
  9
$DIMLWD
 70
-2
  9
$DIMLWE
 70
-2
  9
$DIMTMOVE
 70
0
  9
$LUNITS
 70
2
  9
$LUPREC
 70
4
  9
$SKETCHINC
 40
1.0
  9
$FILLETRAD
 40
0.0
  9
$AUNITS
 70
0
  9
$AUPREC
 70
0
  9
$MENU
  1
.
  9
$ELEVATION
 40
0.0
  9
$PELEVATION
 40
0.0
  9
$THICKNESS
 40
0.0
  9
$LIMCHECK
 70
0
  9
$CHAMFERA
 40
0.0
  9
$CHAMFERB
 40
0.0
  9
$CHAMFERC
 40
0.0
  9
$CHAMFERD
 40
0.0
  9
$SKPOLY
 70
0
  9
$TDCREATE
 40
2461128.8883680557
  9
$TDUCREATE
 40
2460773.355740741
  9
$TDUPDATE
 40
2461128.8884606482
  9
$TDUUPDATE
 40
2461127.272314815
  9
$TDINDWG
 40
0.2432407407
  9
$TDUSRTIMER
 40
0.2432407407
  9
$USRTIMER
 70
1
  9
$ANGBASE
 50
0.0
  9
$ANGDIR
 70
0
  9
$PDMODE
 70
0
  9
$PDSIZE
 40
0.0
  9
$PLINEWID
 40
0.0
  9
$SPLFRAME
 70
0
  9
$SPLINETYPE
 70
6
  9
$SPLINESEGS
 70
8
  9
$HANDSEED
  5
1833
  9
$SURFTAB1
 70
6
  9
$SURFTAB2
 70
6
  9
$SURFTYPE
 70
6
  9
$SURFU
 70
6
  9
$SURFV
 70
6
  9
$UCSBASE
  2

  9
$UCSNAME
  2

  9
$UCSORG
 10
0.0
 20
0.0
 30
0.0
  9
$UCSXDIR
 10
1.0
 20
0.0
 30
0.0
  9
$UCSYDIR
 10
0.0
 20
1.0
 30
0.0
  9
$UCSORTHOREF
  2

  9
$UCSORTHOVIEW
 70
0
  9
$UCSORGTOP
 10
0.0
 20
0.0
 30
0.0
  9
$UCSORGBOTTOM
 10
0.0
 20
0.0
 30
0.0
  9
$UCSORGLEFT
 10
0.0
 20
0.0
 30
0.0
  9
$UCSORGRIGHT
 10
0.0
 20
0.0
 30
0.0
  9
$UCSORGFRONT
 10
0.0
 20
0.0
 30
0.0
  9
$UCSORGBACK
 10
0.0
 20
0.0
 30
0.0
  9
$PUCSBASE
  2

  9
$PUCSNAME
  2

  9
$PUCSORG
 10
0.0
 20
0.0
 30
0.0
  9
$PUCSXDIR
 10
1.0
 20
0.0
 30
0.0
  9
$PUCSYDIR
 10
0.0
 20
1.0
 30
0.0
  9
$PUCSORTHOREF
  2

  9
$PUCSORTHOVIEW
 70
0
  9
$PUCSORGTOP
 10
0.0
 20
0.0
 30
0.0
  9
$PUCSORGBOTTOM
 10
0.0
 20
0.0
 30
0.0
  9
$PUCSORGLEFT
 10
0.0
 20
0.0
 30
0.0
  9
$PUCSORGRIGHT
 10
0.0
 20
0.0
 30
0.0
  9
$PUCSORGFRONT
 10
0.0
 20
0.0
 30
0.0
  9
$PUCSORGBACK
 10
0.0
 20
0.0
 30
0.0
  9
$USERI1
 70
0
  9
$USERI2
 70
0
  9
$USERI3
 70
0
  9
$USERI4
 70
0
  9
$USERI5
 70
0
  9
$USERR1
 40
0.0
  9
$USERR2
 40
0.0
  9
$USERR3
 40
0.0
  9
$USERR4
 40
0.0
  9
$USERR5
 40
0.0
  9
$WORLDVIEW
 70
1
  9
$SHADEDGE
 70
3
  9
$SHADEDIF
 70
70
  9
$TILEMODE
 70
1
  9
$MAXACTVP
 70
64
  9
$PINSBASE
 10
0.0
 20
0.0
 30
0.0
  9
$PLIMCHECK
 70
0
  9
$PEXTMIN
 10
0.0
 20
0.0
 30
0.0
  9
$PEXTMAX
 10
0.0
 20
0.0
 30
0.0
  9
$PLIMMIN
 10
0.0
 20
0.0
  9
$PLIMMAX
 10
12.0
 20
9.0
  9
$UNITMODE
 70
0
  9
$VISRETAIN
 70
1
  9
$PLINEGEN
 70
0
  9
$PSLTSCALE
 70
1
  9
$TREEDEPTH
 70
3020
  9
$CMLSTYLE
  2
Standard
  9
$CMLJUST
 70
0
  9
$CMLSCALE
 40
20.0
  9
$PROXYGRAPHICS
 70
1
  9
$MEASUREMENT
 70
1
  9
$CELWEIGHT
370
-1
  9
$ENDCAPS
280
0
  9
$JOINSTYLE
280
0
  9
$LWDISPLAY
290
0
  9
$INSUNITS
 70
4
  9
$HYPERLINKBASE
  1

  9
$STYLESHEET
  1

  9
$XEDIT
290
1
  9
$CEPSNTYPE
380
0
  9
$PSTYLEMODE
290
1
  9
$FINGERPRINTGUID
  2
{1D23B0FC-4B7A-BD4B-973F-A07BE5F57972}
  9
$VERSIONGUID
  2
{2E53EE9D-5CFE-4479-BEC3-DF6EF47347C2}
  9
$EXTNAMES
290
1
  9
$PSVPSCALE
 40
0.0
  9
$OLESTARTUP
290
0
  9
$SORTENTS
280
127
  9
$INDEXCTL
280
0
  9
$HIDETEXT
280
1
  9
$XCLIPFRAME
290
0
  9
$HALOGAP
280
0
  9
$OBSCOLOR
 70
257
  9
$OBSLTYPE
280
0
  9
$INTERSECTIONDISPLAY
280
0
  9
$INTERSECTIONCOLOR
 70
257
  9
$DIMASSOC
280
2
  9
$PROJECTNAME
  1

  0
ENDSEC
  0
SECTION
  2
CLASSES
  0
CLASS
  1
ACDBDICTIONARYWDFLT
  2
AcDbDictionaryWithDefault
  3
ObjectDBX Classes
 90
0
 91
1
280
0
281
0
  0
CLASS
  1
DICTIONARYVAR
  2
AcDbDictionaryVar
  3
ObjectDBX Classes
 90
0
 91
19
280
0
281
0
  0
CLASS
  1
TABLESTYLE
  2
AcDbTableStyle
  3
ObjectDBX Classes
 90
4095
 91
1
280
0
281
0
  0
CLASS
  1
MATERIAL
  2
AcDbMaterial
  3
ObjectDBX Classes
 90
1153
 91
3
280
0
281
0
  0
CLASS
  1
VISUALSTYLE
  2
AcDbVisualStyle
  3
ObjectDBX Classes
 90
4095
 91
24
280
0
281
0
  0
CLASS
  1
SCALE
  2
AcDbScale
  3
ObjectDBX Classes
 90
1153
 91
17
280
0
281
0
  0
CLASS
  1
MLEADERSTYLE
  2
AcDbMLeaderStyle
  3
ACDB_MLEADERSTYLE_CLASS
 90
4095
 91
2
280
0
281
0
  0
CLASS
  1
CELLSTYLEMAP
  2
AcDbCellStyleMap
  3
ObjectDBX Classes
 90
1152
 91
2
280
0
281
0
  0
CLASS
  1
EXACXREFPANELOBJECT
  2
ExAcXREFPanelObject
  3
EXAC_ESW
 90
1025
 91
0
280
0
281
0
  0
CLASS
  1
NPOCOLLECTION
  2
AcDbImpNonPersistentObjectsCollection
  3
ObjectDBX Classes
 90
1153
 91
0
280
0
281
0
  0
CLASS
  1
LAYER_INDEX
  2
AcDbLayerIndex
  3
ObjectDBX Classes
 90
0
 91
0
280
0
281
0
  0
CLASS
  1
SPATIAL_INDEX
  2
AcDbSpatialIndex
  3
ObjectDBX Classes
 90
0
 91
0
280
0
281
0
  0
CLASS
  1
IDBUFFER
  2
AcDbIdBuffer
  3
ObjectDBX Classes
 90
0
 91
0
280
0
281
0
  0
CLASS
  1
ACDBSECTIONVIEWSTYLE
  2
AcDbSectionViewStyle
  3
ObjectDBX Classes
 90
1025
 91
1
280
0
281
0
  0
CLASS
  1
ACDBDETAILVIEWSTYLE
  2
AcDbDetailViewStyle
  3
ObjectDBX Classes
 90
1025
 91
1
280
0
281
0
  0
CLASS
  1
SORTENTSTABLE
  2
AcDbSortentsTable
  3
ObjectDBX Classes
 90
0
 91
1
280
0
281
0
  0
CLASS
  1
SUN
  2
AcDbSun
  3
SCENEOE
 90
1153
 91
0
280
0
281
0
  0
CLASS
  1
MENTALRAYRENDERSETTINGS
  2
AcDbMentalRayRenderSettings
  3
SCENEOE
 90
1024
 91
0
280
0
281
0
  0
CLASS
  1
RASTERVARIABLES
  2
AcDbRasterVariables
  3
ISM
 90
0
 91
0
280
0
281
0
  0
CLASS
  1
LAYOUT
  2
AcDbLayout
  3
ObjectDBX Classes
 90
0
 91
0
280
0
281
0
  0
CLASS
  1
ACDBPLACEHOLDER
  2
AcDbPlaceHolder
  3
ObjectDBX Classes
 90
0
 91
0
280
0
281
0
  0
ENDSEC
  0
SECTION
  2
TABLES
  0
TABLE
  2
VPORT
  5
8
330
0
100
AcDbSymbolTable
 70
1
  0
VPORT
  5
EA
330
8
100
AcDbSymbolTableRecord
100
AcDbViewportTableRecord
  2
*Active
 70
0
 10
0.0
 20
0.0
 11
1.0
 21
1.0
 12
2257.21042178607
 22
1744.325158726714
 13
0.0
 23
0.0
 14
10.0
 24
10.0
 15
10.0
 25
10.0
 16
0.0
 26
0.0
 36
1.0
 17
0.0
 27
0.0
 37
0.0
 40
216.0898901068535
 41
2.025280898876404
 42
50.0
 43
0.0
 44
0.0
 50
0.0
 51
0.0
 71
0
 72
1000
 73
1
 74
3
 75
0
 76
1
 77
0
 78
0
281
0
 65
1
110
0.0
120
0.0
130
0.0
111
1.0
121
0.0
131
0.0
112
0.0
122
1.0
132
0.0
 79
0
146
0.0
1001
ACAD_NAV_VCDISPLAY
1070
3
  0
ENDTAB
  0
TABLE
  2
LTYPE
  5
5
330
0
100
AcDbSymbolTable
 70
3
  0
LTYPE
  5
14
330
5
100
AcDbSymbolTableRecord
100
AcDbLinetypeTableRecord
  2
ByBlock
 70
0
  3

 72
65
 73
0
 40
0.0
  0
LTYPE
  5
15
330
5
100
AcDbSymbolTableRecord
100
AcDbLinetypeTableRecord
  2
ByLayer
 70
0
  3

 72
65
 73
0
 40
0.0
  0
LTYPE
  5
16
330
5
100
AcDbSymbolTableRecord
100
AcDbLinetypeTableRecord
  2
Continuous
 70
0
  3
Solid line
 72
65
 73
0
 40
0.0
  0
ENDTAB
  0
TABLE
  2
LAYER
  5
2
102
{ACAD_XDICTIONARY
360
1FF
102
}
330
0
100
AcDbSymbolTable
 70
2
  0
LAYER
  5
10
102
{ACAD_XDICTIONARY
360
13C
102
}
330
2
100
AcDbSymbolTableRecord
100
AcDbLayerTableRecord
  2
0
 70
0
 62
7
  6
Continuous
370
-3
390
F
  0
LAYER
  5
12AA
330
2
100
AcDbSymbolTableRecord
100
AcDbLayerTableRecord
  2
Defpoints
 70
0
 62
7
  6
Continuous
290
0
370
-3
390
F
  0
ENDTAB
  0
TABLE
  2
STYLE
  5
3
330
0
100
AcDbSymbolTable
 70
2
  0
STYLE
  5
11
330
3
100
AcDbSymbolTableRecord
100
AcDbTextStyleTableRecord
  2
Standard
 70
0
 40
0.0
 41
1.0
 50
0.0
 71
0
 42
2.5
  3
arial.ttf
  4

1001
ACAD
1000
Arial
1071
34
  0
STYLE
  5
132
330
3
100
AcDbSymbolTableRecord
100
AcDbTextStyleTableRecord
  2
Annotative
 70
0
 40
0.0
 41
1.0
 50
0.0
 71
0
 42
2.5
  3
arial.ttf
  4

1001
AcadAnnotative
1000
AnnotativeData
1002
{
1070
1
1070
1
1002
}
1001
ACAD
1000
Arial
1071
34
  0
ENDTAB
  0
TABLE
  2
VIEW
  5
6
330
0
100
AcDbSymbolTable
 70
0
  0
ENDTAB
  0
TABLE
  2
UCS
  5
7
330
0
100
AcDbSymbolTable
 70
0
  0
ENDTAB
  0
TABLE
  2
APPID
  5
9
330
0
100
AcDbSymbolTable
 70
12
  0
APPID
  5
12
330
9
100
AcDbSymbolTableRecord
100
AcDbRegAppTableRecord
  2
ACAD
 70
0
  0
APPID
  5
9E
330
9
100
AcDbSymbolTableRecord
100
AcDbRegAppTableRecord
  2
ACAD_PSEXT
 70
0
  0
APPID
  5
133
330
9
100
AcDbSymbolTableRecord
100
AcDbRegAppTableRecord
  2
AcadAnnoPO
 70
0
  0
APPID
  5
134
330
9
100
AcDbSymbolTableRecord
100
AcDbRegAppTableRecord
  2
AcadAnnotative
 70
0
  0
APPID
  5
135
330
9
100
AcDbSymbolTableRecord
100
AcDbRegAppTableRecord
  2
ACAD_DSTYLE_DIMJAG
 70
0
  0
APPID
  5
136
330
9
100
AcDbSymbolTableRecord
100
AcDbRegAppTableRecord
  2
ACAD_DSTYLE_DIMTALN
 70
0
  0
APPID
  5
165
330
9
100
AcDbSymbolTableRecord
100
AcDbRegAppTableRecord
  2
ACAD_MLEADERVER
 70
0
  0
APPID
  5
217
330
9
100
AcDbSymbolTableRecord
100
AcDbRegAppTableRecord
  2
ACAD_NAV_VCDISPLAY
 70
0
  0
APPID
  5
297
330
9
100
AcDbSymbolTableRecord
100
AcDbRegAppTableRecord
  2
DCO15
 70
0
  0
APPID
  5
C1A
330
9
100
AcDbSymbolTableRecord
100
AcDbRegAppTableRecord
  2
ACAD_EXEMPT_FROM_CAD_STANDARDS
 70
0
  0
APPID
  5
182F
330
9
100
AcDbSymbolTableRecord
100
AcDbRegAppTableRecord
  2
HATCHBACKGROUNDCOLOR
 70
0
  0
APPID
  5
1830
330
9
100
AcDbSymbolTableRecord
100
AcDbRegAppTableRecord
  2
EZDXF
 70
0
  0
ENDTAB
  0
TABLE
  2
DIMSTYLE
  5
A
330
0
100
AcDbSymbolTable
 70
3
100
AcDbDimStyleTable
  0
DIMSTYLE
105
1B0
330
A
100
AcDbSymbolTableRecord
100
AcDbDimStyleTableRecord
  2
Standard
 70
0
  3

  4

 40
1.0
 41
2.5
 42
0.625
 43
3.75
 44
1.25
 45
0.0
 46
0.0
 47
0.0
 48
0.0
140
2.5
141
2.5
142
0.0
143
0.03937007874
144
1.0
145
0.0
146
1.0
147
0.625
148
0.0
 71
0
 72
0
 73
0
 74
0
 75
0
 76
0
 77
1
 78
8
 79
3
170
0
171
3
172
1
173
0
174
0
175
0
176
0
177
0
178
0
179
2
271
2
272
2
273
2
274
3
275
0
276
0
277
2
278
44
279
0
280
0
281
0
282
0
283
0
284
8
285
0
286
0
288
0
289
3
340
11
371
-2
372
-2
  0
DIMSTYLE
105
137
330
A
100
AcDbSymbolTableRecord
100
AcDbDimStyleTableRecord
  2
Annotative
 70
0
  3

  4

 40
0.0
 41
2.5
 42
0.625
 43
3.75
 44
1.25
 45
0.0
 46
0.0
 47
0.0
 48
0.0
140
2.5
141
2.5
142
0.0
143
0.03937007874016
144
1.0
145
0.0
146
1.0
147
0.625
148
0.0
 71
0
 72
0
 73
0
 74
0
 75
0
 76
0
 77
1
 78
8
 79
3
170
0
171
3
172
1
173
0
174
0
175
0
176
0
177
0
178
0
179
2
271
2
272
2
273
2
274
3
275
0
276
0
277
2
278
44
279
0
280
0
281
0
282
0
283
0
284
8
285
0
286
0
288
0
289
3
340
11
371
-2
372
-2
1001
AcadAnnotative
1000
AnnotativeData
1002
{
1070
1
1070
1
1002
}
1001
ACAD_DSTYLE_DIMJAG
1070
388
1040
1.5
1001
ACAD_DSTYLE_DIMTALN
1070
392
1070
0
  0
DIMSTYLE
105
27
330
A
100
AcDbSymbolTableRecord
100
AcDbDimStyleTableRecord
  2
ISO-25
 70
0
  3

  4

 40
1.0
 41
2.5
 42
0.625
 43
3.75
 44
1.25
 45
0.0
 46
0.0
 47
0.0
 48
0.0
140
2.5
141
2.5
142
0.0
143
0.03937007874016
144
1.0
145
0.0
146
1.0
147
0.625
148
0.0
 71
0
 72
0
 73
0
 74
0
 75
0
 76
0
 77
1
 78
8
 79
3
170
0
171
3
172
1
173
0
174
0
175
0
176
0
177
0
178
0
179
2
271
2
272
2
273
2
274
3
275
0
276
0
277
2
278
44
279
0
280
0
281
0
282
0
283
0
284
8
285
0
286
0
288
0
289
3
340
11
371
-2
372
-2
  0
ENDTAB
  0
TABLE
  2
BLOCK_RECORD
  5
1
330
0
100
AcDbSymbolTable
 70
40
  0
BLOCK_RECORD
  5
1F
102
{ACAD_XDICTIONARY
360
1CE
102
}
330
1
100
AcDbSymbolTableRecord
100
AcDbBlockTableRecord
  2
*Model_Space
340
22
  0
BLOCK_RECORD
  5
D2
330
1
100
AcDbSymbolTableRecord
100
AcDbBlockTableRecord
  2
*Paper_Space
340
D3
  0
BLOCK_RECORD
  5
D6
330
1
100
AcDbSymbolTableRecord
100
AcDbBlockTableRecord
  2
*Paper_Space0
340
D7
  0
BLOCK_RECORD
  5
12AB
330
1
100
AcDbSymbolTableRecord
100
AcDbBlockTableRecord
  2
PART_000
340
0
  0
BLOCK_RECORD
  5
1331
330
1
100
AcDbSymbolTableRecord
100
AcDbBlockTableRecord
  2
PART_001
340
0
  0
BLOCK_RECORD
  5
13E6
330
1
100
AcDbSymbolTableRecord
100
AcDbBlockTableRecord
  2
PART_002
340
0
  0
BLOCK_RECORD
  5
148B
330
1
100
AcDbSymbolTableRecord
100
AcDbBlockTableRecord
  2
PART_003
340
0
  0
BLOCK_RECORD
  5
14A4
330
1
100
AcDbSymbolTableRecord
100
AcDbBlockTableRecord
  2
PART_004
340
0
  0
BLOCK_RECORD
  5
14BD
330
1
100
AcDbSymbolTableRecord
100
AcDbBlockTableRecord
  2
PART_005
340
0
  0
BLOCK_RECORD
  5
1508
330
1
100
AcDbSymbolTableRecord
100
AcDbBlockTableRecord
  2
PART_006
340
0
  0
BLOCK_RECORD
  5
1553
330
1
100
AcDbSymbolTableRecord
100
AcDbBlockTableRecord
  2
PART_007
340
0
  0
BLOCK_RECORD
  5
156C
330
1
100
AcDbSymbolTableRecord
100
AcDbBlockTableRecord
  2
PART_008
340
0
  0
BLOCK_RECORD
  5
1594
330
1
100
AcDbSymbolTableRecord
100
AcDbBlockTableRecord
  2
PART_009
340
0
  0
BLOCK_RECORD
  5
15BC
330
1
100
AcDbSymbolTableRecord
100
AcDbBlockTableRecord
  2
PART_010
340
0
  0
BLOCK_RECORD
  5
15CD
330
1
100
AcDbSymbolTableRecord
100
AcDbBlockTableRecord
  2
PART_011
340
0
  0
BLOCK_RECORD
  5
15DE
330
1
100
AcDbSymbolTableRecord
100
AcDbBlockTableRecord
  2
PART_012
340
0
  0
BLOCK_RECORD
  5
162C
330
1
100
AcDbSymbolTableRecord
100
AcDbBlockTableRecord
  2
PART_013
340
0
  0
BLOCK_RECORD
  5
167A
330
1
100
AcDbSymbolTableRecord
100
AcDbBlockTableRecord
  2
PART_014
340
0
  0
BLOCK_RECORD
  5
1693
330
1
100
AcDbSymbolTableRecord
100
AcDbBlockTableRecord
  2
PART_015
340
0
  0
BLOCK_RECORD
  5
16A4
330
1
100
AcDbSymbolTableRecord
100
AcDbBlockTableRecord
  2
PART_016
340
0
  0
BLOCK_RECORD
  5
16B5
330
1
100
AcDbSymbolTableRecord
100
AcDbBlockTableRecord
  2
PART_017
340
0
  0
BLOCK_RECORD
  5
16C6
330
1
100
AcDbSymbolTableRecord
100
AcDbBlockTableRecord
  2
PART_018
340
0
  0
BLOCK_RECORD
  5
16D7
330
1
100
AcDbSymbolTableRecord
100
AcDbBlockTableRecord
  2
PART_019
340
0
  0
BLOCK_RECORD
  5
16E2
330
1
100
AcDbSymbolTableRecord
100
AcDbBlockTableRecord
  2
PART_020
340
0
  0
BLOCK_RECORD
  5
16ED
330
1
100
AcDbSymbolTableRecord
100
AcDbBlockTableRecord
  2
PART_021
340
0
  0
BLOCK_RECORD
  5
1721
330
1
100
AcDbSymbolTableRecord
100
AcDbBlockTableRecord
  2
PART_022
340
0
  0
BLOCK_RECORD
  5
1755
330
1
100
AcDbSymbolTableRecord
100
AcDbBlockTableRecord
  2
PART_023
340
0
  0
BLOCK_RECORD
  5
1766
330
1
100
AcDbSymbolTableRecord
100
AcDbBlockTableRecord
  2
PART_024
340
0
  0
BLOCK_RECORD
  5
1777
330
1
100
AcDbSymbolTableRecord
100
AcDbBlockTableRecord
  2
PART_025
340
0
  0
BLOCK_RECORD
  5
1786
330
1
100
AcDbSymbolTableRecord
100
AcDbBlockTableRecord
  2
PART_026
340
0
  0
BLOCK_RECORD
  5
1795
330
1
100
AcDbSymbolTableRecord
100
AcDbBlockTableRecord
  2
PART_027
340
0
  0
BLOCK_RECORD
  5
17A4
330
1
100
AcDbSymbolTableRecord
100
AcDbBlockTableRecord
  2
PART_028
340
0
  0
BLOCK_RECORD
  5
17B3
330
1
100
AcDbSymbolTableRecord
100
AcDbBlockTableRecord
  2
PART_029
340
0
  0
BLOCK_RECORD
  5
17BE
330
1
100
AcDbSymbolTableRecord
100
AcDbBlockTableRecord
  2
PART_030
340
0
  0
BLOCK_RECORD
  5
17C9
330
1
100
AcDbSymbolTableRecord
100
AcDbBlockTableRecord
  2
PART_031
340
0
  0
BLOCK_RECORD
  5
17DA
330
1
100
AcDbSymbolTableRecord
100
AcDbBlockTableRecord
  2
PART_032
340
0
  0
BLOCK_RECORD
  5
17EB
330
1
100
AcDbSymbolTableRecord
100
AcDbBlockTableRecord
  2
PART_033
340
0
  0
BLOCK_RECORD
  5
17FC
330
1
100
AcDbSymbolTableRecord
100
AcDbBlockTableRecord
  2
PART_034
340
0
  0
BLOCK_RECORD
  5
180D
330
1
100
AcDbSymbolTableRecord
100
AcDbBlockTableRecord
  2
PART_035
340
0
  0
BLOCK_RECORD
  5
181E
330
1
100
AcDbSymbolTableRecord
100
AcDbBlockTableRecord
  2
PART_036
340
0
  0
ENDTAB
  0
ENDSEC
  0
SECTION
  2
BLOCKS
  0
BLOCK
  5
20
330
1F
100
AcDbEntity
  8
0
100
AcDbBlockBegin
  2
*Model_Space
 70
0
 10
0.0
 20
0.0
 30
0.0
  3
*Model_Space
  1

  0
ENDBLK
  5
21
330
1F
100
AcDbEntity
  8
0
100
AcDbBlockEnd
  0
BLOCK
  5
D4
330
D2
100
AcDbEntity
 67
1
  8
0
100
AcDbBlockBegin
  2
*Paper_Space
 70
0
 10
0.0
 20
0.0
 30
0.0
  3
*Paper_Space
  1

  0
ENDBLK
  5
D5
330
D2
100
AcDbEntity
 67
1
  8
0
100
AcDbBlockEnd
  0
BLOCK
  5
D8
330
D6
100
AcDbEntity
 67
1
  8
0
100
AcDbBlockBegin
  2
*Paper_Space0
 70
0
 10
0.0
 20
0.0
 30
0.0
  3
*Paper_Space0
  1

  0
ENDBLK
  5
D9
330
D6
100
AcDbEntity
 67
1
  8
0
100
AcDbBlockEnd
  0
BLOCK
  5
12AC
330
12AB
100
AcDbEntity
  8
0
100
AcDbBlockBegin
  2
PART_000
 70
0
 10
0.0
 20
0.0
 30
0.0
  3
PART_000
  1

  0
POLYLINE
  5
12AE
330
12AB
100
AcDbEntity
  8
0
 62
7
370
35
100
AcDb2dPolyline
 66
1
 10
0.0
 20
0.0
 30
0.0
 70
0
  0
VERTEX
  5
12AF
330
12AE
100
AcDbEntity
  8
0
370
0
100
AcDbVertex
100
AcDb2dVertex
 10
2295.742927524107
 20
1827.701561199368
 30
0.0
 70
0
  0
VERTEX
  5
12B0
330
12AE
100
AcDbEntity
  8
0
370
0
100
AcDbVertex
100
AcDb2dVertex
 10
2299.497749524107
 20
1826.706291199369
 30
0.0
 70
0
  0
VERTEX
  5
12B1
330
12AE
100
AcDbEntity
  8
0
370
0
100
AcDbVertex
100
AcDb2dVertex
 10
2301.388130524107
 20
1826.158897199368
 30
0.0
 70
0
  0
VERTEX
  5
12B2
330
12AE
100
AcDbEntity
  8
0
370
0
100
AcDbVertex
100
AcDb2dVertex
 10
2303.278999524107
 20
1825.572044199368
 30
0.0
 70
0
  0
VERTEX
  5
12B3
330
12AE
100
AcDbEntity
  8
0
370
0
100
AcDbVertex
100
AcDb2dVertex
 10
2305.775947524107
 20
1824.716240199368
 30
0.0
 70
0
  0
VERTEX
  5
12B4
330
12AE
100
AcDbEntity
  8
0
370
0
100
AcDbVertex
100
AcDb2dVertex
 10
2307.426521524107
 20
1824.077781199369
 30
0.0
 70
0
  0
VERTEX
  5
12B5
330
12AE
100
AcDbEntity
  8
0
370
0
100
AcDbVertex
100
AcDb2dVertex
 10
2309.013618524107
 20
1823.377647199368
 30
0.0
 70
0
  0
VERTEX
  5
12B6
330
12AE
100
AcDbEntity
  8
0
370
0
100
AcDbVertex
100
AcDb2dVertex
 10
2309.811592524107
 20
1822.976982199368
 30
0.0
 70
0
  0
VERTEX
  5
12B7
330
12AE
100
AcDbEntity
  8
0
370
0
100
AcDbVertex
100
AcDb2dVertex
 10
2310.957466524107
 20
1822.308372199369
 30
0.0
 70
0
  0
VERTEX
  5
12B8
330
12AE
100
AcDbEntity
  8
0
370
0
100
AcDbVertex
100
AcDb2dVertex
 10
2311.538642524107
 20
1821.901084199368
 30
0.0
 70
0
  0
VERTEX
  5
12B9
330
12AE
100
AcDbEntity
  8
0
370
0
100
AcDbVertex
100
AcDb2dVertex
 10
2312.074775524108
 20
1821.453392199369
 30
0.0
 70
0
  0
VERTEX
  5
12BA
330
12AE
100
AcDbEntity
  8
0
370
0
100
AcDbVertex
100
AcDb2dVertex
 10
2312.543769524107
 20
1820.959587199368
 30
0.0
 70
0
  0
VERTEX
  5
12BB
330
12AE
100
AcDbEntity
  8
0
370
0
100
AcDbVertex
100
AcDb2dVertex
 10
2312.921577524107
 20
1820.409904199368
 30
0.0
 70
0
  0
VERTEX
  5
12BC
330
12AE
100
AcDbEntity
  8
0
370
0
100
AcDbVertex
100
AcDb2dVertex
 10
2313.172492524107
 20
1819.816276199368
 30
0.0
 70
0
  0
VERTEX
  5
12BD
330
12AE
100
AcDbEntity
  8
0
370
0
100
AcDbVertex
100
AcDb2dVertex
 10
2313.262886524107
 20
1819.400810199368
 30
0.0
 70
0
  0
SEQEND
  5
12BE
330
12AE
100
AcDbEntity
  8
0
370
0
  0
LINE
  5
12BF
330
12AB
100
AcDbEntity
  8
0
 62
7
370
35
 48
0.297188
100
AcDbLine
 10
2301.375373524107
 20
1819.400810199368
 30
0.0
 11
2313.262886524107
 21
1819.400810199368
 31
0.0
  0
LINE
  5
12C0
330
12AB
100
AcDbEntity
  8
0
 62
7
370
35
 48
0.025
100
AcDbLine
 10
2301.375373524107
 20
1819.400810199368
 30
0.0
 11
2301.375373524107
 21
1818.400810199369
 31
0.0
  0
LINE
  5
12C1
330
12AB
100
AcDbEntity
  8
0
 62
7
370
35
 48
0.297311
100
AcDbLine
 10
2301.375373524107
 20
1818.400810199369
 30
0.0
 11
2313.267829524107
 21
1818.400810199369
 31
0.0
  0
POLYLINE
  5
12C2
330
12AB
100
AcDbEntity
  8
0
 62
7
370
35
100
AcDb2dPolyline
 66
1
 10
0.0
 20
0.0
 30
0.0
 70
0
  0
VERTEX
  5
12C3
330
12C2
100
AcDbEntity
  8
0
370
0
100
AcDbVertex
100
AcDb2dVertex
 10
2313.267829524107
 20
1818.400810199369
 30
0.0
 70
0
  0
VERTEX
  5
12C4
330
12C2
100
AcDbEntity
  8
0
370
0
100
AcDbVertex
100
AcDb2dVertex
 10
2313.115913524107
 20
1817.616355199367
 30
0.0
 70
0
  0
VERTEX
  5
12C5
330
12C2
100
AcDbEntity
  8
0
370
0
100
AcDbVertex
100
AcDb2dVertex
 10
2312.954414524107
 20
1817.109184199368
 30
0.0
 70
0
  0
VERTEX
  5
12C6
330
12C2
100
AcDbEntity
  8
0
370
0
100
AcDbVertex
100
AcDb2dVertex
 10
2312.705146524107
 20
1816.507377199368
 30
0.0
 70
0
  0
VERTEX
  5
12C7
330
12C2
100
AcDbEntity
  8
0
370
0
100
AcDbVertex
100
AcDb2dVertex
 10
2312.406196524107
 20
1815.917472199368
 30
0.0
 70
0
  0
VERTEX
  5
12C8
330
12C2
100
AcDbEntity
  8
0
370
0
100
AcDbVertex
100
AcDb2dVertex
 10
2312.067085524107
 20
1815.340110199368
 30
0.0
 70
0
  0
VERTEX
  5
12C9
330
12C2
100
AcDbEntity
  8
0
370
0
100
AcDbVertex
100
AcDb2dVertex
 10
2311.695869524107
 20
1814.775230199368
 30
0.0
 70
0
  0
VERTEX
  5
12CA
330
12C2
100
AcDbEntity
  8
0
370
0
100
AcDbVertex
100
AcDb2dVertex
 10
2311.177436524107
 20
1814.060630199368
 30
0.0
 70
0
  0
VERTEX
  5
12CB
330
12C2
100
AcDbEntity
  8
0
370
0
100
AcDbVertex
100
AcDb2dVertex
 10
2310.626899524107
 20
1813.363609199369
 30
0.0
 70
0
  0
VERTEX
  5
12CC
330
12C2
100
AcDbEntity
  8
0
370
0
100
AcDbVertex
100
AcDb2dVertex
 10
2309.894477524107
 20
1812.499839199368
 30
0.0
 70
0
  0
VERTEX
  5
12CD
330
12C2
100
AcDbEntity
  8
0
370
0
100
AcDbVertex
100
AcDb2dVertex
 10
2309.135993524107
 20
1811.655082199368
 30
0.0
 70
0
  0
VERTEX
  5
12CE
330
12C2
100
AcDbEntity
  8
0
370
0
100
AcDbVertex
100
AcDb2dVertex
 10
2308.078193524107
 20
1810.528282199368
 30
0.0
 70
0
  0
VERTEX
  5
12CF
330
12C2
100
AcDbEntity
  8
0
370
0
100
AcDbVertex
100
AcDb2dVertex
 10
2306.531745524107
 20
1808.935630199368
 30
0.0
 70
0
  0
SEQEND
  5
12D0
330
12C2
100
AcDbEntity
  8
0
370
0
  0
LINE
  5
12D1
330
12AB
100
AcDbEntity
  8
0
 62
7
370
35
 48
0.324976
100
AcDbLine
 10
2293.532722524107
 20
1808.935630199368
 30
0.0
 11
2306.531745524107
 21
1808.935630199368
 31
0.0
  0
LINE
  5
12D2
330
12AB
100
AcDbEntity
  8
0
 62
7
370
35
 48
0.025
100
AcDbLine
 10
2293.532722524107
 20
1808.935630199368
 30
0.0
 11
2293.532722524107
 21
1807.935630199368
 31
0.0
  0
LINE
  5
12D3
330
12AB
100
AcDbEntity
  8
0
 62
7
370
35
 48
0.300435
100
AcDbLine
 10
2293.532722524107
 20
1807.935630199368
 30
0.0
 11
2305.550117524107
 21
1807.935630199368
 31
0.0
  0
POLYLINE
  5
12D4
330
12AB
100
AcDbEntity
  8
0
 62
7
370
35
100
AcDb2dPolyline
 66
1
 10
0.0
 20
0.0
 30
0.0
 70
0
  0
VERTEX
  5
12D5
330
12D4
100
AcDbEntity
  8
0
370
0
100
AcDbVertex
100
AcDb2dVertex
 10
2305.550117524107
 20
1807.935630199368
 30
0.0
 70
0
  0
VERTEX
  5
12D6
330
12D4
100
AcDbEntity
  8
0
370
0
100
AcDbVertex
100
AcDb2dVertex
 10
2303.147407524107
 20
1805.454856199369
 30
0.0
 70
0
  0
VERTEX
  5
12D7
330
12D4
100
AcDbEntity
  8
0
370
0
100
AcDbVertex
100
AcDb2dVertex
 10
2301.305000524107
 20
1803.466636199368
 30
0.0
 70
0
  0
VERTEX
  5
12D8
330
12D4
100
AcDbEntity
  8
0
370
0
100
AcDbVertex
100
AcDb2dVertex
 10
2299.064155524107
 20
1800.878013199368
 30
0.0
 70
0
  0
VERTEX
  5
12D9
330
12D4
100
AcDbEntity
  8
0
370
0
100
AcDbVertex
100
AcDb2dVertex
 10
2298.700630524107
 20
1800.435630199368
 30
0.0
 70
0
  0
SEQEND
  5
12DA
330
12D4
100
AcDbEntity
  8
0
370
0
  0
LINE
  5
12DB
330
12AB
100
AcDbEntity
  8
0
 62
7
370
35
 48
0.244844
100
AcDbLine
 10
2288.906867524107
 20
1800.435630199368
 30
0.0
 11
2298.700630524107
 21
1800.435630199368
 31
0.0
  0
LINE
  5
12DC
330
12AB
100
AcDbEntity
  8
0
 62
7
370
35
 48
0.025
100
AcDbLine
 10
2288.906867524107
 20
1800.435630199368
 30
0.0
 11
2288.906867524107
 21
1799.435630199369
 31
0.0
  0
LINE
  5
12DD
330
12AB
100
AcDbEntity
  8
0
 62
7
370
35
 48
0.224802
100
AcDbLine
 10
2288.906867524107
 20
1799.435630199369
 30
0.0
 11
2297.898933524107
 21
1799.435630199369
 31
0.0
  0
POLYLINE
  5
12DE
330
12AB
100
AcDbEntity
  8
0
 62
7
370
35
100
AcDb2dPolyline
 66
1
 10
0.0
 20
0.0
 30
0.0
 70
0
  0
VERTEX
  5
12DF
330
12DE
100
AcDbEntity
  8
0
370
0
100
AcDbVertex
100
AcDb2dVertex
 10
2297.898933524107
 20
1799.435630199369
 30
0.0
 70
0
  0
VERTEX
  5
12E0
330
12DE
100
AcDbEntity
  8
0
370
0
100
AcDbVertex
100
AcDb2dVertex
 10
2296.422248524107
 20
1797.538749199368
 30
0.0
 70
0
  0
VERTEX
  5
12E1
330
12DE
100
AcDbEntity
  8
0
370
0
100
AcDbVertex
100
AcDb2dVertex
 10
2294.331428524107
 20
1794.877647199368
 30
0.0
 70
0
  0
VERTEX
  5
12E2
330
12DE
100
AcDbEntity
  8
0
370
0
100
AcDbVertex
100
AcDb2dVertex
 10
2291.763191524108
 20
1791.769371199368
 30
0.0
 70
0
  0
VERTEX
  5
12E3
330
12DE
100
AcDbEntity
  8
0
370
0
100
AcDbVertex
100
AcDb2dVertex
 10
2289.088020524107
 20
1788.646934199368
 30
0.0
 70
0
  0
VERTEX
  5
12E4
330
12DE
100
AcDbEntity
  8
0
370
0
100
AcDbVertex
100
AcDb2dVertex
 10
2288.044685524107
 20
1787.414634199368
 30
0.0
 70
0
  0
VERTEX
  5
12E5
330
12DE
100
AcDbEntity
  8
0
370
0
100
AcDbVertex
100
AcDb2dVertex
 10
2286.959785524107
 20
1786.075187199369
 30
0.0
 70
0
  0
VERTEX
  5
12E6
330
12DE
100
AcDbEntity
  8
0
370
0
100
AcDbVertex
100
AcDb2dVertex
 10
2286.221748524107
 20
1785.083274199368
 30
0.0
 70
0
  0
VERTEX
  5
12E7
330
12DE
100
AcDbEntity
  8
0
370
0
100
AcDbVertex
100
AcDb2dVertex
 10
2285.488044524107
 20
1783.939872199368
 30
0.0
 70
0
  0
VERTEX
  5
12E8
330
12DE
100
AcDbEntity
  8
0
370
0
100
AcDbVertex
100
AcDb2dVertex
 10
2285.173164524107
 20
1783.343345199368
 30
0.0
 70
0
  0
SEQEND
  5
12E9
330
12DE
100
AcDbEntity
  8
0
370
0
  0
LINE
  5
12EA
330
12AB
100
AcDbEntity
  8
0
 62
7
370
35
 48
0.031093
100
AcDbLine
 10
2285.173164524107
 20
1783.343345199368
 30
0.0
 11
2284.632514524107
 21
1782.223289199368
 31
0.0
  0
LINE
  5
12EB
330
12AB
100
AcDbEntity
  8
0
 62
7
370
35
 48
0.008403
100
AcDbLine
 10
2284.632514524107
 20
1782.223289199368
 30
0.0
 11
2284.296394524107
 21
1782.223289199368
 31
0.0
  0
LINE
  5
12EC
330
12AB
100
AcDbEntity
  8
0
 62
7
370
35
100
AcDbLine
 10
2284.296394524107
 20
1782.223289199368
 30
0.0
 11
2284.296394524107
 21
1806.242088199368
 31
0.0
  0
LINE
  5
12ED
330
12AB
100
AcDbEntity
  8
0
 62
7
370
35
 48
0.05
100
AcDbLine
 10
2284.296394524107
 20
1806.242088199368
 30
0.0
 11
2282.296394524107
 21
1806.242088199368
 31
0.0
  0
LINE
  5
12EE
330
12AB
100
AcDbEntity
  8
0
 62
7
370
35
100
AcDbLine
 10
2282.296394524107
 20
1782.223289199368
 30
0.0
 11
2282.296394524107
 21
1806.242088199368
 31
0.0
  0
LINE
  5
12EF
330
12AB
100
AcDbEntity
  8
0
 62
7
370
35
 48
0.008403
100
AcDbLine
 10
2282.296394524107
 20
1782.223289199368
 30
0.0
 11
2281.960273524107
 21
1782.223289199368
 31
0.0
  0
LINE
  5
12F0
330
12AB
100
AcDbEntity
  8
0
 62
7
370
35
 48
0.031093
100
AcDbLine
 10
2281.419624524107
 20
1783.343345199368
 30
0.0
 11
2281.960273524107
 21
1782.223289199368
 31
0.0
  0
POLYLINE
  5
12F1
330
12AB
100
AcDbEntity
  8
0
 62
7
370
35
100
AcDb2dPolyline
 66
1
 10
0.0
 20
0.0
 30
0.0
 70
0
  0
VERTEX
  5
12F2
330
12F1
100
AcDbEntity
  8
0
370
0
100
AcDbVertex
100
AcDb2dVertex
 10
2268.693855524107
 20
1799.435630199369
 30
0.0
 70
0
  0
VERTEX
  5
12F3
330
12F1
100
AcDbEntity
  8
0
370
0
100
AcDbVertex
100
AcDb2dVertex
 10
2270.170539524107
 20
1797.538749199368
 30
0.0
 70
0
  0
VERTEX
  5
12F4
330
12F1
100
AcDbEntity
  8
0
370
0
100
AcDbVertex
100
AcDb2dVertex
 10
2272.261360524107
 20
1794.877647199368
 30
0.0
 70
0
  0
VERTEX
  5
12F5
330
12F1
100
AcDbEntity
  8
0
370
0
100
AcDbVertex
100
AcDb2dVertex
 10
2274.829597524107
 20
1791.769371199368
 30
0.0
 70
0
  0
VERTEX
  5
12F6
330
12F1
100
AcDbEntity
  8
0
370
0
100
AcDbVertex
100
AcDb2dVertex
 10
2277.504768524107
 20
1788.646934199368
 30
0.0
 70
0
  0
VERTEX
  5
12F7
330
12F1
100
AcDbEntity
  8
0
370
0
100
AcDbVertex
100
AcDb2dVertex
 10
2278.548103524107
 20
1787.414634199368
 30
0.0
 70
0
  0
VERTEX
  5
12F8
330
12F1
100
AcDbEntity
  8
0
370
0
100
AcDbVertex
100
AcDb2dVertex
 10
2279.633003524107
 20
1786.075187199369
 30
0.0
 70
0
  0
VERTEX
  5
12F9
330
12F1
100
AcDbEntity
  8
0
370
0
100
AcDbVertex
100
AcDb2dVertex
 10
2280.371040524107
 20
1785.083274199368
 30
0.0
 70
0
  0
VERTEX
  5
12FA
330
12F1
100
AcDbEntity
  8
0
370
0
100
AcDbVertex
100
AcDb2dVertex
 10
2281.104743524107
 20
1783.939872199368
 30
0.0
 70
0
  0
VERTEX
  5
12FB
330
12F1
100
AcDbEntity
  8
0
370
0
100
AcDbVertex
100
AcDb2dVertex
 10
2281.419624524107
 20
1783.343345199368
 30
0.0
 70
0
  0
SEQEND
  5
12FC
330
12F1
100
AcDbEntity
  8
0
370
0
  0
LINE
  5
12FD
330
12AB
100
AcDbEntity
  8
0
 62
7
370
35
 48
0.224802
100
AcDbLine
 10
2277.685920524107
 20
1799.435630199369
 30
0.0
 11
2268.693855524107
 21
1799.435630199369
 31
0.0
  0
LINE
  5
12FE
330
12AB
100
AcDbEntity
  8
0
 62
7
370
35
 48
0.025
100
AcDbLine
 10
2277.685920524107
 20
1800.435630199368
 30
0.0
 11
2277.685920524107
 21
1799.435630199369
 31
0.0
  0
LINE
  5
12FF
330
12AB
100
AcDbEntity
  8
0
 62
7
370
35
 48
0.244844
100
AcDbLine
 10
2277.685920524107
 20
1800.435630199368
 30
0.0
 11
2267.892158524107
 21
1800.435630199368
 31
0.0
  0
POLYLINE
  5
1300
330
12AB
100
AcDbEntity
  8
0
 62
7
370
35
100
AcDb2dPolyline
 66
1
 10
0.0
 20
0.0
 30
0.0
 70
0
  0
VERTEX
  5
1301
330
1300
100
AcDbEntity
  8
0
370
0
100
AcDbVertex
100
AcDb2dVertex
 10
2261.042671524107
 20
1807.935630199368
 30
0.0
 70
0
  0
VERTEX
  5
1302
330
1300
100
AcDbEntity
  8
0
370
0
100
AcDbVertex
100
AcDb2dVertex
 10
2263.445381524107
 20
1805.454856199369
 30
0.0
 70
0
  0
VERTEX
  5
1303
330
1300
100
AcDbEntity
  8
0
370
0
100
AcDbVertex
100
AcDb2dVertex
 10
2265.287788524107
 20
1803.466636199368
 30
0.0
 70
0
  0
VERTEX
  5
1304
330
1300
100
AcDbEntity
  8
0
370
0
100
AcDbVertex
100
AcDb2dVertex
 10
2267.528633524107
 20
1800.878013199368
 30
0.0
 70
0
  0
VERTEX
  5
1305
330
1300
100
AcDbEntity
  8
0
370
0
100
AcDbVertex
100
AcDb2dVertex
 10
2267.892158524107
 20
1800.435630199368
 30
0.0
 70
0
  0
SEQEND
  5
1306
330
1300
100
AcDbEntity
  8
0
370
0
  0
LINE
  5
1307
330
12AB
100
AcDbEntity
  8
0
 62
7
370
35
 48
0.300435
100
AcDbLine
 10
2273.060066524108
 20
1807.935630199368
 30
0.0
 11
2261.042671524107
 21
1807.935630199368
 31
0.0
  0
LINE
  5
1308
330
12AB
100
AcDbEntity
  8
0
 62
7
370
35
 48
0.025
100
AcDbLine
 10
2273.060066524108
 20
1808.935630199368
 30
0.0
 11
2273.060066524108
 21
1807.935630199368
 31
0.0
  0
LINE
  5
1309
330
12AB
100
AcDbEntity
  8
0
 62
7
370
35
 48
0.324976
100
AcDbLine
 10
2273.060066524108
 20
1808.935630199368
 30
0.0
 11
2260.061042524107
 21
1808.935630199368
 31
0.0
  0
POLYLINE
  5
130A
330
12AB
100
AcDbEntity
  8
0
 62
7
370
35
100
AcDb2dPolyline
 66
1
 10
0.0
 20
0.0
 30
0.0
 70
0
  0
VERTEX
  5
130B
330
130A
100
AcDbEntity
  8
0
370
0
100
AcDbVertex
100
AcDb2dVertex
 10
2253.324958524107
 20
1818.400810199369
 30
0.0
 70
0
  0
VERTEX
  5
130C
330
130A
100
AcDbEntity
  8
0
370
0
100
AcDbVertex
100
AcDb2dVertex
 10
2253.476875524107
 20
1817.616355199367
 30
0.0
 70
0
  0
VERTEX
  5
130D
330
130A
100
AcDbEntity
  8
0
370
0
100
AcDbVertex
100
AcDb2dVertex
 10
2253.638374524107
 20
1817.109184199368
 30
0.0
 70
0
  0
VERTEX
  5
130E
330
130A
100
AcDbEntity
  8
0
370
0
100
AcDbVertex
100
AcDb2dVertex
 10
2253.887641524107
 20
1816.507377199368
 30
0.0
 70
0
  0
VERTEX
  5
130F
330
130A
100
AcDbEntity
  8
0
370
0
100
AcDbVertex
100
AcDb2dVertex
 10
2254.186592524107
 20
1815.917472199368
 30
0.0
 70
0
  0
VERTEX
  5
1310
330
130A
100
AcDbEntity
  8
0
370
0
100
AcDbVertex
100
AcDb2dVertex
 10
2254.525703524107
 20
1815.340110199368
 30
0.0
 70
0
  0
VERTEX
  5
1311
330
130A
100
AcDbEntity
  8
0
370
0
100
AcDbVertex
100
AcDb2dVertex
 10
2254.896919524107
 20
1814.775230199368
 30
0.0
 70
0
  0
VERTEX
  5
1312
330
130A
100
AcDbEntity
  8
0
370
0
100
AcDbVertex
100
AcDb2dVertex
 10
2255.415351524107
 20
1814.060630199368
 30
0.0
 70
0
  0
VERTEX
  5
1313
330
130A
100
AcDbEntity
  8
0
370
0
100
AcDbVertex
100
AcDb2dVertex
 10
2255.965888524107
 20
1813.363609199369
 30
0.0
 70
0
  0
VERTEX
  5
1314
330
130A
100
AcDbEntity
  8
0
370
0
100
AcDbVertex
100
AcDb2dVertex
 10
2256.698310524107
 20
1812.499839199368
 30
0.0
 70
0
  0
VERTEX
  5
1315
330
130A
100
AcDbEntity
  8
0
370
0
100
AcDbVertex
100
AcDb2dVertex
 10
2257.456794524107
 20
1811.655082199368
 30
0.0
 70
0
  0
VERTEX
  5
1316
330
130A
100
AcDbEntity
  8
0
370
0
100
AcDbVertex
100
AcDb2dVertex
 10
2258.514595524107
 20
1810.528282199368
 30
0.0
 70
0
  0
VERTEX
  5
1317
330
130A
100
AcDbEntity
  8
0
370
0
100
AcDbVertex
100
AcDb2dVertex
 10
2260.061042524107
 20
1808.935630199368
 30
0.0
 70
0
  0
SEQEND
  5
1318
330
130A
100
AcDbEntity
  8
0
370
0
  0
LINE
  5
1319
330
12AB
100
AcDbEntity
  8
0
 62
7
370
35
 48
0.297311
100
AcDbLine
 10
2265.217414524107
 20
1818.400810199369
 30
0.0
 11
2253.324958524107
 21
1818.400810199369
 31
0.0
  0
LINE
  5
131A
330
12AB
100
AcDbEntity
  8
0
 62
7
370
35
 48
0.025
100
AcDbLine
 10
2265.217414524107
 20
1819.400810199368
 30
0.0
 11
2265.217414524107
 21
1818.400810199369
 31
0.0
  0
LINE
  5
131B
330
12AB
100
AcDbEntity
  8
0
 62
7
370
35
 48
0.297188
100
AcDbLine
 10
2265.217414524107
 20
1819.400810199368
 30
0.0
 11
2253.329902524107
 21
1819.400810199368
 31
0.0
  0
POLYLINE
  5
131C
330
12AB
100
AcDbEntity
  8
0
 62
7
370
35
100
AcDb2dPolyline
 66
1
 10
0.0
 20
0.0
 30
0.0
 70
0
  0
VERTEX
  5
131D
330
131C
100
AcDbEntity
  8
0
370
0
100
AcDbVertex
100
AcDb2dVertex
 10
2270.849861524107
 20
1827.701561199368
 30
0.0
 70
0
  0
VERTEX
  5
131E
330
131C
100
AcDbEntity
  8
0
370
0
100
AcDbVertex
100
AcDb2dVertex
 10
2267.095039524107
 20
1826.706291199369
 30
0.0
 70
0
  0
VERTEX
  5
131F
330
131C
100
AcDbEntity
  8
0
370
0
100
AcDbVertex
100
AcDb2dVertex
 10
2265.204658524107
 20
1826.158897199368
 30
0.0
 70
0
  0
VERTEX
  5
1320
330
131C
100
AcDbEntity
  8
0
370
0
100
AcDbVertex
100
AcDb2dVertex
 10
2263.313789524107
 20
1825.572044199368
 30
0.0
 70
0
  0
VERTEX
  5
1321
330
131C
100
AcDbEntity
  8
0
370
0
100
AcDbVertex
100
AcDb2dVertex
 10
2260.816841524107
 20
1824.716240199368
 30
0.0
 70
0
  0
VERTEX
  5
1322
330
131C
100
AcDbEntity
  8
0
370
0
100
AcDbVertex
100
AcDb2dVertex
 10
2259.166267524107
 20
1824.077781199369
 30
0.0
 70
0
  0
VERTEX
  5
1323
330
131C
100
AcDbEntity
  8
0
370
0
100
AcDbVertex
100
AcDb2dVertex
 10
2257.579170524107
 20
1823.377647199368
 30
0.0
 70
0
  0
VERTEX
  5
1324
330
131C
100
AcDbEntity
  8
0
370
0
100
AcDbVertex
100
AcDb2dVertex
 10
2256.781196524107
 20
1822.976982199368
 30
0.0
 70
0
  0
VERTEX
  5
1325
330
131C
100
AcDbEntity
  8
0
370
0
100
AcDbVertex
100
AcDb2dVertex
 10
2255.635322524107
 20
1822.308372199369
 30
0.0
 70
0
  0
VERTEX
  5
1326
330
131C
100
AcDbEntity
  8
0
370
0
100
AcDbVertex
100
AcDb2dVertex
 10
2255.054145524107
 20
1821.901084199368
 30
0.0
 70
0
  0
VERTEX
  5
1327
330
131C
100
AcDbEntity
  8
0
370
0
100
AcDbVertex
100
AcDb2dVertex
 10
2254.518013524107
 20
1821.453392199369
 30
0.0
 70
0
  0
VERTEX
  5
1328
330
131C
100
AcDbEntity
  8
0
370
0
100
AcDbVertex
100
AcDb2dVertex
 10
2254.049018524107
 20
1820.959587199368
 30
0.0
 70
0
  0
VERTEX
  5
1329
330
131C
100
AcDbEntity
  8
0
370
0
100
AcDbVertex
100
AcDb2dVertex
 10
2253.671211524107
 20
1820.409904199368
 30
0.0
 70
0
  0
VERTEX
  5
132A
330
131C
100
AcDbEntity
  8
0
370
0
100
AcDbVertex
100
AcDb2dVertex
 10
2253.420295524107
 20
1819.816276199368
 30
0.0
 70
0
  0
VERTEX
  5
132B
330
131C
100
AcDbEntity
  8
0
370
0
100
AcDbVertex
100
AcDb2dVertex
 10
2253.329902524107
 20
1819.400810199368
 30
0.0
 70
0
  0
SEQEND
  5
132C
330
131C
100
AcDbEntity
  8
0
370
0
  0
LINE
  5
132D
330
12AB
100
AcDbEntity
  8
0
 62
7
370
35
 48
0.320792
100
AcDbLine
 10
2270.849861524107
 20
1827.701561199368
 30
0.0
 11
2283.296394524107
 21
1830.821769199368
 31
0.0
  0
LINE
  5
132E
330
12AB
100
AcDbEntity
  8
0
 62
7
370
35
 48
0.320792
100
AcDbLine
 10
2295.742927524107
 20
1827.701561199368
 30
0.0
 11
2283.296394524107
 21
1830.821769199368
 31
0.0
  0
ENDBLK
  5
12AD
330
12AB
100
AcDbEntity
  8
0
100
AcDbBlockEnd
  0
BLOCK
  5
1332
330
1331
100
AcDbEntity
  8
0
100
AcDbBlockBegin
  2
PART_001
 70
0
 10
0.0
 20
0.0
 30
0.0
  3
PART_001
  1

  0
ARC
  5
1334
330
1331
100
AcDbEntity
  8
0
 62
7
370
35
100
AcDbCircle
 10
2197.222533753074
 20
1791.386487295503
 30
0.0
 40
11.483274
100
AcDbArc
 50
43.20706599999776
 51
136.792952000003
  0
POLYLINE
  5
1335
330
1331
100
AcDbEntity
  8
0
 62
7
370
35
100
AcDb2dPolyline
 66
1
 10
0.0
 20
0.0
 30
0.0
 70
0
  0
VERTEX
  5
1336
330
1335
100
AcDbEntity
  8
0
370
0
100
AcDbVertex
100
AcDb2dVertex
 10
2183.391540753075
 20
1800.271207295503
 30
0.0
 70
0
  0
VERTEX
  5
1337
330
1335
100
AcDbEntity
  8
0
370
0
100
AcDbVertex
100
AcDb2dVertex
 10
2185.338378753074
 20
1799.853513295503
 30
0.0
 70
0
  0
VERTEX
  5
1338
330
1335
100
AcDbEntity
  8
0
370
0
100
AcDbVertex
100
AcDb2dVertex
 10
2187.095275753074
 20
1799.522550295504
 30
0.0
 70
0
  0
VERTEX
  5
1339
330
1335
100
AcDbEntity
  8
0
370
0
100
AcDbVertex
100
AcDb2dVertex
 10
2188.852599753074
 20
1799.248350295503
 30
0.0
 70
0
  0
SEQEND
  5
133A
330
1335
100
AcDbEntity
  8
0
370
0
  0
LINE
  5
133B
330
1331
100
AcDbEntity
  8
0
 62
7
370
35
 48
0.0838
100
AcDbLine
 10
2182.809508753074
 20
1796.970136295503
 30
0.0
 11
2183.391540753075
 21
1800.271207295503
 31
0.0
  0
LINE
  5
133C
330
1331
100
AcDbEntity
  8
0
 62
7
370
35
 48
0.025
100
AcDbLine
 10
2181.824706753074
 20
1797.143781295503
 30
0.0
 11
2182.809508753074
 21
1796.970136295503
 31
0.0
  0
LINE
  5
133D
330
1331
100
AcDbEntity
  8
0
 62
7
370
35
 48
0.084981
100
AcDbLine
 10
2181.824706753074
 20
1797.143781295503
 30
0.0
 11
2182.414977753074
 21
1800.491376295503
 31
0.0
  0
POLYLINE
  5
133E
330
1331
100
AcDbEntity
  8
0
 62
7
370
35
100
AcDb2dPolyline
 66
1
 10
0.0
 20
0.0
 30
0.0
 70
0
  0
VERTEX
  5
133F
330
133E
100
AcDbEntity
  8
0
370
0
100
AcDbVertex
100
AcDb2dVertex
 10
2167.695434753074
 20
1802.178510295503
 30
0.0
 70
0
  0
VERTEX
  5
1340
330
133E
100
AcDbEntity
  8
0
370
0
100
AcDbVertex
100
AcDb2dVertex
 10
2168.453307753074
 20
1802.221692295503
 30
0.0
 70
0
  0
VERTEX
  5
1341
330
133E
100
AcDbEntity
  8
0
370
0
100
AcDbVertex
100
AcDb2dVertex
 10
2170.407653753074
 20
1802.246610295503
 30
0.0
 70
0
  0
VERTEX
  5
1342
330
133E
100
AcDbEntity
  8
0
370
0
100
AcDbVertex
100
AcDb2dVertex
 10
2172.363036753075
 20
1802.161863295503
 30
0.0
 70
0
  0
VERTEX
  5
1343
330
133E
100
AcDbEntity
  8
0
370
0
100
AcDbVertex
100
AcDb2dVertex
 10
2173.770629753075
 20
1802.041440295503
 30
0.0
 70
0
  0
VERTEX
  5
1344
330
133E
100
AcDbEntity
  8
0
370
0
100
AcDbVertex
100
AcDb2dVertex
 10
2175.324157753074
 20
1801.856885295504
 30
0.0
 70
0
  0
VERTEX
  5
1345
330
133E
100
AcDbEntity
  8
0
370
0
100
AcDbVertex
100
AcDb2dVertex
 10
2176.872985753075
 20
1801.623563295503
 30
0.0
 70
0
  0
VERTEX
  5
1346
330
133E
100
AcDbEntity
  8
0
370
0
100
AcDbVertex
100
AcDb2dVertex
 10
2178.567565753074
 20
1801.318250295503
 30
0.0
 70
0
  0
VERTEX
  5
1347
330
133E
100
AcDbEntity
  8
0
370
0
100
AcDbVertex
100
AcDb2dVertex
 10
2180.254271753074
 20
1800.972211295503
 30
0.0
 70
0
  0
VERTEX
  5
1348
330
133E
100
AcDbEntity
  8
0
370
0
100
AcDbVertex
100
AcDb2dVertex
 10
2182.414977753074
 20
1800.491376295503
 30
0.0
 70
0
  0
SEQEND
  5
1349
330
133E
100
AcDbEntity
  8
0
370
0
  0
LINE
  5
134A
330
1331
100
AcDbEntity
  8
0
 62
7
370
35
 48
0.061905
100
AcDbLine
 10
2167.911254753075
 20
1799.711713295504
 30
0.0
 11
2167.695434753074
 21
1802.178510295503
 31
0.0
  0
LINE
  5
134B
330
1331
100
AcDbEntity
  8
0
 62
7
370
35
 48
0.025001
100
AcDbLine
 10
2166.915038753074
 20
1799.624555295503
 30
0.0
 11
2167.911254753075
 21
1799.711713295504
 31
0.0
  0
LINE
  5
134C
330
1331
100
AcDbEntity
  8
0
 62
7
370
35
 48
0.061863
100
AcDbLine
 10
2166.915038753074
 20
1799.624555295503
 30
0.0
 11
2166.699401753074
 21
1802.089658295503
 31
0.0
  0
POLYLINE
  5
134D
330
1331
100
AcDbEntity
  8
0
 62
7
370
35
100
AcDb2dPolyline
 66
1
 10
0.0
 20
0.0
 30
0.0
 70
0
  0
VERTEX
  5
134E
330
134D
100
AcDbEntity
  8
0
370
0
100
AcDbVertex
100
AcDb2dVertex
 10
2152.291503753074
 20
1795.855497295503
 30
0.0
 70
0
  0
VERTEX
  5
134F
330
134D
100
AcDbEntity
  8
0
370
0
100
AcDbVertex
100
AcDb2dVertex
 10
2154.758056753074
 20
1797.183744295503
 30
0.0
 70
0
  0
VERTEX
  5
1350
330
134D
100
AcDbEntity
  8
0
370
0
100
AcDbVertex
100
AcDb2dVertex
 10
2155.835875753074
 20
1797.803068295503
 30
0.0
 70
0
  0
VERTEX
  5
1351
330
134D
100
AcDbEntity
  8
0
370
0
100
AcDbVertex
100
AcDb2dVertex
 10
2158.002074753074
 20
1799.045637295504
 30
0.0
 70
0
  0
VERTEX
  5
1352
330
134D
100
AcDbEntity
  8
0
370
0
100
AcDbVertex
100
AcDb2dVertex
 10
2159.101684753074
 20
1799.640653295503
 30
0.0
 70
0
  0
VERTEX
  5
1353
330
134D
100
AcDbEntity
  8
0
370
0
100
AcDbVertex
100
AcDb2dVertex
 10
2160.671752753074
 20
1800.409192295504
 30
0.0
 70
0
  0
VERTEX
  5
1354
330
134D
100
AcDbEntity
  8
0
370
0
100
AcDbVertex
100
AcDb2dVertex
 10
2162.033629753075
 20
1800.976117295504
 30
0.0
 70
0
  0
VERTEX
  5
1355
330
134D
100
AcDbEntity
  8
0
370
0
100
AcDbVertex
100
AcDb2dVertex
 10
2162.874206753075
 20
1801.272886295503
 30
0.0
 70
0
  0
VERTEX
  5
1356
330
134D
100
AcDbEntity
  8
0
370
0
100
AcDbVertex
100
AcDb2dVertex
 10
2163.725585753074
 20
1801.529752295504
 30
0.0
 70
0
  0
VERTEX
  5
1357
330
134D
100
AcDbEntity
  8
0
370
0
100
AcDbVertex
100
AcDb2dVertex
 10
2164.586913753074
 20
1801.744306295503
 30
0.0
 70
0
  0
VERTEX
  5
1358
330
134D
100
AcDbEntity
  8
0
370
0
100
AcDbVertex
100
AcDb2dVertex
 10
2165.456603753074
 20
1801.915998295503
 30
0.0
 70
0
  0
VERTEX
  5
1359
330
134D
100
AcDbEntity
  8
0
370
0
100
AcDbVertex
100
AcDb2dVertex
 10
2166.699401753074
 20
1802.089658295503
 30
0.0
 70
0
  0
SEQEND
  5
135A
330
134D
100
AcDbEntity
  8
0
370
0
  0
LINE
  5
135B
330
1331
100
AcDbEntity
  8
0
 62
7
370
35
 48
0.039317
100
AcDbLine
 10
2152.291503753074
 20
1795.855497295503
 30
0.0
 11
2152.829406753074
 21
1794.377683295504
 31
0.0
  0
LINE
  5
135C
330
1331
100
AcDbEntity
  8
0
 62
7
370
35
 48
0.025
100
AcDbLine
 10
2151.889708753075
 20
1794.035657295503
 30
0.0
 11
2152.829406753074
 21
1794.377683295504
 31
0.0
  0
LINE
  5
135D
330
1331
100
AcDbEntity
  8
0
 62
7
370
35
 48
0.036558
100
AcDbLine
 10
2151.389586753074
 20
1795.409803295503
 30
0.0
 11
2151.889708753075
 21
1794.035657295503
 31
0.0
  0
POLYLINE
  5
135E
330
1331
100
AcDbEntity
  8
0
 62
7
370
35
100
AcDb2dPolyline
 66
1
 10
0.0
 20
0.0
 30
0.0
 70
0
  0
VERTEX
  5
135F
330
135E
100
AcDbEntity
  8
0
370
0
100
AcDbVertex
100
AcDb2dVertex
 10
2146.748717753074
 20
1793.320997295503
 30
0.0
 70
0
  0
VERTEX
  5
1360
330
135E
100
AcDbEntity
  8
0
370
0
100
AcDbVertex
100
AcDb2dVertex
 10
2149.850646753074
 20
1794.688932295503
 30
0.0
 70
0
  0
VERTEX
  5
1361
330
135E
100
AcDbEntity
  8
0
370
0
100
AcDbVertex
100
AcDb2dVertex
 10
2151.389586753074
 20
1795.409803295503
 30
0.0
 70
0
  0
SEQEND
  5
1362
330
135E
100
AcDbEntity
  8
0
370
0
  0
LINE
  5
1363
330
1331
100
AcDbEntity
  8
0
 62
7
370
35
 48
0.014669
100
AcDbLine
 10
2146.748717753074
 20
1793.320997295503
 30
0.0
 11
2146.949401753074
 21
1792.769620295503
 31
0.0
  0
LINE
  5
1364
330
1331
100
AcDbEntity
  8
0
 62
7
370
35
 48
0.063442
100
AcDbLine
 10
2149.334044753074
 20
1793.637571295503
 30
0.0
 11
2146.949401753074
 21
1792.769620295503
 31
0.0
  0
LINE
  5
1365
330
1331
100
AcDbEntity
  8
0
 62
7
370
35
 48
0.025
100
AcDbLine
 10
2149.334044753074
 20
1793.637571295503
 30
0.0
 11
2149.676024753074
 21
1792.697873295503
 31
0.0
  0
LINE
  5
1366
330
1331
100
AcDbEntity
  8
0
 62
7
370
35
 48
0.063442
100
AcDbLine
 10
2149.676024753074
 20
1792.697873295503
 30
0.0
 11
2147.291381753074
 21
1791.829923295503
 31
0.0
  0
LINE
  5
1367
330
1331
100
AcDbEntity
  8
0
 62
7
370
35
 48
0.020178
100
AcDbLine
 10
2147.291381753074
 20
1791.829923295503
 30
0.0
 11
2147.567443753074
 21
1791.071485295503
 31
0.0
  0
POLYLINE
  5
1368
330
1331
100
AcDbEntity
  8
0
 62
7
370
35
100
AcDb2dPolyline
 66
1
 10
0.0
 20
0.0
 30
0.0
 70
0
  0
VERTEX
  5
1369
330
1368
100
AcDbEntity
  8
0
370
0
100
AcDbVertex
100
AcDb2dVertex
 10
2147.567443753074
 20
1791.071485295503
 30
0.0
 70
0
  0
VERTEX
  5
136A
330
1368
100
AcDbEntity
  8
0
370
0
100
AcDbVertex
100
AcDb2dVertex
 10
2149.147887753074
 20
1791.534421295503
 30
0.0
 70
0
  0
VERTEX
  5
136B
330
1368
100
AcDbEntity
  8
0
370
0
100
AcDbVertex
100
AcDb2dVertex
 10
2150.724975753074
 20
1792.029874295504
 30
0.0
 70
0
  0
VERTEX
  5
136C
330
1368
100
AcDbEntity
  8
0
370
0
100
AcDbVertex
100
AcDb2dVertex
 10
2153.080687753075
 20
1792.859342295503
 30
0.0
 70
0
  0
VERTEX
  5
136D
330
1368
100
AcDbEntity
  8
0
370
0
100
AcDbVertex
100
AcDb2dVertex
 10
2155.405517753075
 20
1793.790098295503
 30
0.0
 70
0
  0
VERTEX
  5
136E
330
1368
100
AcDbEntity
  8
0
370
0
100
AcDbVertex
100
AcDb2dVertex
 10
2157.699096753074
 20
1794.731275295503
 30
0.0
 70
0
  0
VERTEX
  5
136F
330
1368
100
AcDbEntity
  8
0
370
0
100
AcDbVertex
100
AcDb2dVertex
 10
2159.025939753075
 20
1795.246366295504
 30
0.0
 70
0
  0
VERTEX
  5
1370
330
1368
100
AcDbEntity
  8
0
370
0
100
AcDbVertex
100
AcDb2dVertex
 10
2160.366637753074
 20
1795.725294295503
 30
0.0
 70
0
  0
VERTEX
  5
1371
330
1368
100
AcDbEntity
  8
0
370
0
100
AcDbVertex
100
AcDb2dVertex
 10
2161.457580753074
 20
1796.076703295504
 30
0.0
 70
0
  0
VERTEX
  5
1372
330
1368
100
AcDbEntity
  8
0
370
0
100
AcDbVertex
100
AcDb2dVertex
 10
2162.562865753074
 20
1796.392713295503
 30
0.0
 70
0
  0
VERTEX
  5
1373
330
1368
100
AcDbEntity
  8
0
370
0
100
AcDbVertex
100
AcDb2dVertex
 10
2164.336425753075
 20
1796.806257295504
 30
0.0
 70
0
  0
VERTEX
  5
1374
330
1368
100
AcDbEntity
  8
0
370
0
100
AcDbVertex
100
AcDb2dVertex
 10
2166.144469753074
 20
1797.098050295504
 30
0.0
 70
0
  0
VERTEX
  5
1375
330
1368
100
AcDbEntity
  8
0
370
0
100
AcDbVertex
100
AcDb2dVertex
 10
2167.127379753075
 20
1797.197629295503
 30
0.0
 70
0
  0
SEQEND
  5
1376
330
1368
100
AcDbEntity
  8
0
370
0
  0
ARC
  5
1377
330
1331
100
AcDbEntity
  8
0
 62
7
370
35
100
AcDbCircle
 10
2168.831725753074
 20
1775.805677295504
 30
0.0
 40
21.45972
100
AcDbArc
 50
91.88377599999268
 51
94.5552330000088
  0
POLYLINE
  5
1378
330
1331
100
AcDbEntity
  8
0
 62
7
370
35
100
AcDb2dPolyline
 66
1
 10
0.0
 20
0.0
 30
0.0
 70
0
  0
VERTEX
  5
1379
330
1378
100
AcDbEntity
  8
0
370
0
100
AcDbVertex
100
AcDb2dVertex
 10
2168.126281753075
 20
1797.253766295503
 30
0.0
 70
0
  0
VERTEX
  5
137A
330
1378
100
AcDbEntity
  8
0
370
0
100
AcDbVertex
100
AcDb2dVertex
 10
2169.434752753074
 20
1797.251890295503
 30
0.0
 70
0
  0
VERTEX
  5
137B
330
1378
100
AcDbEntity
  8
0
370
0
100
AcDbVertex
100
AcDb2dVertex
 10
2170.737609753075
 20
1797.157712295503
 30
0.0
 70
0
  0
VERTEX
  5
137C
330
1378
100
AcDbEntity
  8
0
370
0
100
AcDbVertex
100
AcDb2dVertex
 10
2171.767943753074
 20
1797.016675295503
 30
0.0
 70
0
  0
VERTEX
  5
137D
330
1378
100
AcDbEntity
  8
0
370
0
100
AcDbVertex
100
AcDb2dVertex
 10
2172.788329753075
 20
1796.820814295503
 30
0.0
 70
0
  0
VERTEX
  5
137E
330
1378
100
AcDbEntity
  8
0
370
0
100
AcDbVertex
100
AcDb2dVertex
 10
2173.834227753074
 20
1796.565687295503
 30
0.0
 70
0
  0
VERTEX
  5
137F
330
1378
100
AcDbEntity
  8
0
370
0
100
AcDbVertex
100
AcDb2dVertex
 10
2175.631652753074
 20
1796.015729295504
 30
0.0
 70
0
  0
VERTEX
  5
1380
330
1378
100
AcDbEntity
  8
0
370
0
100
AcDbVertex
100
AcDb2dVertex
 10
2177.144530753075
 20
1795.471052295503
 30
0.0
 70
0
  0
VERTEX
  5
1381
330
1378
100
AcDbEntity
  8
0
370
0
100
AcDbVertex
100
AcDb2dVertex
 10
2180.104186753075
 20
1794.331113295504
 30
0.0
 70
0
  0
VERTEX
  5
1382
330
1378
100
AcDbEntity
  8
0
370
0
100
AcDbVertex
100
AcDb2dVertex
 10
2181.253478753074
 20
1793.904355295504
 30
0.0
 70
0
  0
SEQEND
  5
1383
330
1378
100
AcDbEntity
  8
0
370
0
  0
ARC
  5
1384
330
1331
100
AcDbEntity
  8
0
 62
7
370
35
100
AcDbCircle
 10
2206.753600753074
 20
1864.189924295503
 30
0.0
 40
74.76842399999998
100
AcDbArc
 50
250.0588500000087
 51
250.8359420000117
  0
ARC
  5
1385
330
1331
100
AcDbEntity
  8
0
 62
7
370
35
100
AcDbCircle
 10
2204.538085753074
 20
1857.651746295503
 30
0.0
 40
67.865112
100
AcDbArc
 50
250.7907390000127
 51
253.960186000008
  0
ARC
  5
1386
330
1331
100
AcDbEntity
  8
0
 62
7
370
35
100
AcDbCircle
 10
2197.222533753074
 20
1791.386487295503
 30
0.0
 40
11.483274
100
AcDbArc
 50
174.7923139999995
 51
202.842332999995
  0
LINE
  5
1387
330
1331
100
AcDbEntity
  8
0
 62
7
370
35
 48
0.124193
100
AcDbLine
 10
2191.607543753074
 20
1786.928724295503
 30
0.0
 11
2186.639831753074
 21
1786.928724295503
 31
0.0
  0
LINE
  5
1388
330
1331
100
AcDbEntity
  8
0
 62
7
370
35
 48
0.025
100
AcDbLine
 10
2191.607543753074
 20
1786.928724295503
 30
0.0
 11
2191.607543753074
 21
1785.928724295503
 31
0.0
  0
LINE
  5
1389
330
1331
100
AcDbEntity
  8
0
 62
7
370
35
 48
0.11221
100
AcDbLine
 10
2191.607543753074
 20
1785.928724295503
 30
0.0
 11
2187.119140753074
 21
1785.928724295503
 31
0.0
  0
ARC
  5
138A
330
1331
100
AcDbEntity
  8
0
 62
7
370
35
100
AcDbCircle
 10
2197.222533753074
 20
1791.386487295503
 30
0.0
 40
11.483274
100
AcDbArc
 50
208.3775730000053
 51
265.0041720000001
  0
LINE
  5
138B
330
1331
100
AcDbEntity
  8
0
 62
7
370
35
 48
0.285991
100
AcDbLine
 10
2196.222533753074
 20
1791.386487295503
 30
0.0
 11
2196.222533753074
 21
1779.946836295503
 31
0.0
  0
LINE
  5
138C
330
1331
100
AcDbEntity
  8
0
 62
7
370
35
 48
0.05
100
AcDbLine
 10
2198.222533753074
 20
1791.386487295503
 30
0.0
 11
2196.222533753074
 21
1791.386487295503
 31
0.0
  0
LINE
  5
138D
330
1331
100
AcDbEntity
  8
0
 62
7
370
35
 48
0.285991
100
AcDbLine
 10
2198.222533753074
 20
1791.386487295503
 30
0.0
 11
2198.222533753074
 21
1779.946836295503
 31
0.0
  0
ARC
  5
138E
330
1331
100
AcDbEntity
  8
0
 62
7
370
35
100
AcDbCircle
 10
2197.222533753074
 20
1791.386487295503
 30
0.0
 40
11.483274
100
AcDbArc
 50
274.9958300000055
 51
331.6224289999996
  0
LINE
  5
138F
330
1331
100
AcDbEntity
  8
0
 62
7
370
35
 48
0.11221
100
AcDbLine
 10
2202.837523753074
 20
1785.928724295503
 30
0.0
 11
2207.325927753074
 21
1785.928724295503
 31
0.0
  0
LINE
  5
1390
330
1331
100
AcDbEntity
  8
0
 62
7
370
35
 48
0.025
100
AcDbLine
 10
2202.837523753074
 20
1786.928724295503
 30
0.0
 11
2202.837523753074
 21
1785.928724295503
 31
0.0
  0
LINE
  5
1391
330
1331
100
AcDbEntity
  8
0
 62
7
370
35
 48
0.124193
100
AcDbLine
 10
2202.837523753074
 20
1786.928724295503
 30
0.0
 11
2207.805236753074
 21
1786.928724295503
 31
0.0
  0
ARC
  5
1392
330
1331
100
AcDbEntity
  8
0
 62
7
370
35
100
AcDbCircle
 10
2197.222533753074
 20
1791.386487295503
 30
0.0
 40
11.483274
100
AcDbArc
 50
337.1576700000067
 51
5.207587999997523
  0
ARC
  5
1393
330
1331
100
AcDbEntity
  8
0
 62
7
370
35
100
AcDbCircle
 10
2189.906981753074
 20
1857.651746295503
 30
0.0
 40
67.865112
100
AcDbArc
 50
286.0398159999893
 51
289.2092620000064
  0
ARC
  5
1394
330
1331
100
AcDbEntity
  8
0
 62
7
370
35
100
AcDbCircle
 10
2187.691466753074
 20
1864.189924295503
 30
0.0
 40
74.76842399999998
100
AcDbArc
 50
289.1640600000014
 51
289.9411449999986
  0
POLYLINE
  5
1395
330
1331
100
AcDbEntity
  8
0
 62
7
370
35
100
AcDb2dPolyline
 66
1
 10
0.0
 20
0.0
 30
0.0
 70
0
  0
VERTEX
  5
1396
330
1395
100
AcDbEntity
  8
0
370
0
100
AcDbVertex
100
AcDb2dVertex
 10
2226.318786753075
 20
1797.253766295503
 30
0.0
 70
0
  0
VERTEX
  5
1397
330
1395
100
AcDbEntity
  8
0
370
0
100
AcDbVertex
100
AcDb2dVertex
 10
2225.010314753074
 20
1797.251890295503
 30
0.0
 70
0
  0
VERTEX
  5
1398
330
1395
100
AcDbEntity
  8
0
370
0
100
AcDbVertex
100
AcDb2dVertex
 10
2223.707457753075
 20
1797.157712295503
 30
0.0
 70
0
  0
VERTEX
  5
1399
330
1395
100
AcDbEntity
  8
0
370
0
100
AcDbVertex
100
AcDb2dVertex
 10
2222.677123753074
 20
1797.016675295503
 30
0.0
 70
0
  0
VERTEX
  5
139A
330
1395
100
AcDbEntity
  8
0
370
0
100
AcDbVertex
100
AcDb2dVertex
 10
2221.656737753074
 20
1796.820814295503
 30
0.0
 70
0
  0
VERTEX
  5
139B
330
1395
100
AcDbEntity
  8
0
370
0
100
AcDbVertex
100
AcDb2dVertex
 10
2220.610839753074
 20
1796.565687295503
 30
0.0
 70
0
  0
VERTEX
  5
139C
330
1395
100
AcDbEntity
  8
0
370
0
100
AcDbVertex
100
AcDb2dVertex
 10
2218.813415753075
 20
1796.015729295504
 30
0.0
 70
0
  0
VERTEX
  5
139D
330
1395
100
AcDbEntity
  8
0
370
0
100
AcDbVertex
100
AcDb2dVertex
 10
2217.300536753075
 20
1795.471052295503
 30
0.0
 70
0
  0
VERTEX
  5
139E
330
1395
100
AcDbEntity
  8
0
370
0
100
AcDbVertex
100
AcDb2dVertex
 10
2214.340880753075
 20
1794.331113295504
 30
0.0
 70
0
  0
VERTEX
  5
139F
330
1395
100
AcDbEntity
  8
0
370
0
100
AcDbVertex
100
AcDb2dVertex
 10
2213.191588753074
 20
1793.904355295504
 30
0.0
 70
0
  0
SEQEND
  5
13A0
330
1395
100
AcDbEntity
  8
0
370
0
  0
ARC
  5
13A1
330
1331
100
AcDbEntity
  8
0
 62
7
370
35
100
AcDbCircle
 10
2225.613341753074
 20
1775.805677295504
 30
0.0
 40
21.45972
100
AcDbArc
 50
85.44476499998923
 51
88.11622299999306
  0
POLYLINE
  5
13A2
330
1331
100
AcDbEntity
  8
0
 62
7
370
35
100
AcDb2dPolyline
 66
1
 10
0.0
 20
0.0
 30
0.0
 70
0
  0
VERTEX
  5
13A3
330
13A2
100
AcDbEntity
  8
0
370
0
100
AcDbVertex
100
AcDb2dVertex
 10
2246.877623753074
 20
1791.071485295503
 30
0.0
 70
0
  0
VERTEX
  5
13A4
330
13A2
100
AcDbEntity
  8
0
370
0
100
AcDbVertex
100
AcDb2dVertex
 10
2245.297179753075
 20
1791.534421295503
 30
0.0
 70
0
  0
VERTEX
  5
13A5
330
13A2
100
AcDbEntity
  8
0
370
0
100
AcDbVertex
100
AcDb2dVertex
 10
2243.720092753074
 20
1792.029874295504
 30
0.0
 70
0
  0
VERTEX
  5
13A6
330
13A2
100
AcDbEntity
  8
0
370
0
100
AcDbVertex
100
AcDb2dVertex
 10
2241.364379753075
 20
1792.859342295503
 30
0.0
 70
0
  0
VERTEX
  5
13A7
330
13A2
100
AcDbEntity
  8
0
370
0
100
AcDbVertex
100
AcDb2dVertex
 10
2239.039550753075
 20
1793.790098295503
 30
0.0
 70
0
  0
VERTEX
  5
13A8
330
13A2
100
AcDbEntity
  8
0
370
0
100
AcDbVertex
100
AcDb2dVertex
 10
2236.745971753074
 20
1794.731275295503
 30
0.0
 70
0
  0
VERTEX
  5
13A9
330
13A2
100
AcDbEntity
  8
0
370
0
100
AcDbVertex
100
AcDb2dVertex
 10
2235.419127753074
 20
1795.246366295504
 30
0.0
 70
0
  0
VERTEX
  5
13AA
330
13A2
100
AcDbEntity
  8
0
370
0
100
AcDbVertex
100
AcDb2dVertex
 10
2234.078429753075
 20
1795.725294295503
 30
0.0
 70
0
  0
VERTEX
  5
13AB
330
13A2
100
AcDbEntity
  8
0
370
0
100
AcDbVertex
100
AcDb2dVertex
 10
2232.987487753074
 20
1796.076703295504
 30
0.0
 70
0
  0
VERTEX
  5
13AC
330
13A2
100
AcDbEntity
  8
0
370
0
100
AcDbVertex
100
AcDb2dVertex
 10
2231.882201753074
 20
1796.392713295503
 30
0.0
 70
0
  0
VERTEX
  5
13AD
330
13A2
100
AcDbEntity
  8
0
370
0
100
AcDbVertex
100
AcDb2dVertex
 10
2230.108642753074
 20
1796.806257295504
 30
0.0
 70
0
  0
VERTEX
  5
13AE
330
13A2
100
AcDbEntity
  8
0
370
0
100
AcDbVertex
100
AcDb2dVertex
 10
2228.300597753074
 20
1797.098050295504
 30
0.0
 70
0
  0
VERTEX
  5
13AF
330
13A2
100
AcDbEntity
  8
0
370
0
100
AcDbVertex
100
AcDb2dVertex
 10
2227.317687753075
 20
1797.197629295503
 30
0.0
 70
0
  0
SEQEND
  5
13B0
330
13A2
100
AcDbEntity
  8
0
370
0
  0
LINE
  5
13B1
330
1331
100
AcDbEntity
  8
0
 62
7
370
35
 48
0.020178
100
AcDbLine
 10
2247.153686753074
 20
1791.829923295503
 30
0.0
 11
2246.877623753074
 21
1791.071485295503
 31
0.0
  0
LINE
  5
13B2
330
1331
100
AcDbEntity
  8
0
 62
7
370
35
 48
0.063442
100
AcDbLine
 10
2244.769042753074
 20
1792.697873295503
 30
0.0
 11
2247.153686753074
 21
1791.829923295503
 31
0.0
  0
LINE
  5
13B3
330
1331
100
AcDbEntity
  8
0
 62
7
370
35
 48
0.025
100
AcDbLine
 10
2245.111022753075
 20
1793.637571295503
 30
0.0
 11
2244.769042753074
 21
1792.697873295503
 31
0.0
  0
LINE
  5
13B4
330
1331
100
AcDbEntity
  8
0
 62
7
370
35
 48
0.063442
100
AcDbLine
 10
2245.111022753075
 20
1793.637571295503
 30
0.0
 11
2247.495665753074
 21
1792.769620295503
 31
0.0
  0
LINE
  5
13B5
330
1331
100
AcDbEntity
  8
0
 62
7
370
35
 48
0.014669
100
AcDbLine
 10
2247.696349753074
 20
1793.320997295503
 30
0.0
 11
2247.495665753074
 21
1792.769620295503
 31
0.0
  0
POLYLINE
  5
13B6
330
1331
100
AcDbEntity
  8
0
 62
7
370
35
100
AcDb2dPolyline
 66
1
 10
0.0
 20
0.0
 30
0.0
 70
0
  0
VERTEX
  5
13B7
330
13B6
100
AcDbEntity
  8
0
370
0
100
AcDbVertex
100
AcDb2dVertex
 10
2247.696349753074
 20
1793.320997295503
 30
0.0
 70
0
  0
VERTEX
  5
13B8
330
13B6
100
AcDbEntity
  8
0
370
0
100
AcDbVertex
100
AcDb2dVertex
 10
2244.594420753074
 20
1794.688932295503
 30
0.0
 70
0
  0
VERTEX
  5
13B9
330
13B6
100
AcDbEntity
  8
0
370
0
100
AcDbVertex
100
AcDb2dVertex
 10
2243.055480753074
 20
1795.409803295503
 30
0.0
 70
0
  0
SEQEND
  5
13BA
330
13B6
100
AcDbEntity
  8
0
370
0
  0
LINE
  5
13BB
330
1331
100
AcDbEntity
  8
0
 62
7
370
35
 48
0.036558
100
AcDbLine
 10
2243.055480753074
 20
1795.409803295503
 30
0.0
 11
2242.555358753074
 21
1794.035657295503
 31
0.0
  0
LINE
  5
13BC
330
1331
100
AcDbEntity
  8
0
 62
7
370
35
 48
0.025
100
AcDbLine
 10
2242.555358753074
 20
1794.035657295503
 30
0.0
 11
2241.615661753074
 21
1794.377683295504
 31
0.0
  0
LINE
  5
13BD
330
1331
100
AcDbEntity
  8
0
 62
7
370
35
 48
0.039317
100
AcDbLine
 10
2242.153563753074
 20
1795.855497295503
 30
0.0
 11
2241.615661753074
 21
1794.377683295504
 31
0.0
  0
POLYLINE
  5
13BE
330
1331
100
AcDbEntity
  8
0
 62
7
370
35
100
AcDb2dPolyline
 66
1
 10
0.0
 20
0.0
 30
0.0
 70
0
  0
VERTEX
  5
13BF
330
13BE
100
AcDbEntity
  8
0
370
0
100
AcDbVertex
100
AcDb2dVertex
 10
2242.153563753074
 20
1795.855497295503
 30
0.0
 70
0
  0
VERTEX
  5
13C0
330
13BE
100
AcDbEntity
  8
0
370
0
100
AcDbVertex
100
AcDb2dVertex
 10
2239.687011753074
 20
1797.183744295503
 30
0.0
 70
0
  0
VERTEX
  5
13C1
330
13BE
100
AcDbEntity
  8
0
370
0
100
AcDbVertex
100
AcDb2dVertex
 10
2238.609191753075
 20
1797.803068295503
 30
0.0
 70
0
  0
VERTEX
  5
13C2
330
13BE
100
AcDbEntity
  8
0
370
0
100
AcDbVertex
100
AcDb2dVertex
 10
2236.442992753074
 20
1799.045637295504
 30
0.0
 70
0
  0
VERTEX
  5
13C3
330
13BE
100
AcDbEntity
  8
0
370
0
100
AcDbVertex
100
AcDb2dVertex
 10
2235.343383753074
 20
1799.640653295503
 30
0.0
 70
0
  0
VERTEX
  5
13C4
330
13BE
100
AcDbEntity
  8
0
370
0
100
AcDbVertex
100
AcDb2dVertex
 10
2233.773314753074
 20
1800.409192295504
 30
0.0
 70
0
  0
VERTEX
  5
13C5
330
13BE
100
AcDbEntity
  8
0
370
0
100
AcDbVertex
100
AcDb2dVertex
 10
2232.411437753075
 20
1800.976117295504
 30
0.0
 70
0
  0
VERTEX
  5
13C6
330
13BE
100
AcDbEntity
  8
0
370
0
100
AcDbVertex
100
AcDb2dVertex
 10
2231.570861753075
 20
1801.272886295503
 30
0.0
 70
0
  0
VERTEX
  5
13C7
330
13BE
100
AcDbEntity
  8
0
370
0
100
AcDbVertex
100
AcDb2dVertex
 10
2230.719481753075
 20
1801.529752295504
 30
0.0
 70
0
  0
VERTEX
  5
13C8
330
13BE
100
AcDbEntity
  8
0
370
0
100
AcDbVertex
100
AcDb2dVertex
 10
2229.858153753074
 20
1801.744306295503
 30
0.0
 70
0
  0
VERTEX
  5
13C9
330
13BE
100
AcDbEntity
  8
0
370
0
100
AcDbVertex
100
AcDb2dVertex
 10
2228.988463753074
 20
1801.915998295503
 30
0.0
 70
0
  0
VERTEX
  5
13CA
330
13BE
100
AcDbEntity
  8
0
370
0
100
AcDbVertex
100
AcDb2dVertex
 10
2227.745665753074
 20
1802.089658295503
 30
0.0
 70
0
  0
SEQEND
  5
13CB
330
13BE
100
AcDbEntity
  8
0
370
0
  0
LINE
  5
13CC
330
1331
100
AcDbEntity
  8
0
 62
7
370
35
 48
0.061863
100
AcDbLine
 10
2227.530028753074
 20
1799.624555295503
 30
0.0
 11
2227.745665753074
 21
1802.089658295503
 31
0.0
  0
LINE
  5
13CD
330
1331
100
AcDbEntity
  8
0
 62
7
370
35
 48
0.025001
100
AcDbLine
 10
2227.530028753074
 20
1799.624555295503
 30
0.0
 11
2226.533812753075
 21
1799.711713295504
 31
0.0
  0
LINE
  5
13CE
330
1331
100
AcDbEntity
  8
0
 62
7
370
35
 48
0.061905
100
AcDbLine
 10
2226.533812753075
 20
1799.711713295504
 30
0.0
 11
2226.749633753074
 21
1802.178510295503
 31
0.0
  0
POLYLINE
  5
13CF
330
1331
100
AcDbEntity
  8
0
 62
7
370
35
100
AcDb2dPolyline
 66
1
 10
0.0
 20
0.0
 30
0.0
 70
0
  0
VERTEX
  5
13D0
330
13CF
100
AcDbEntity
  8
0
370
0
100
AcDbVertex
100
AcDb2dVertex
 10
2226.749633753074
 20
1802.178510295503
 30
0.0
 70
0
  0
VERTEX
  5
13D1
330
13CF
100
AcDbEntity
  8
0
370
0
100
AcDbVertex
100
AcDb2dVertex
 10
2225.991759753075
 20
1802.221692295503
 30
0.0
 70
0
  0
VERTEX
  5
13D2
330
13CF
100
AcDbEntity
  8
0
370
0
100
AcDbVertex
100
AcDb2dVertex
 10
2224.037414753075
 20
1802.246610295503
 30
0.0
 70
0
  0
VERTEX
  5
13D3
330
13CF
100
AcDbEntity
  8
0
370
0
100
AcDbVertex
100
AcDb2dVertex
 10
2222.082030753075
 20
1802.161863295503
 30
0.0
 70
0
  0
VERTEX
  5
13D4
330
13CF
100
AcDbEntity
  8
0
370
0
100
AcDbVertex
100
AcDb2dVertex
 10
2220.674437753075
 20
1802.041440295503
 30
0.0
 70
0
  0
VERTEX
  5
13D5
330
13CF
100
AcDbEntity
  8
0
370
0
100
AcDbVertex
100
AcDb2dVertex
 10
2219.120910753074
 20
1801.856885295504
 30
0.0
 70
0
  0
VERTEX
  5
13D6
330
13CF
100
AcDbEntity
  8
0
370
0
100
AcDbVertex
100
AcDb2dVertex
 10
2217.572081753074
 20
1801.623563295503
 30
0.0
 70
0
  0
VERTEX
  5
13D7
330
13CF
100
AcDbEntity
  8
0
370
0
100
AcDbVertex
100
AcDb2dVertex
 10
2215.877501753074
 20
1801.318250295503
 30
0.0
 70
0
  0
VERTEX
  5
13D8
330
13CF
100
AcDbEntity
  8
0
370
0
100
AcDbVertex
100
AcDb2dVertex
 10
2214.190795753074
 20
1800.972211295503
 30
0.0
 70
0
  0
VERTEX
  5
13D9
330
13CF
100
AcDbEntity
  8
0
370
0
100
AcDbVertex
100
AcDb2dVertex
 10
2212.030089753074
 20
1800.491376295503
 30
0.0
 70
0
  0
SEQEND
  5
13DA
330
13CF
100
AcDbEntity
  8
0
370
0
  0
LINE
  5
13DB
330
1331
100
AcDbEntity
  8
0
 62
7
370
35
 48
0.084981
100
AcDbLine
 10
2212.620360753074
 20
1797.143781295503
 30
0.0
 11
2212.030089753074
 21
1800.491376295503
 31
0.0
  0
LINE
  5
13DC
330
1331
100
AcDbEntity
  8
0
 62
7
370
35
 48
0.025
100
AcDbLine
 10
2212.620360753074
 20
1797.143781295503
 30
0.0
 11
2211.635558753075
 21
1796.970136295503
 31
0.0
  0
LINE
  5
13DD
330
1331
100
AcDbEntity
  8
0
 62
7
370
35
 48
0.0838
100
AcDbLine
 10
2211.635558753075
 20
1796.970136295503
 30
0.0
 11
2211.053527753074
 21
1800.271207295503
 31
0.0
  0
POLYLINE
  5
13DE
330
1331
100
AcDbEntity
  8
0
 62
7
370
35
100
AcDb2dPolyline
 66
1
 10
0.0
 20
0.0
 30
0.0
 70
0
  0
VERTEX
  5
13DF
330
13DE
100
AcDbEntity
  8
0
370
0
100
AcDbVertex
100
AcDb2dVertex
 10
2211.053527753074
 20
1800.271207295503
 30
0.0
 70
0
  0
VERTEX
  5
13E0
330
13DE
100
AcDbEntity
  8
0
370
0
100
AcDbVertex
100
AcDb2dVertex
 10
2209.106688753074
 20
1799.853513295503
 30
0.0
 70
0
  0
VERTEX
  5
13E1
330
13DE
100
AcDbEntity
  8
0
370
0
100
AcDbVertex
100
AcDb2dVertex
 10
2207.349791753074
 20
1799.522550295504
 30
0.0
 70
0
  0
VERTEX
  5
13E2
330
13DE
100
AcDbEntity
  8
0
370
0
100
AcDbVertex
100
AcDb2dVertex
 10
2205.592467753074
 20
1799.248350295503
 30
0.0
 70
0
  0
SEQEND
  5
13E3
330
13DE
100
AcDbEntity
  8
0
370
0
  0
ENDBLK
  5
1333
330
1331
100
AcDbEntity
  8
0
100
AcDbBlockEnd
  0
BLOCK
  5
13E7
330
13E6
100
AcDbEntity
  8
0
100
AcDbBlockBegin
  2
PART_002
 70
0
 10
0.0
 20
0.0
 30
0.0
  3
PART_002
  1

  0
POLYLINE
  5
13E9
330
13E6
100
AcDbEntity
  8
0
 62
7
370
35
100
AcDb2dPolyline
 66
1
 10
0.0
 20
0.0
 30
0.0
 70
0
  0
VERTEX
  5
13EA
330
13E9
100
AcDbEntity
  8
0
370
0
100
AcDbVertex
100
AcDb2dVertex
 10
2187.305615893902
 20
1825.115009082528
 30
0.0
 70
0
  0
VERTEX
  5
13EB
330
13E9
100
AcDbEntity
  8
0
370
0
100
AcDbVertex
100
AcDb2dVertex
 10
2184.696118893902
 20
1825.630329082528
 30
0.0
 70
0
  0
VERTEX
  5
13EC
330
13E9
100
AcDbEntity
  8
0
370
0
100
AcDbVertex
100
AcDb2dVertex
 10
2183.126050893902
 20
1825.986836082529
 30
0.0
 70
0
  0
SEQEND
  5
13ED
330
13E9
100
AcDbEntity
  8
0
370
0
  0
LINE
  5
13EE
330
13E6
100
AcDbEntity
  8
0
 62
7
370
35
 48
0.065546
100
AcDbLine
 10
2182.675122893902
 20
1823.404057082528
 30
0.0
 11
2183.126050893902
 21
1825.986836082529
 31
0.0
  0
LINE
  5
13EF
330
13E6
100
AcDbEntity
  8
0
 62
7
370
35
 48
0.025
100
AcDbLine
 10
2181.690320893902
 20
1823.577702082528
 30
0.0
 11
2182.675122893902
 21
1823.404057082528
 31
0.0
  0
LINE
  5
13F0
330
13E6
100
AcDbEntity
  8
0
 62
7
370
35
 48
0.066994
100
AcDbLine
 10
2181.690320893902
 20
1823.577702082528
 30
0.0
 11
2182.151196893902
 21
1826.217533082528
 31
0.0
  0
POLYLINE
  5
13F1
330
13E6
100
AcDbEntity
  8
0
 62
7
370
35
100
AcDb2dPolyline
 66
1
 10
0.0
 20
0.0
 30
0.0
 70
0
  0
VERTEX
  5
13F2
330
13F1
100
AcDbEntity
  8
0
370
0
100
AcDbVertex
100
AcDb2dVertex
 10
2182.151196893902
 20
1826.217533082528
 30
0.0
 70
0
  0
VERTEX
  5
13F3
330
13F1
100
AcDbEntity
  8
0
370
0
100
AcDbVertex
100
AcDb2dVertex
 10
2179.915356893902
 20
1826.744419082529
 30
0.0
 70
0
  0
VERTEX
  5
13F4
330
13F1
100
AcDbEntity
  8
0
370
0
100
AcDbVertex
100
AcDb2dVertex
 10
2177.668957893903
 20
1827.229557082528
 30
0.0
 70
0
  0
VERTEX
  5
13F5
330
13F1
100
AcDbEntity
  8
0
370
0
100
AcDbVertex
100
AcDb2dVertex
 10
2175.177136893902
 20
1827.668431082528
 30
0.0
 70
0
  0
VERTEX
  5
13F6
330
13F1
100
AcDbEntity
  8
0
370
0
100
AcDbVertex
100
AcDb2dVertex
 10
2173.808240893902
 20
1827.850956082529
 30
0.0
 70
0
  0
VERTEX
  5
13F7
330
13F1
100
AcDbEntity
  8
0
370
0
100
AcDbVertex
100
AcDb2dVertex
 10
2171.640698893902
 20
1828.037937082529
 30
0.0
 70
0
  0
VERTEX
  5
13F8
330
13F1
100
AcDbEntity
  8
0
370
0
100
AcDbVertex
100
AcDb2dVertex
 10
2169.795483893902
 20
1828.082569082528
 30
0.0
 70
0
  0
VERTEX
  5
13F9
330
13F1
100
AcDbEntity
  8
0
370
0
100
AcDbVertex
100
AcDb2dVertex
 10
2167.953808893901
 20
1828.004795082529
 30
0.0
 70
0
  0
VERTEX
  5
13FA
330
13F1
100
AcDbEntity
  8
0
370
0
100
AcDbVertex
100
AcDb2dVertex
 10
2167.616711893902
 20
1827.976002082528
 30
0.0
 70
0
  0
SEQEND
  5
13FB
330
13F1
100
AcDbEntity
  8
0
370
0
  0
LINE
  5
13FC
330
13E6
100
AcDbEntity
  8
0
 62
7
370
35
 48
0.045934
100
AcDbLine
 10
2167.776867893902
 20
1826.145634082529
 30
0.0
 11
2167.616711893902
 21
1827.976002082528
 31
0.0
  0
LINE
  5
13FD
330
13E6
100
AcDbEntity
  8
0
 62
7
370
35
 48
0.025001
100
AcDbLine
 10
2166.780652893902
 20
1826.058476082528
 30
0.0
 11
2167.776867893902
 21
1826.145634082529
 31
0.0
  0
LINE
  5
13FE
330
13E6
100
AcDbEntity
  8
0
 62
7
370
35
 48
0.045282
100
AcDbLine
 10
2166.780652893902
 20
1826.058476082528
 30
0.0
 11
2166.622815893902
 21
1827.862873082528
 31
0.0
  0
POLYLINE
  5
13FF
330
13E6
100
AcDbEntity
  8
0
 62
7
370
35
100
AcDb2dPolyline
 66
1
 10
0.0
 20
0.0
 30
0.0
 70
0
  0
VERTEX
  5
1400
330
13FF
100
AcDbEntity
  8
0
370
0
100
AcDbVertex
100
AcDb2dVertex
 10
2166.622815893902
 20
1827.862873082528
 30
0.0
 70
0
  0
VERTEX
  5
1401
330
13FF
100
AcDbEntity
  8
0
370
0
100
AcDbVertex
100
AcDb2dVertex
 10
2165.400158893902
 20
1827.659626082528
 30
0.0
 70
0
  0
VERTEX
  5
1402
330
13FF
100
AcDbEntity
  8
0
370
0
100
AcDbVertex
100
AcDb2dVertex
 10
2164.493725893902
 20
1827.458546082528
 30
0.0
 70
0
  0
VERTEX
  5
1403
330
13FF
100
AcDbEntity
  8
0
370
0
100
AcDbVertex
100
AcDb2dVertex
 10
2163.575940893902
 20
1827.209522082528
 30
0.0
 70
0
  0
VERTEX
  5
1404
330
13FF
100
AcDbEntity
  8
0
370
0
100
AcDbVertex
100
AcDb2dVertex
 10
2162.669812893902
 20
1826.919026082529
 30
0.0
 70
0
  0
VERTEX
  5
1405
330
13FF
100
AcDbEntity
  8
0
370
0
100
AcDbVertex
100
AcDb2dVertex
 10
2161.621838893902
 20
1826.529896082528
 30
0.0
 70
0
  0
VERTEX
  5
1406
330
13FF
100
AcDbEntity
  8
0
370
0
100
AcDbVertex
100
AcDb2dVertex
 10
2160.591137893902
 20
1826.095234082529
 30
0.0
 70
0
  0
VERTEX
  5
1407
330
13FF
100
AcDbEntity
  8
0
370
0
100
AcDbVertex
100
AcDb2dVertex
 10
2159.480298893902
 20
1825.575062082528
 30
0.0
 70
0
  0
VERTEX
  5
1408
330
13FF
100
AcDbEntity
  8
0
370
0
100
AcDbVertex
100
AcDb2dVertex
 10
2157.562146893901
 20
1824.574101082529
 30
0.0
 70
0
  0
VERTEX
  5
1409
330
13FF
100
AcDbEntity
  8
0
370
0
100
AcDbVertex
100
AcDb2dVertex
 10
2155.928601893902
 20
1823.653950082529
 30
0.0
 70
0
  0
VERTEX
  5
140A
330
13FF
100
AcDbEntity
  8
0
370
0
100
AcDbVertex
100
AcDb2dVertex
 10
2154.118908893902
 20
1822.615238082528
 30
0.0
 70
0
  0
VERTEX
  5
140B
330
13FF
100
AcDbEntity
  8
0
370
0
100
AcDbVertex
100
AcDb2dVertex
 10
2151.024914893902
 20
1820.939640082528
 30
0.0
 70
0
  0
VERTEX
  5
140C
330
13FF
100
AcDbEntity
  8
0
370
0
100
AcDbVertex
100
AcDb2dVertex
 10
2148.675793893902
 20
1819.771702082528
 30
0.0
 70
0
  0
VERTEX
  5
140D
330
13FF
100
AcDbEntity
  8
0
370
0
100
AcDbVertex
100
AcDb2dVertex
 10
2147.150769893902
 20
1819.003910082528
 30
0.0
 70
0
  0
VERTEX
  5
140E
330
13FF
100
AcDbEntity
  8
0
370
0
100
AcDbVertex
100
AcDb2dVertex
 10
2146.574963893902
 20
1818.686451082528
 30
0.0
 70
0
  0
VERTEX
  5
140F
330
13FF
100
AcDbEntity
  8
0
370
0
100
AcDbVertex
100
AcDb2dVertex
 10
2146.344067893902
 20
1818.543186082528
 30
0.0
 70
0
  0
VERTEX
  5
1410
330
13FF
100
AcDbEntity
  8
0
370
0
100
AcDbVertex
100
AcDb2dVertex
 10
2146.145642893902
 20
1818.394062082528
 30
0.0
 70
0
  0
VERTEX
  5
1411
330
13FF
100
AcDbEntity
  8
0
370
0
100
AcDbVertex
100
AcDb2dVertex
 10
2146.088330893902
 20
1818.332295082528
 30
0.0
 70
0
  0
VERTEX
  5
1412
330
13FF
100
AcDbEntity
  8
0
370
0
100
AcDbVertex
100
AcDb2dVertex
 10
2146.067334893902
 20
1818.293888082529
 30
0.0
 70
0
  0
VERTEX
  5
1413
330
13FF
100
AcDbEntity
  8
0
370
0
100
AcDbVertex
100
AcDb2dVertex
 10
2146.063855893902
 20
1818.277043082528
 30
0.0
 70
0
  0
VERTEX
  5
1414
330
13FF
100
AcDbEntity
  8
0
370
0
100
AcDbVertex
100
AcDb2dVertex
 10
2146.067639893902
 20
1818.254872082529
 30
0.0
 70
0
  0
VERTEX
  5
1415
330
13FF
100
AcDbEntity
  8
0
370
0
100
AcDbVertex
100
AcDb2dVertex
 10
2146.082287893902
 20
1818.236515082529
 30
0.0
 70
0
  0
VERTEX
  5
1416
330
13FF
100
AcDbEntity
  8
0
370
0
100
AcDbVertex
100
AcDb2dVertex
 10
2146.143567893902
 20
1818.211430082529
 30
0.0
 70
0
  0
VERTEX
  5
1417
330
13FF
100
AcDbEntity
  8
0
370
0
100
AcDbVertex
100
AcDb2dVertex
 10
2146.290845893902
 20
1818.201191082528
 30
0.0
 70
0
  0
VERTEX
  5
1418
330
13FF
100
AcDbEntity
  8
0
370
0
100
AcDbVertex
100
AcDb2dVertex
 10
2146.750073893902
 20
1818.249317082529
 30
0.0
 70
0
  0
VERTEX
  5
1419
330
13FF
100
AcDbEntity
  8
0
370
0
100
AcDbVertex
100
AcDb2dVertex
 10
2147.977002893902
 20
1818.502766082528
 30
0.0
 70
0
  0
VERTEX
  5
141A
330
13FF
100
AcDbEntity
  8
0
370
0
100
AcDbVertex
100
AcDb2dVertex
 10
2150.028088893902
 20
1819.054554082528
 30
0.0
 70
0
  0
VERTEX
  5
141B
330
13FF
100
AcDbEntity
  8
0
370
0
100
AcDbVertex
100
AcDb2dVertex
 10
2152.267712893902
 20
1819.780003082528
 30
0.0
 70
0
  0
VERTEX
  5
141C
330
13FF
100
AcDbEntity
  8
0
370
0
100
AcDbVertex
100
AcDb2dVertex
 10
2153.105420893902
 20
1820.085575082529
 30
0.0
 70
0
  0
VERTEX
  5
141D
330
13FF
100
AcDbEntity
  8
0
370
0
100
AcDbVertex
100
AcDb2dVertex
 10
2155.631909893902
 20
1821.085682082528
 30
0.0
 70
0
  0
VERTEX
  5
141E
330
13FF
100
AcDbEntity
  8
0
370
0
100
AcDbVertex
100
AcDb2dVertex
 10
2157.353955893902
 20
1821.778065082528
 30
0.0
 70
0
  0
VERTEX
  5
141F
330
13FF
100
AcDbEntity
  8
0
370
0
100
AcDbVertex
100
AcDb2dVertex
 10
2158.709729893902
 20
1822.296925082529
 30
0.0
 70
0
  0
VERTEX
  5
1420
330
13FF
100
AcDbEntity
  8
0
370
0
100
AcDbVertex
100
AcDb2dVertex
 10
2160.080456893902
 20
1822.780552082528
 30
0.0
 70
0
  0
VERTEX
  5
1421
330
13FF
100
AcDbEntity
  8
0
370
0
100
AcDbVertex
100
AcDb2dVertex
 10
2162.055249893902
 20
1823.383549082528
 30
0.0
 70
0
  0
VERTEX
  5
1422
330
13FF
100
AcDbEntity
  8
0
370
0
100
AcDbVertex
100
AcDb2dVertex
 10
2163.851269893902
 20
1823.818592082528
 30
0.0
 70
0
  0
VERTEX
  5
1423
330
13FF
100
AcDbEntity
  8
0
370
0
100
AcDbVertex
100
AcDb2dVertex
 10
2165.681470893902
 20
1824.136936082528
 30
0.0
 70
0
  0
VERTEX
  5
1424
330
13FF
100
AcDbEntity
  8
0
370
0
100
AcDbVertex
100
AcDb2dVertex
 10
2167.349988893902
 20
1824.307911082528
 30
0.0
 70
0
  0
VERTEX
  5
1425
330
13FF
100
AcDbEntity
  8
0
370
0
100
AcDbVertex
100
AcDb2dVertex
 10
2168.946057893902
 20
1824.354817082528
 30
0.0
 70
0
  0
VERTEX
  5
1426
330
13FF
100
AcDbEntity
  8
0
370
0
100
AcDbVertex
100
AcDb2dVertex
 10
2169.823193893902
 20
1824.325215082528
 30
0.0
 70
0
  0
VERTEX
  5
1427
330
13FF
100
AcDbEntity
  8
0
370
0
100
AcDbVertex
100
AcDb2dVertex
 10
2170.697033893902
 20
1824.254276082529
 30
0.0
 70
0
  0
VERTEX
  5
1428
330
13FF
100
AcDbEntity
  8
0
370
0
100
AcDbVertex
100
AcDb2dVertex
 10
2171.605298893902
 20
1824.136463082528
 30
0.0
 70
0
  0
VERTEX
  5
1429
330
13FF
100
AcDbEntity
  8
0
370
0
100
AcDbVertex
100
AcDb2dVertex
 10
2172.506970893902
 20
1823.976139082528
 30
0.0
 70
0
  0
VERTEX
  5
142A
330
13FF
100
AcDbEntity
  8
0
370
0
100
AcDbVertex
100
AcDb2dVertex
 10
2173.556164893902
 20
1823.738133082528
 30
0.0
 70
0
  0
VERTEX
  5
142B
330
13FF
100
AcDbEntity
  8
0
370
0
100
AcDbVertex
100
AcDb2dVertex
 10
2174.592480893903
 20
1823.453526082528
 30
0.0
 70
0
  0
VERTEX
  5
142C
330
13FF
100
AcDbEntity
  8
0
370
0
100
AcDbVertex
100
AcDb2dVertex
 10
2176.285718893902
 20
1822.900913082528
 30
0.0
 70
0
  0
VERTEX
  5
142D
330
13FF
100
AcDbEntity
  8
0
370
0
100
AcDbVertex
100
AcDb2dVertex
 10
2177.399853893902
 20
1822.495167082528
 30
0.0
 70
0
  0
VERTEX
  5
142E
330
13FF
100
AcDbEntity
  8
0
370
0
100
AcDbVertex
100
AcDb2dVertex
 10
2179.622326893902
 20
1821.649922082528
 30
0.0
 70
0
  0
VERTEX
  5
142F
330
13FF
100
AcDbEntity
  8
0
370
0
100
AcDbVertex
100
AcDb2dVertex
 10
2182.452160893902
 20
1820.629063082528
 30
0.0
 70
0
  0
VERTEX
  5
1430
330
13FF
100
AcDbEntity
  8
0
370
0
100
AcDbVertex
100
AcDb2dVertex
 10
2185.342419893902
 20
1819.717854082529
 30
0.0
 70
0
  0
SEQEND
  5
1431
330
13FF
100
AcDbEntity
  8
0
370
0
  0
ARC
  5
1432
330
13E6
100
AcDbEntity
  8
0
 62
7
370
35
100
AcDbCircle
 10
2197.088147893902
 20
1818.501240082528
 30
0.0
 40
11.808528
100
AcDbArc
 50
174.0865229999986
 51
205.7955159999985
  0
LINE
  5
1433
330
13E6
100
AcDbEntity
  8
0
 62
7
370
35
 48
0.12276
100
AcDbLine
 10
2191.366711893902
 20
1813.362644082528
 30
0.0
 11
2186.456311893902
 21
1813.362644082528
 31
0.0
  0
LINE
  5
1434
330
13E6
100
AcDbEntity
  8
0
 62
7
370
35
 48
0.025
100
AcDbLine
 10
2191.366711893902
 20
1813.362644082528
 30
0.0
 11
2191.366711893902
 21
1812.362644082529
 31
0.0
  0
LINE
  5
1435
330
13E6
100
AcDbEntity
  8
0
 62
7
370
35
 48
0.109154
100
AcDbLine
 10
2191.366711893902
 20
1812.362644082529
 30
0.0
 11
2187.000561893902
 21
1812.362644082529
 31
0.0
  0
ARC
  5
1436
330
13E6
100
AcDbEntity
  8
0
 62
7
370
35
100
AcDbCircle
 10
2197.088147893902
 20
1818.501240082528
 30
0.0
 40
11.808528
100
AcDbArc
 50
211.3218490000008
 51
265.1421689999868
  0
LINE
  5
1437
330
13E6
100
AcDbEntity
  8
0
 62
7
370
35
 48
0.303885
100
AcDbLine
 10
2196.088147893902
 20
1818.890537082529
 30
0.0
 11
2196.088147893902
 21
1806.735142082528
 31
0.0
  0
LINE
  5
1438
330
13E6
100
AcDbEntity
  8
0
 62
7
370
35
 48
0.05
100
AcDbLine
 10
2198.088147893902
 20
1818.890537082529
 30
0.0
 11
2196.088147893902
 21
1818.890537082529
 31
0.0
  0
LINE
  5
1439
330
13E6
100
AcDbEntity
  8
0
 62
7
370
35
 48
0.303885
100
AcDbLine
 10
2198.088147893902
 20
1818.890537082529
 30
0.0
 11
2198.088147893902
 21
1806.735142082528
 31
0.0
  0
ARC
  5
143A
330
13E6
100
AcDbEntity
  8
0
 62
7
370
35
100
AcDbCircle
 10
2197.088147893902
 20
1818.501240082528
 30
0.0
 40
11.808528
100
AcDbArc
 50
274.8579420000049
 51
328.6781560000059
  0
LINE
  5
143B
330
13E6
100
AcDbEntity
  8
0
 62
7
370
35
 48
0.109154
100
AcDbLine
 10
2202.809582893902
 20
1812.362644082529
 30
0.0
 11
2207.175732893902
 21
1812.362644082529
 31
0.0
  0
LINE
  5
143C
330
13E6
100
AcDbEntity
  8
0
 62
7
370
35
 48
0.025
100
AcDbLine
 10
2202.809582893902
 20
1813.362644082528
 30
0.0
 11
2202.809582893902
 21
1812.362644082529
 31
0.0
  0
LINE
  5
143D
330
13E6
100
AcDbEntity
  8
0
 62
7
370
35
 48
0.12276
100
AcDbLine
 10
2202.809582893902
 20
1813.362644082528
 30
0.0
 11
2207.719983893902
 21
1813.362644082528
 31
0.0
  0
ARC
  5
143E
330
13E6
100
AcDbEntity
  8
0
 62
7
370
35
100
AcDbCircle
 10
2197.088147893902
 20
1818.501240082528
 30
0.0
 40
11.808528
100
AcDbArc
 50
334.2044830000022
 51
5.913449000000871
  0
POLYLINE
  5
143F
330
13E6
100
AcDbEntity
  8
0
 62
7
370
35
100
AcDb2dPolyline
 66
1
 10
0.0
 20
0.0
 30
0.0
 70
0
  0
VERTEX
  5
1440
330
143F
100
AcDbEntity
  8
0
370
0
100
AcDbVertex
100
AcDb2dVertex
 10
2227.553479893902
 20
1827.862873082528
 30
0.0
 70
0
  0
VERTEX
  5
1441
330
143F
100
AcDbEntity
  8
0
370
0
100
AcDbVertex
100
AcDb2dVertex
 10
2228.776135893902
 20
1827.659626082528
 30
0.0
 70
0
  0
VERTEX
  5
1442
330
143F
100
AcDbEntity
  8
0
370
0
100
AcDbVertex
100
AcDb2dVertex
 10
2229.682568893902
 20
1827.458546082528
 30
0.0
 70
0
  0
VERTEX
  5
1443
330
143F
100
AcDbEntity
  8
0
370
0
100
AcDbVertex
100
AcDb2dVertex
 10
2230.600354893902
 20
1827.209522082528
 30
0.0
 70
0
  0
VERTEX
  5
1444
330
143F
100
AcDbEntity
  8
0
370
0
100
AcDbVertex
100
AcDb2dVertex
 10
2231.506482893902
 20
1826.919026082529
 30
0.0
 70
0
  0
VERTEX
  5
1445
330
143F
100
AcDbEntity
  8
0
370
0
100
AcDbVertex
100
AcDb2dVertex
 10
2232.554455893902
 20
1826.529896082528
 30
0.0
 70
0
  0
VERTEX
  5
1446
330
143F
100
AcDbEntity
  8
0
370
0
100
AcDbVertex
100
AcDb2dVertex
 10
2233.585156893902
 20
1826.095234082529
 30
0.0
 70
0
  0
VERTEX
  5
1447
330
143F
100
AcDbEntity
  8
0
370
0
100
AcDbVertex
100
AcDb2dVertex
 10
2234.695996893902
 20
1825.575062082528
 30
0.0
 70
0
  0
VERTEX
  5
1448
330
143F
100
AcDbEntity
  8
0
370
0
100
AcDbVertex
100
AcDb2dVertex
 10
2236.614148893902
 20
1824.574101082529
 30
0.0
 70
0
  0
VERTEX
  5
1449
330
143F
100
AcDbEntity
  8
0
370
0
100
AcDbVertex
100
AcDb2dVertex
 10
2238.247693893902
 20
1823.653950082529
 30
0.0
 70
0
  0
VERTEX
  5
144A
330
143F
100
AcDbEntity
  8
0
370
0
100
AcDbVertex
100
AcDb2dVertex
 10
2240.057385893902
 20
1822.615238082528
 30
0.0
 70
0
  0
VERTEX
  5
144B
330
143F
100
AcDbEntity
  8
0
370
0
100
AcDbVertex
100
AcDb2dVertex
 10
2243.151379893902
 20
1820.939640082528
 30
0.0
 70
0
  0
VERTEX
  5
144C
330
143F
100
AcDbEntity
  8
0
370
0
100
AcDbVertex
100
AcDb2dVertex
 10
2245.500500893902
 20
1819.771702082528
 30
0.0
 70
0
  0
VERTEX
  5
144D
330
143F
100
AcDbEntity
  8
0
370
0
100
AcDbVertex
100
AcDb2dVertex
 10
2247.025525893902
 20
1819.003910082528
 30
0.0
 70
0
  0
VERTEX
  5
144E
330
143F
100
AcDbEntity
  8
0
370
0
100
AcDbVertex
100
AcDb2dVertex
 10
2247.601330893902
 20
1818.686451082528
 30
0.0
 70
0
  0
VERTEX
  5
144F
330
143F
100
AcDbEntity
  8
0
370
0
100
AcDbVertex
100
AcDb2dVertex
 10
2247.832226893902
 20
1818.543186082528
 30
0.0
 70
0
  0
VERTEX
  5
1450
330
143F
100
AcDbEntity
  8
0
370
0
100
AcDbVertex
100
AcDb2dVertex
 10
2248.030652893902
 20
1818.394062082528
 30
0.0
 70
0
  0
VERTEX
  5
1451
330
143F
100
AcDbEntity
  8
0
370
0
100
AcDbVertex
100
AcDb2dVertex
 10
2248.087964893902
 20
1818.332295082528
 30
0.0
 70
0
  0
VERTEX
  5
1452
330
143F
100
AcDbEntity
  8
0
370
0
100
AcDbVertex
100
AcDb2dVertex
 10
2248.108960893902
 20
1818.293888082529
 30
0.0
 70
0
  0
VERTEX
  5
1453
330
143F
100
AcDbEntity
  8
0
370
0
100
AcDbVertex
100
AcDb2dVertex
 10
2248.112439893902
 20
1818.277043082528
 30
0.0
 70
0
  0
VERTEX
  5
1454
330
143F
100
AcDbEntity
  8
0
370
0
100
AcDbVertex
100
AcDb2dVertex
 10
2248.108655893902
 20
1818.254872082529
 30
0.0
 70
0
  0
VERTEX
  5
1455
330
143F
100
AcDbEntity
  8
0
370
0
100
AcDbVertex
100
AcDb2dVertex
 10
2248.094006893902
 20
1818.236515082529
 30
0.0
 70
0
  0
VERTEX
  5
1456
330
143F
100
AcDbEntity
  8
0
370
0
100
AcDbVertex
100
AcDb2dVertex
 10
2248.032727893902
 20
1818.211430082529
 30
0.0
 70
0
  0
VERTEX
  5
1457
330
143F
100
AcDbEntity
  8
0
370
0
100
AcDbVertex
100
AcDb2dVertex
 10
2247.885449893902
 20
1818.201191082528
 30
0.0
 70
0
  0
VERTEX
  5
1458
330
143F
100
AcDbEntity
  8
0
370
0
100
AcDbVertex
100
AcDb2dVertex
 10
2247.426221893902
 20
1818.249317082529
 30
0.0
 70
0
  0
VERTEX
  5
1459
330
143F
100
AcDbEntity
  8
0
370
0
100
AcDbVertex
100
AcDb2dVertex
 10
2246.199292893902
 20
1818.502766082528
 30
0.0
 70
0
  0
VERTEX
  5
145A
330
143F
100
AcDbEntity
  8
0
370
0
100
AcDbVertex
100
AcDb2dVertex
 10
2244.148205893902
 20
1819.054554082528
 30
0.0
 70
0
  0
VERTEX
  5
145B
330
143F
100
AcDbEntity
  8
0
370
0
100
AcDbVertex
100
AcDb2dVertex
 10
2241.908581893902
 20
1819.780003082528
 30
0.0
 70
0
  0
VERTEX
  5
145C
330
143F
100
AcDbEntity
  8
0
370
0
100
AcDbVertex
100
AcDb2dVertex
 10
2241.070874893902
 20
1820.085575082529
 30
0.0
 70
0
  0
VERTEX
  5
145D
330
143F
100
AcDbEntity
  8
0
370
0
100
AcDbVertex
100
AcDb2dVertex
 10
2238.544385893902
 20
1821.085682082528
 30
0.0
 70
0
  0
VERTEX
  5
145E
330
143F
100
AcDbEntity
  8
0
370
0
100
AcDbVertex
100
AcDb2dVertex
 10
2236.822339893902
 20
1821.778065082528
 30
0.0
 70
0
  0
VERTEX
  5
145F
330
143F
100
AcDbEntity
  8
0
370
0
100
AcDbVertex
100
AcDb2dVertex
 10
2235.466565893902
 20
1822.296925082529
 30
0.0
 70
0
  0
VERTEX
  5
1460
330
143F
100
AcDbEntity
  8
0
370
0
100
AcDbVertex
100
AcDb2dVertex
 10
2234.095837893902
 20
1822.780552082528
 30
0.0
 70
0
  0
VERTEX
  5
1461
330
143F
100
AcDbEntity
  8
0
370
0
100
AcDbVertex
100
AcDb2dVertex
 10
2232.121045893902
 20
1823.383549082528
 30
0.0
 70
0
  0
VERTEX
  5
1462
330
143F
100
AcDbEntity
  8
0
370
0
100
AcDbVertex
100
AcDb2dVertex
 10
2230.325024893902
 20
1823.818592082528
 30
0.0
 70
0
  0
VERTEX
  5
1463
330
143F
100
AcDbEntity
  8
0
370
0
100
AcDbVertex
100
AcDb2dVertex
 10
2228.494824893902
 20
1824.136936082528
 30
0.0
 70
0
  0
VERTEX
  5
1464
330
143F
100
AcDbEntity
  8
0
370
0
100
AcDbVertex
100
AcDb2dVertex
 10
2226.826306893902
 20
1824.307911082528
 30
0.0
 70
0
  0
VERTEX
  5
1465
330
143F
100
AcDbEntity
  8
0
370
0
100
AcDbVertex
100
AcDb2dVertex
 10
2225.230237893902
 20
1824.354817082528
 30
0.0
 70
0
  0
VERTEX
  5
1466
330
143F
100
AcDbEntity
  8
0
370
0
100
AcDbVertex
100
AcDb2dVertex
 10
2224.353100893901
 20
1824.325215082528
 30
0.0
 70
0
  0
VERTEX
  5
1467
330
143F
100
AcDbEntity
  8
0
370
0
100
AcDbVertex
100
AcDb2dVertex
 10
2223.479260893902
 20
1824.254276082529
 30
0.0
 70
0
  0
VERTEX
  5
1468
330
143F
100
AcDbEntity
  8
0
370
0
100
AcDbVertex
100
AcDb2dVertex
 10
2222.570996893902
 20
1824.136463082528
 30
0.0
 70
0
  0
VERTEX
  5
1469
330
143F
100
AcDbEntity
  8
0
370
0
100
AcDbVertex
100
AcDb2dVertex
 10
2221.669324893902
 20
1823.976139082528
 30
0.0
 70
0
  0
VERTEX
  5
146A
330
143F
100
AcDbEntity
  8
0
370
0
100
AcDbVertex
100
AcDb2dVertex
 10
2220.620129893902
 20
1823.738133082528
 30
0.0
 70
0
  0
VERTEX
  5
146B
330
143F
100
AcDbEntity
  8
0
370
0
100
AcDbVertex
100
AcDb2dVertex
 10
2219.583813893902
 20
1823.453526082528
 30
0.0
 70
0
  0
VERTEX
  5
146C
330
143F
100
AcDbEntity
  8
0
370
0
100
AcDbVertex
100
AcDb2dVertex
 10
2217.890576893902
 20
1822.900913082528
 30
0.0
 70
0
  0
VERTEX
  5
146D
330
143F
100
AcDbEntity
  8
0
370
0
100
AcDbVertex
100
AcDb2dVertex
 10
2216.776440893902
 20
1822.495167082528
 30
0.0
 70
0
  0
VERTEX
  5
146E
330
143F
100
AcDbEntity
  8
0
370
0
100
AcDbVertex
100
AcDb2dVertex
 10
2214.553967893902
 20
1821.649922082528
 30
0.0
 70
0
  0
VERTEX
  5
146F
330
143F
100
AcDbEntity
  8
0
370
0
100
AcDbVertex
100
AcDb2dVertex
 10
2211.724133893902
 20
1820.629063082528
 30
0.0
 70
0
  0
VERTEX
  5
1470
330
143F
100
AcDbEntity
  8
0
370
0
100
AcDbVertex
100
AcDb2dVertex
 10
2208.833874893902
 20
1819.717854082529
 30
0.0
 70
0
  0
SEQEND
  5
1471
330
143F
100
AcDbEntity
  8
0
370
0
  0
LINE
  5
1472
330
13E6
100
AcDbEntity
  8
0
 62
7
370
35
 48
0.045282
100
AcDbLine
 10
2227.395642893902
 20
1826.058476082528
 30
0.0
 11
2227.553479893902
 21
1827.862873082528
 31
0.0
  0
LINE
  5
1473
330
13E6
100
AcDbEntity
  8
0
 62
7
370
35
 48
0.025001
100
AcDbLine
 10
2227.395642893902
 20
1826.058476082528
 30
0.0
 11
2226.399426893902
 21
1826.145634082529
 31
0.0
  0
LINE
  5
1474
330
13E6
100
AcDbEntity
  8
0
 62
7
370
35
 48
0.045934
100
AcDbLine
 10
2226.399426893902
 20
1826.145634082529
 30
0.0
 11
2226.559582893901
 21
1827.976002082528
 31
0.0
  0
POLYLINE
  5
1475
330
13E6
100
AcDbEntity
  8
0
 62
7
370
35
100
AcDb2dPolyline
 66
1
 10
0.0
 20
0.0
 30
0.0
 70
0
  0
VERTEX
  5
1476
330
1475
100
AcDbEntity
  8
0
370
0
100
AcDbVertex
100
AcDb2dVertex
 10
2212.025097893902
 20
1826.217533082528
 30
0.0
 70
0
  0
VERTEX
  5
1477
330
1475
100
AcDbEntity
  8
0
370
0
100
AcDbVertex
100
AcDb2dVertex
 10
2214.260937893902
 20
1826.744419082529
 30
0.0
 70
0
  0
VERTEX
  5
1478
330
1475
100
AcDbEntity
  8
0
370
0
100
AcDbVertex
100
AcDb2dVertex
 10
2216.507336893902
 20
1827.229557082528
 30
0.0
 70
0
  0
VERTEX
  5
1479
330
1475
100
AcDbEntity
  8
0
370
0
100
AcDbVertex
100
AcDb2dVertex
 10
2218.999158893902
 20
1827.668431082528
 30
0.0
 70
0
  0
VERTEX
  5
147A
330
1475
100
AcDbEntity
  8
0
370
0
100
AcDbVertex
100
AcDb2dVertex
 10
2220.368054893902
 20
1827.850956082529
 30
0.0
 70
0
  0
VERTEX
  5
147B
330
1475
100
AcDbEntity
  8
0
370
0
100
AcDbVertex
100
AcDb2dVertex
 10
2222.535596893902
 20
1828.037937082529
 30
0.0
 70
0
  0
VERTEX
  5
147C
330
1475
100
AcDbEntity
  8
0
370
0
100
AcDbVertex
100
AcDb2dVertex
 10
2224.380810893902
 20
1828.082569082528
 30
0.0
 70
0
  0
VERTEX
  5
147D
330
1475
100
AcDbEntity
  8
0
370
0
100
AcDbVertex
100
AcDb2dVertex
 10
2226.222485893902
 20
1828.004795082529
 30
0.0
 70
0
  0
VERTEX
  5
147E
330
1475
100
AcDbEntity
  8
0
370
0
100
AcDbVertex
100
AcDb2dVertex
 10
2226.559582893901
 20
1827.976002082528
 30
0.0
 70
0
  0
SEQEND
  5
147F
330
1475
100
AcDbEntity
  8
0
370
0
  0
LINE
  5
1480
330
13E6
100
AcDbEntity
  8
0
 62
7
370
35
 48
0.066994
100
AcDbLine
 10
2212.485974893902
 20
1823.577702082528
 30
0.0
 11
2212.025097893902
 21
1826.217533082528
 31
0.0
  0
LINE
  5
1481
330
13E6
100
AcDbEntity
  8
0
 62
7
370
35
 48
0.025
100
AcDbLine
 10
2212.485974893902
 20
1823.577702082528
 30
0.0
 11
2211.501172893902
 21
1823.404057082528
 31
0.0
  0
LINE
  5
1482
330
13E6
100
AcDbEntity
  8
0
 62
7
370
35
 48
0.065546
100
AcDbLine
 10
2211.501172893902
 20
1823.404057082528
 30
0.0
 11
2211.050244893902
 21
1825.986836082529
 31
0.0
  0
POLYLINE
  5
1483
330
13E6
100
AcDbEntity
  8
0
 62
7
370
35
100
AcDb2dPolyline
 66
1
 10
0.0
 20
0.0
 30
0.0
 70
0
  0
VERTEX
  5
1484
330
1483
100
AcDbEntity
  8
0
370
0
100
AcDbVertex
100
AcDb2dVertex
 10
2206.870679893902
 20
1825.115009082528
 30
0.0
 70
0
  0
VERTEX
  5
1485
330
1483
100
AcDbEntity
  8
0
370
0
100
AcDbVertex
100
AcDb2dVertex
 10
2209.480176893902
 20
1825.630329082528
 30
0.0
 70
0
  0
VERTEX
  5
1486
330
1483
100
AcDbEntity
  8
0
370
0
100
AcDbVertex
100
AcDb2dVertex
 10
2211.050244893902
 20
1825.986836082529
 30
0.0
 70
0
  0
SEQEND
  5
1487
330
1483
100
AcDbEntity
  8
0
370
0
  0
ARC
  5
1488
330
13E6
100
AcDbEntity
  8
0
 62
7
370
35
100
AcDbCircle
 10
2197.088147893902
 20
1818.501240082528
 30
0.0
 40
11.808528
100
AcDbArc
 50
34.0616549999931
 51
145.938330000003
  0
ENDBLK
  5
13E8
330
13E6
100
AcDbEntity
  8
0
100
AcDbBlockEnd
  0
BLOCK
  5
148C
330
148B
100
AcDbEntity
  8
0
100
AcDbBlockBegin
  2
PART_003
 70
0
 10
0.0
 20
0.0
 30
0.0
  3
PART_003
  1

  0
LINE
  5
148E
330
148B
100
AcDbEntity
  8
0
 62
7
370
35
 48
0.013515
100
AcDbLine
 10
2173.605873339379
 20
1786.80627267728
 30
0.0
 11
2173.605873339379
 21
1787.346861677281
 31
0.0
  0
ELLIPSE
  5
148F
330
148B
100
AcDbEntity
  8
0
100
AcDbEllipse
 10
2176.657020839379
 20
1775.80035267728
 30
0.0
 11
-20.28826832700048
 21
-5.361144150604394
 31
0.0
 40
0.5691224511573465
 41
4.712388980384688
 42
7.853981633974503
  0
LINE
  5
1490
330
148B
100
AcDbEntity
  8
0
 62
7
370
35
 48
0.090785
100
AcDbLine
 10
2179.708168339379
 20
1764.25384367728
 30
0.0
 11
2179.708168339379
 21
1767.885252677281
 31
0.0
  0
LINE
  5
1491
330
148B
100
AcDbEntity
  8
0
 62
7
370
35
 48
0.063442
100
AcDbLine
 10
2177.170479339379
 20
1767.885252677281
 30
0.0
 11
2179.708168339379
 21
1767.885252677281
 31
0.0
  0
LINE
  5
1492
330
148B
100
AcDbEntity
  8
0
 62
7
370
35
 48
0.025
100
AcDbLine
 10
2177.170479339379
 20
1768.885252677281
 30
0.0
 11
2177.170479339379
 21
1767.885252677281
 31
0.0
  0
LINE
  5
1493
330
148B
100
AcDbEntity
  8
0
 62
7
370
35
 48
0.063442
100
AcDbLine
 10
2177.170479339379
 20
1768.885252677281
 30
0.0
 11
2179.708168339379
 21
1768.885252677281
 31
0.0
  0
LINE
  5
1494
330
148B
100
AcDbEntity
  8
0
 62
7
370
35
 48
0.038499
100
AcDbLine
 10
2179.708168339379
 20
1768.885252677281
 30
0.0
 11
2179.708168339379
 21
1770.42523067728
 31
0.0
  0
LINE
  5
1495
330
148B
100
AcDbEntity
  8
0
 62
7
370
35
 48
0.125
100
AcDbLine
 10
2179.708168339379
 20
1770.42523067728
 30
0.0
 11
2184.70816833938
 21
1770.42523067728
 31
0.0
  0
LINE
  5
1496
330
148B
100
AcDbEntity
  8
0
 62
7
370
35
 48
0.075
100
AcDbLine
 10
2184.70816833938
 20
1770.42523067728
 30
0.0
 11
2184.70816833938
 21
1773.42523067728
 31
0.0
  0
LINE
  5
1497
330
148B
100
AcDbEntity
  8
0
 62
7
370
35
 48
0.125
100
AcDbLine
 10
2179.708168339379
 20
1773.42523067728
 30
0.0
 11
2184.70816833938
 21
1773.42523067728
 31
0.0
  0
LINE
  5
1498
330
148B
100
AcDbEntity
  8
0
 62
7
370
35
 48
0.046454
100
AcDbLine
 10
2179.708168339379
 20
1773.42523067728
 30
0.0
 11
2179.708168339379
 21
1775.28338467728
 31
0.0
  0
LINE
  5
1499
330
148B
100
AcDbEntity
  8
0
 62
7
370
35
 48
0.20439
100
AcDbLine
 10
2171.532570339379
 20
1775.28338467728
 30
0.0
 11
2179.708168339379
 21
1775.28338467728
 31
0.0
  0
LINE
  5
149A
330
148B
100
AcDbEntity
  8
0
 62
7
370
35
 48
0.05
100
AcDbLine
 10
2171.532570339379
 20
1777.28338467728
 30
0.0
 11
2171.532570339379
 21
1775.28338467728
 31
0.0
  0
LINE
  5
149B
330
148B
100
AcDbEntity
  8
0
 62
7
370
35
 48
0.20439
100
AcDbLine
 10
2171.532570339379
 20
1777.28338467728
 30
0.0
 11
2179.708168339379
 21
1777.28338467728
 31
0.0
  0
LINE
  5
149C
330
148B
100
AcDbEntity
  8
0
 62
7
370
35
 48
0.089638
100
AcDbLine
 10
2179.708168339379
 20
1777.28338467728
 30
0.0
 11
2179.708168339379
 21
1780.868894677281
 31
0.0
  0
LINE
  5
149D
330
148B
100
AcDbEntity
  8
0
 62
7
370
35
 48
0.125
100
AcDbLine
 10
2179.708168339379
 20
1780.868894677281
 30
0.0
 11
2184.70816833938
 21
1780.868894677281
 31
0.0
  0
LINE
  5
149E
330
148B
100
AcDbEntity
  8
0
 62
7
370
35
 48
0.075
100
AcDbLine
 10
2184.70816833938
 20
1780.868894677281
 30
0.0
 11
2184.70816833938
 21
1783.868894677281
 31
0.0
  0
LINE
  5
149F
330
148B
100
AcDbEntity
  8
0
 62
7
370
35
 48
0.125
100
AcDbLine
 10
2179.708168339379
 20
1783.868894677281
 30
0.0
 11
2184.70816833938
 21
1783.868894677281
 31
0.0
  0
LINE
  5
14A0
330
148B
100
AcDbEntity
  8
0
 62
7
370
35
 48
0.073434
100
AcDbLine
 10
2179.708168339379
 20
1783.868894677281
 30
0.0
 11
2179.708168339379
 21
1786.80627267728
 31
0.0
  0
LINE
  5
14A1
330
148B
100
AcDbEntity
  8
0
 62
7
370
35
 48
0.152557
100
AcDbLine
 10
2179.708168339379
 20
1786.80627267728
 30
0.0
 11
2173.605873339379
 21
1786.80627267728
 31
0.0
  0
ENDBLK
  5
148D
330
148B
100
AcDbEntity
  8
0
100
AcDbBlockEnd
  0
BLOCK
  5
14A5
330
14A4
100
AcDbEntity
  8
0
100
AcDbBlockBegin
  2
PART_004
 70
0
 10
0.0
 20
0.0
 30
0.0
  3
PART_004
  1

  0
LINE
  5
14A7
330
14A4
100
AcDbEntity
  8
0
 62
7
370
35
 48
0.152557
100
AcDbLine
 10
2208.438391928797
 20
1758.233184746224
 30
0.0
 11
2214.540686928797
 21
1758.233184746224
 31
0.0
  0
LINE
  5
14A8
330
14A4
100
AcDbEntity
  8
0
100
AcDbLine
 10
2214.540684450196
 20
1758.773767711238
 30
0.0
 11
2214.540686928797
 21
1758.233184746224
 31
0.0
  0
ELLIPSE
  5
14A9
330
14A4
100
AcDbEntity
  8
0
100
AcDbEllipse
 10
2211.489538189497
 20
1747.227261728731
 30
0.0
 11
20.24787994875102
 21
-5.350470807906875
 31
0.0
210
0.0
220
0.0
230
0.9999999999999998
 40
0.5702575287749762
 41
4.712388980384688
 42
7.853981633974498
  0
LINE
  5
14AA
330
14A4
100
AcDbEntity
  8
0
100
AcDbLine
 10
2208.438391928797
 20
1735.680755746224
 30
0.0
 11
2208.438391928797
 21
1739.312164746224
 31
0.0
  0
LINE
  5
14AB
330
14A4
100
AcDbEntity
  8
0
 62
7
370
35
 48
0.063442
100
AcDbLine
 10
2210.976080928797
 20
1739.312164746224
 30
0.0
 11
2208.438391928797
 21
1739.312164746224
 31
0.0
  0
LINE
  5
14AC
330
14A4
100
AcDbEntity
  8
0
 62
7
370
35
 48
0.025
100
AcDbLine
 10
2210.976080928797
 20
1740.312164746224
 30
0.0
 11
2210.976080928797
 21
1739.312164746224
 31
0.0
  0
LINE
  5
14AD
330
14A4
100
AcDbEntity
  8
0
 62
7
370
35
 48
0.063442
100
AcDbLine
 10
2210.976080928797
 20
1740.312164746224
 30
0.0
 11
2208.438391928797
 21
1740.312164746224
 31
0.0
  0
LINE
  5
14AE
330
14A4
100
AcDbEntity
  8
0
 62
7
370
35
 48
0.038499
100
AcDbLine
 10
2208.438391928797
 20
1740.312164746224
 30
0.0
 11
2208.438391928797
 21
1741.852142746224
 31
0.0
  0
LINE
  5
14AF
330
14A4
100
AcDbEntity
  8
0
 62
7
370
35
 48
0.125
100
AcDbLine
 10
2208.438391928797
 20
1741.852142746224
 30
0.0
 11
2203.438391928797
 21
1741.852142746224
 31
0.0
  0
LINE
  5
14B0
330
14A4
100
AcDbEntity
  8
0
 62
7
370
35
 48
0.075
100
AcDbLine
 10
2203.438391928797
 20
1741.852142746224
 30
0.0
 11
2203.438391928797
 21
1744.852142746224
 31
0.0
  0
LINE
  5
14B1
330
14A4
100
AcDbEntity
  8
0
 62
7
370
35
 48
0.125
100
AcDbLine
 10
2208.438391928797
 20
1744.852142746224
 30
0.0
 11
2203.438391928797
 21
1744.852142746224
 31
0.0
  0
LINE
  5
14B2
330
14A4
100
AcDbEntity
  8
0
 62
7
370
35
 48
0.046454
100
AcDbLine
 10
2208.438391928797
 20
1744.852142746224
 30
0.0
 11
2208.438391928797
 21
1746.710296746224
 31
0.0
  0
LINE
  5
14B3
330
14A4
100
AcDbEntity
  8
0
 62
7
370
35
 48
0.20439
100
AcDbLine
 10
2216.613989928797
 20
1746.710296746224
 30
0.0
 11
2208.438391928797
 21
1746.710296746224
 31
0.0
  0
LINE
  5
14B4
330
14A4
100
AcDbEntity
  8
0
 62
7
370
35
 48
0.05
100
AcDbLine
 10
2216.613989928797
 20
1748.710296746224
 30
0.0
 11
2216.613989928797
 21
1746.710296746224
 31
0.0
  0
LINE
  5
14B5
330
14A4
100
AcDbEntity
  8
0
 62
7
370
35
 48
0.20439
100
AcDbLine
 10
2216.613989928797
 20
1748.710296746224
 30
0.0
 11
2208.438391928797
 21
1748.710296746224
 31
0.0
  0
LINE
  5
14B6
330
14A4
100
AcDbEntity
  8
0
 62
7
370
35
 48
0.089638
100
AcDbLine
 10
2208.438391928797
 20
1748.710296746224
 30
0.0
 11
2208.438391928797
 21
1752.295806746224
 31
0.0
  0
LINE
  5
14B7
330
14A4
100
AcDbEntity
  8
0
 62
7
370
35
 48
0.125
100
AcDbLine
 10
2208.438391928797
 20
1752.295806746224
 30
0.0
 11
2203.438391928797
 21
1752.295806746224
 31
0.0
  0
LINE
  5
14B8
330
14A4
100
AcDbEntity
  8
0
 62
7
370
35
 48
0.075
100
AcDbLine
 10
2203.438391928797
 20
1752.295806746224
 30
0.0
 11
2203.438391928797
 21
1755.295806746224
 31
0.0
  0
LINE
  5
14B9
330
14A4
100
AcDbEntity
  8
0
 62
7
370
35
 48
0.125
100
AcDbLine
 10
2208.438391928797
 20
1755.295806746224
 30
0.0
 11
2203.438391928797
 21
1755.295806746224
 31
0.0
  0
LINE
  5
14BA
330
14A4
100
AcDbEntity
  8
0
 62
7
370
35
 48
0.073434
100
AcDbLine
 10
2208.438391928797
 20
1755.295806746224
 30
0.0
 11
2208.438391928797
 21
1758.233184746224
 31
0.0
  0
ENDBLK
  5
14A6
330
14A4
100
AcDbEntity
  8
0
100
AcDbBlockEnd
  0
BLOCK
  5
14BE
330
14BD
100
AcDbEntity
  8
0
100
AcDbBlockBegin
  2
PART_005
 70
0
 10
0.0
 20
0.0
 30
0.0
  3
PART_005
  1

  0
LINE
  5
14C0
330
14BD
100
AcDbEntity
  8
0
 62
7
370
35
 48
0.024869
100
AcDbLine
 10
2287.924006023486
 20
1783.342245087418
 30
0.0
 11
2288.918757023486
 21
1783.342245087418
 31
0.0
  0
POLYLINE
  5
14C1
330
14BD
100
AcDbEntity
  8
0
 62
7
370
35
100
AcDb2dPolyline
 66
1
 10
0.0
 20
0.0
 30
0.0
 70
0
  0
VERTEX
  5
14C2
330
14C1
100
AcDbEntity
  8
0
370
0
100
AcDbVertex
100
AcDb2dVertex
 10
2288.918757023486
 20
1783.342245087418
 30
0.0
 70
0
  0
VERTEX
  5
14C3
330
14C1
100
AcDbEntity
  8
0
370
0
100
AcDbVertex
100
AcDb2dVertex
 10
2289.319025023487
 20
1783.039907087417
 30
0.0
 70
0
  0
VERTEX
  5
14C4
330
14C1
100
AcDbEntity
  8
0
370
0
100
AcDbVertex
100
AcDb2dVertex
 10
2289.685236023486
 20
1782.717031087418
 30
0.0
 70
0
  0
VERTEX
  5
14C5
330
14C1
100
AcDbEntity
  8
0
370
0
100
AcDbVertex
100
AcDb2dVertex
 10
2290.432368023487
 20
1781.922491087417
 30
0.0
 70
0
  0
VERTEX
  5
14C6
330
14C1
100
AcDbEntity
  8
0
370
0
100
AcDbVertex
100
AcDb2dVertex
 10
2290.859553023486
 20
1781.385321087418
 30
0.0
 70
0
  0
VERTEX
  5
14C7
330
14C1
100
AcDbEntity
  8
0
370
0
100
AcDbVertex
100
AcDb2dVertex
 10
2291.253352023487
 20
1780.834890087417
 30
0.0
 70
0
  0
VERTEX
  5
14C8
330
14C1
100
AcDbEntity
  8
0
370
0
100
AcDbVertex
100
AcDb2dVertex
 10
2291.705195023487
 20
1780.133978087417
 30
0.0
 70
0
  0
VERTEX
  5
14C9
330
14C1
100
AcDbEntity
  8
0
370
0
100
AcDbVertex
100
AcDb2dVertex
 10
2292.119379023487
 20
1779.420828087417
 30
0.0
 70
0
  0
VERTEX
  5
14CA
330
14C1
100
AcDbEntity
  8
0
370
0
100
AcDbVertex
100
AcDb2dVertex
 10
2292.571589023486
 20
1778.555426087418
 30
0.0
 70
0
  0
VERTEX
  5
14CB
330
14C1
100
AcDbEntity
  8
0
370
0
100
AcDbVertex
100
AcDb2dVertex
 10
2292.978938023486
 20
1777.687368087418
 30
0.0
 70
0
  0
VERTEX
  5
14CC
330
14C1
100
AcDbEntity
  8
0
370
0
100
AcDbVertex
100
AcDb2dVertex
 10
2293.386103023486
 20
1776.724584087417
 30
0.0
 70
0
  0
VERTEX
  5
14CD
330
14C1
100
AcDbEntity
  8
0
370
0
100
AcDbVertex
100
AcDb2dVertex
 10
2293.757197023487
 20
1775.759252087417
 30
0.0
 70
0
  0
VERTEX
  5
14CE
330
14C1
100
AcDbEntity
  8
0
370
0
100
AcDbVertex
100
AcDb2dVertex
 10
2294.612360023487
 20
1773.276968087418
 30
0.0
 70
0
  0
VERTEX
  5
14CF
330
14C1
100
AcDbEntity
  8
0
370
0
100
AcDbVertex
100
AcDb2dVertex
 10
2294.751154023487
 20
1772.850958087418
 30
0.0
 70
0
  0
VERTEX
  5
14D0
330
14C1
100
AcDbEntity
  8
0
370
0
100
AcDbVertex
100
AcDb2dVertex
 10
2295.676753023487
 20
1769.856008087417
 30
0.0
 70
0
  0
VERTEX
  5
14D1
330
14C1
100
AcDbEntity
  8
0
370
0
100
AcDbVertex
100
AcDb2dVertex
 10
2296.123042023486
 20
1768.246099087418
 30
0.0
 70
0
  0
VERTEX
  5
14D2
330
14C1
100
AcDbEntity
  8
0
370
0
100
AcDbVertex
100
AcDb2dVertex
 10
2296.518794023487
 20
1766.625799087417
 30
0.0
 70
0
  0
VERTEX
  5
14D3
330
14C1
100
AcDbEntity
  8
0
370
0
100
AcDbVertex
100
AcDb2dVertex
 10
2296.915522023486
 20
1764.657125087418
 30
0.0
 70
0
  0
VERTEX
  5
14D4
330
14C1
100
AcDbEntity
  8
0
370
0
100
AcDbVertex
100
AcDb2dVertex
 10
2297.227656023487
 20
1762.680548087417
 30
0.0
 70
0
  0
VERTEX
  5
14D5
330
14C1
100
AcDbEntity
  8
0
370
0
100
AcDbVertex
100
AcDb2dVertex
 10
2297.444025023487
 20
1761.081121087417
 30
0.0
 70
0
  0
VERTEX
  5
14D6
330
14C1
100
AcDbEntity
  8
0
370
0
100
AcDbVertex
100
AcDb2dVertex
 10
2297.721064023486
 20
1758.887808087417
 30
0.0
 70
0
  0
VERTEX
  5
14D7
330
14C1
100
AcDbEntity
  8
0
370
0
100
AcDbVertex
100
AcDb2dVertex
 10
2297.975031023486
 20
1756.702978087417
 30
0.0
 70
0
  0
VERTEX
  5
14D8
330
14C1
100
AcDbEntity
  8
0
370
0
100
AcDbVertex
100
AcDb2dVertex
 10
2298.219111023486
 20
1754.129812087418
 30
0.0
 70
0
  0
VERTEX
  5
14D9
330
14C1
100
AcDbEntity
  8
0
370
0
100
AcDbVertex
100
AcDb2dVertex
 10
2298.269526023487
 20
1753.419531087417
 30
0.0
 70
0
  0
VERTEX
  5
14DA
330
14C1
100
AcDbEntity
  8
0
370
0
100
AcDbVertex
100
AcDb2dVertex
 10
2298.354304023487
 20
1751.291372087418
 30
0.0
 70
0
  0
VERTEX
  5
14DB
330
14C1
100
AcDbEntity
  8
0
370
0
100
AcDbVertex
100
AcDb2dVertex
 10
2298.355891023487
 20
1750.751638087417
 30
0.0
 70
0
  0
VERTEX
  5
14DC
330
14C1
100
AcDbEntity
  8
0
370
0
100
AcDbVertex
100
AcDb2dVertex
 10
2298.283381023486
 20
1749.131582087418
 30
0.0
 70
0
  0
VERTEX
  5
14DD
330
14C1
100
AcDbEntity
  8
0
370
0
100
AcDbVertex
100
AcDb2dVertex
 10
2298.203852023487
 20
1748.359259087418
 30
0.0
 70
0
  0
VERTEX
  5
14DE
330
14C1
100
AcDbEntity
  8
0
370
0
100
AcDbVertex
100
AcDb2dVertex
 10
2297.978083023487
 20
1746.823324087418
 30
0.0
 70
0
  0
VERTEX
  5
14DF
330
14C1
100
AcDbEntity
  8
0
370
0
100
AcDbVertex
100
AcDb2dVertex
 10
2297.525385023487
 20
1744.381277087417
 30
0.0
 70
0
  0
VERTEX
  5
14E0
330
14C1
100
AcDbEntity
  8
0
370
0
100
AcDbVertex
100
AcDb2dVertex
 10
2297.261408023486
 20
1743.157385087417
 30
0.0
 70
0
  0
VERTEX
  5
14E1
330
14C1
100
AcDbEntity
  8
0
370
0
100
AcDbVertex
100
AcDb2dVertex
 10
2297.145442023487
 20
1742.713934087417
 30
0.0
 70
0
  0
VERTEX
  5
14E2
330
14C1
100
AcDbEntity
  8
0
370
0
100
AcDbVertex
100
AcDb2dVertex
 10
2296.838923023486
 20
1741.870779087417
 30
0.0
 70
0
  0
VERTEX
  5
14E3
330
14C1
100
AcDbEntity
  8
0
370
0
100
AcDbVertex
100
AcDb2dVertex
 10
2296.473200023486
 20
1741.168966087418
 30
0.0
 70
0
  0
VERTEX
  5
14E4
330
14C1
100
AcDbEntity
  8
0
370
0
100
AcDbVertex
100
AcDb2dVertex
 10
2296.040095023486
 20
1740.511373087417
 30
0.0
 70
0
  0
VERTEX
  5
14E5
330
14C1
100
AcDbEntity
  8
0
370
0
100
AcDbVertex
100
AcDb2dVertex
 10
2295.422419023486
 20
1739.712301087417
 30
0.0
 70
0
  0
VERTEX
  5
14E6
330
14C1
100
AcDbEntity
  8
0
370
0
100
AcDbVertex
100
AcDb2dVertex
 10
2294.259028023486
 20
1738.338644087417
 30
0.0
 70
0
  0
VERTEX
  5
14E7
330
14C1
100
AcDbEntity
  8
0
370
0
100
AcDbVertex
100
AcDb2dVertex
 10
2293.396967023487
 20
1737.298498087417
 30
0.0
 70
0
  0
VERTEX
  5
14E8
330
14C1
100
AcDbEntity
  8
0
370
0
100
AcDbVertex
100
AcDb2dVertex
 10
2292.584040023486
 20
1736.310079087418
 30
0.0
 70
0
  0
VERTEX
  5
14E9
330
14C1
100
AcDbEntity
  8
0
370
0
100
AcDbVertex
100
AcDb2dVertex
 10
2292.397028023486
 20
1736.100103087418
 30
0.0
 70
0
  0
VERTEX
  5
14EA
330
14C1
100
AcDbEntity
  8
0
370
0
100
AcDbVertex
100
AcDb2dVertex
 10
2291.799677023487
 20
1735.534262087417
 30
0.0
 70
0
  0
VERTEX
  5
14EB
330
14C1
100
AcDbEntity
  8
0
370
0
100
AcDbVertex
100
AcDb2dVertex
 10
2291.202937023487
 20
1735.122015087418
 30
0.0
 70
0
  0
VERTEX
  5
14EC
330
14C1
100
AcDbEntity
  8
0
370
0
100
AcDbVertex
100
AcDb2dVertex
 10
2290.526545023487
 20
1734.776174087417
 30
0.0
 70
0
  0
VERTEX
  5
14ED
330
14C1
100
AcDbEntity
  8
0
370
0
100
AcDbVertex
100
AcDb2dVertex
 10
2289.819331023487
 20
1734.505911087418
 30
0.0
 70
0
  0
VERTEX
  5
14EE
330
14C1
100
AcDbEntity
  8
0
370
0
100
AcDbVertex
100
AcDb2dVertex
 10
2289.082392023486
 20
1734.299383087417
 30
0.0
 70
0
  0
VERTEX
  5
14EF
330
14C1
100
AcDbEntity
  8
0
370
0
100
AcDbVertex
100
AcDb2dVertex
 10
2287.924006023486
 20
1734.103613087417
 30
0.0
 70
0
  0
SEQEND
  5
14F0
330
14C1
100
AcDbEntity
  8
0
370
0
  0
LINE
  5
14F1
330
14BD
100
AcDbEntity
  8
0
 62
7
370
35
 48
0.038461
100
AcDbLine
 10
2287.924006023486
 20
1734.103613087417
 30
0.0
 11
2287.924006023486
 21
1735.642065087418
 31
0.0
  0
LINE
  5
14F2
330
14BD
100
AcDbEntity
  8
0
 62
7
370
35
 48
0.058965
100
AcDbLine
 10
2287.924006023486
 20
1735.642065087418
 30
0.0
 11
2290.282587023487
 21
1735.642065087418
 31
0.0
  0
LINE
  5
14F3
330
14BD
100
AcDbEntity
  8
0
 62
7
370
35
 48
0.025
100
AcDbLine
 10
2290.282587023487
 20
1735.642065087418
 30
0.0
 11
2290.282587023487
 21
1736.642065087418
 31
0.0
  0
LINE
  5
14F4
330
14BD
100
AcDbEntity
  8
0
 62
7
370
35
 48
0.058965
100
AcDbLine
 10
2287.924006023486
 20
1736.642065087418
 30
0.0
 11
2290.282587023487
 21
1736.642065087418
 31
0.0
  0
LINE
  5
14F5
330
14BD
100
AcDbEntity
  8
0
 62
7
370
35
 48
0.152547
100
AcDbLine
 10
2287.924006023486
 20
1736.642065087418
 30
0.0
 11
2287.924006023486
 21
1742.743948087417
 31
0.0
  0
LINE
  5
14F6
330
14BD
100
AcDbEntity
  8
0
 62
7
370
35
 48
0.115375
100
AcDbLine
 10
2292.538996023486
 20
1742.743948087417
 30
0.0
 11
2287.924006023486
 21
1742.743948087417
 31
0.0
  0
LINE
  5
14F7
330
14BD
100
AcDbEntity
  8
0
 62
7
370
35
 48
0.025
100
AcDbLine
 10
2292.538996023486
 20
1742.743948087417
 30
0.0
 11
2292.538996023486
 21
1743.743948087417
 31
0.0
  0
LINE
  5
14F8
330
14BD
100
AcDbEntity
  8
0
 62
7
370
35
 48
0.115375
100
AcDbLine
 10
2292.538996023486
 20
1743.743948087417
 30
0.0
 11
2287.924006023486
 21
1743.743948087417
 31
0.0
  0
LINE
  5
14F9
330
14BD
100
AcDbEntity
  8
0
 62
7
370
35
 48
0.159953
100
AcDbLine
 10
2287.924006023486
 20
1743.743948087417
 30
0.0
 11
2287.924006023486
 21
1750.142065087418
 31
0.0
  0
LINE
  5
14FA
330
14BD
100
AcDbEntity
  8
0
 62
7
370
35
 48
0.130244
100
AcDbLine
 10
2293.133784023487
 20
1750.142065087418
 30
0.0
 11
2287.924006023486
 21
1750.142065087418
 31
0.0
  0
LINE
  5
14FB
330
14BD
100
AcDbEntity
  8
0
 62
7
370
35
 48
0.05
100
AcDbLine
 10
2293.133784023487
 20
1750.142065087418
 30
0.0
 11
2293.133784023487
 21
1752.142065087418
 31
0.0
  0
LINE
  5
14FC
330
14BD
100
AcDbEntity
  8
0
 62
7
370
35
 48
0.130244
100
AcDbLine
 10
2293.133784023487
 20
1752.142065087418
 30
0.0
 11
2287.924006023486
 21
1752.142065087418
 31
0.0
  0
LINE
  5
14FD
330
14BD
100
AcDbEntity
  8
0
 62
7
370
35
 48
0.238072
100
AcDbLine
 10
2287.924006023486
 20
1752.142065087418
 30
0.0
 11
2287.924006023486
 21
1761.664938087418
 31
0.0
  0
LINE
  5
14FE
330
14BD
100
AcDbEntity
  8
0
 62
7
370
35
 48
0.118036
100
AcDbLine
 10
2292.645442023487
 20
1761.664938087418
 30
0.0
 11
2287.924006023486
 21
1761.664938087418
 31
0.0
  0
LINE
  5
14FF
330
14BD
100
AcDbEntity
  8
0
 62
7
370
35
 48
0.025
100
AcDbLine
 10
2292.645442023487
 20
1761.664938087418
 30
0.0
 11
2292.645442023487
 21
1762.664938087417
 31
0.0
  0
LINE
  5
1500
330
14BD
100
AcDbEntity
  8
0
 62
7
370
35
 48
0.118036
100
AcDbLine
 10
2292.645442023487
 20
1762.664938087417
 30
0.0
 11
2287.924006023486
 21
1762.664938087417
 31
0.0
  0
LINE
  5
1501
330
14BD
100
AcDbEntity
  8
0
 62
7
370
35
 48
0.306416
100
AcDbLine
 10
2287.924006023486
 20
1762.664938087417
 30
0.0
 11
2287.924006023486
 21
1774.921560087418
 31
0.0
  0
LINE
  5
1502
330
14BD
100
AcDbEntity
  8
0
 62
7
370
35
 48
0.102184
100
AcDbLine
 10
2292.011347023486
 20
1774.921560087418
 30
0.0
 11
2287.924006023486
 21
1774.921560087418
 31
0.0
  0
LINE
  5
1503
330
14BD
100
AcDbEntity
  8
0
 62
7
370
35
 48
0.025
100
AcDbLine
 10
2292.011347023486
 20
1774.921560087418
 30
0.0
 11
2292.011347023486
 21
1775.921560087418
 31
0.0
  0
LINE
  5
1504
330
14BD
100
AcDbEntity
  8
0
 62
7
370
35
 48
0.102184
100
AcDbLine
 10
2292.011347023486
 20
1775.921560087418
 30
0.0
 11
2287.924006023486
 21
1775.921560087418
 31
0.0
  0
LINE
  5
1505
330
14BD
100
AcDbEntity
  8
0
 62
7
370
35
 48
0.185517
100
AcDbLine
 10
2287.924006023486
 20
1775.921560087418
 30
0.0
 11
2287.924006023486
 21
1783.342245087418
 31
0.0
  0
ENDBLK
  5
14BF
330
14BD
100
AcDbEntity
  8
0
100
AcDbBlockEnd
  0
BLOCK
  5
1509
330
1508
100
AcDbEntity
  8
0
100
AcDbBlockBegin
  2
PART_006
 70
0
 10
0.0
 20
0.0
 30
0.0
  3
PART_006
  1

  0
LINE
  5
150B
330
1508
100
AcDbEntity
  8
0
 62
7
370
35
 48
0.024869
100
AcDbLine
 10
2278.978666221517
 20
1783.342245087418
 30
0.0
 11
2277.983915221517
 21
1783.342245087418
 31
0.0
  0
POLYLINE
  5
150C
330
1508
100
AcDbEntity
  8
0
 62
7
370
35
100
AcDb2dPolyline
 66
1
 10
0.0
 20
0.0
 30
0.0
 70
0
  0
VERTEX
  5
150D
330
150C
100
AcDbEntity
  8
0
370
0
100
AcDbVertex
100
AcDb2dVertex
 10
2277.983915221517
 20
1783.342245087418
 30
0.0
 70
0
  0
VERTEX
  5
150E
330
150C
100
AcDbEntity
  8
0
370
0
100
AcDbVertex
100
AcDb2dVertex
 10
2277.583647221517
 20
1783.039907087417
 30
0.0
 70
0
  0
VERTEX
  5
150F
330
150C
100
AcDbEntity
  8
0
370
0
100
AcDbVertex
100
AcDb2dVertex
 10
2277.217436221517
 20
1782.717031087418
 30
0.0
 70
0
  0
VERTEX
  5
1510
330
150C
100
AcDbEntity
  8
0
370
0
100
AcDbVertex
100
AcDb2dVertex
 10
2276.470304221517
 20
1781.922491087417
 30
0.0
 70
0
  0
VERTEX
  5
1511
330
150C
100
AcDbEntity
  8
0
370
0
100
AcDbVertex
100
AcDb2dVertex
 10
2276.043119221518
 20
1781.385321087418
 30
0.0
 70
0
  0
VERTEX
  5
1512
330
150C
100
AcDbEntity
  8
0
370
0
100
AcDbVertex
100
AcDb2dVertex
 10
2275.649320221517
 20
1780.834890087417
 30
0.0
 70
0
  0
VERTEX
  5
1513
330
150C
100
AcDbEntity
  8
0
370
0
100
AcDbVertex
100
AcDb2dVertex
 10
2275.197477221517
 20
1780.133978087417
 30
0.0
 70
0
  0
VERTEX
  5
1514
330
150C
100
AcDbEntity
  8
0
370
0
100
AcDbVertex
100
AcDb2dVertex
 10
2274.783293221517
 20
1779.420828087417
 30
0.0
 70
0
  0
VERTEX
  5
1515
330
150C
100
AcDbEntity
  8
0
370
0
100
AcDbVertex
100
AcDb2dVertex
 10
2274.331083221518
 20
1778.555426087418
 30
0.0
 70
0
  0
VERTEX
  5
1516
330
150C
100
AcDbEntity
  8
0
370
0
100
AcDbVertex
100
AcDb2dVertex
 10
2273.923734221517
 20
1777.687368087418
 30
0.0
 70
0
  0
VERTEX
  5
1517
330
150C
100
AcDbEntity
  8
0
370
0
100
AcDbVertex
100
AcDb2dVertex
 10
2273.516569221517
 20
1776.724584087417
 30
0.0
 70
0
  0
VERTEX
  5
1518
330
150C
100
AcDbEntity
  8
0
370
0
100
AcDbVertex
100
AcDb2dVertex
 10
2273.145475221517
 20
1775.759252087417
 30
0.0
 70
0
  0
VERTEX
  5
1519
330
150C
100
AcDbEntity
  8
0
370
0
100
AcDbVertex
100
AcDb2dVertex
 10
2272.290312221517
 20
1773.276968087418
 30
0.0
 70
0
  0
VERTEX
  5
151A
330
150C
100
AcDbEntity
  8
0
370
0
100
AcDbVertex
100
AcDb2dVertex
 10
2272.151518221517
 20
1772.850958087418
 30
0.0
 70
0
  0
VERTEX
  5
151B
330
150C
100
AcDbEntity
  8
0
370
0
100
AcDbVertex
100
AcDb2dVertex
 10
2271.225919221517
 20
1769.856008087417
 30
0.0
 70
0
  0
VERTEX
  5
151C
330
150C
100
AcDbEntity
  8
0
370
0
100
AcDbVertex
100
AcDb2dVertex
 10
2270.779630221518
 20
1768.246099087418
 30
0.0
 70
0
  0
VERTEX
  5
151D
330
150C
100
AcDbEntity
  8
0
370
0
100
AcDbVertex
100
AcDb2dVertex
 10
2270.383878221517
 20
1766.625799087417
 30
0.0
 70
0
  0
VERTEX
  5
151E
330
150C
100
AcDbEntity
  8
0
370
0
100
AcDbVertex
100
AcDb2dVertex
 10
2269.987150221517
 20
1764.657125087418
 30
0.0
 70
0
  0
VERTEX
  5
151F
330
150C
100
AcDbEntity
  8
0
370
0
100
AcDbVertex
100
AcDb2dVertex
 10
2269.675016221517
 20
1762.680548087417
 30
0.0
 70
0
  0
VERTEX
  5
1520
330
150C
100
AcDbEntity
  8
0
370
0
100
AcDbVertex
100
AcDb2dVertex
 10
2269.458647221517
 20
1761.081121087417
 30
0.0
 70
0
  0
VERTEX
  5
1521
330
150C
100
AcDbEntity
  8
0
370
0
100
AcDbVertex
100
AcDb2dVertex
 10
2269.181608221517
 20
1758.887808087417
 30
0.0
 70
0
  0
VERTEX
  5
1522
330
150C
100
AcDbEntity
  8
0
370
0
100
AcDbVertex
100
AcDb2dVertex
 10
2268.927641221517
 20
1756.702978087417
 30
0.0
 70
0
  0
VERTEX
  5
1523
330
150C
100
AcDbEntity
  8
0
370
0
100
AcDbVertex
100
AcDb2dVertex
 10
2268.683561221517
 20
1754.129812087418
 30
0.0
 70
0
  0
VERTEX
  5
1524
330
150C
100
AcDbEntity
  8
0
370
0
100
AcDbVertex
100
AcDb2dVertex
 10
2268.633146221517
 20
1753.419531087417
 30
0.0
 70
0
  0
VERTEX
  5
1525
330
150C
100
AcDbEntity
  8
0
370
0
100
AcDbVertex
100
AcDb2dVertex
 10
2268.548368221517
 20
1751.291372087418
 30
0.0
 70
0
  0
VERTEX
  5
1526
330
150C
100
AcDbEntity
  8
0
370
0
100
AcDbVertex
100
AcDb2dVertex
 10
2268.546781221516
 20
1750.751638087417
 30
0.0
 70
0
  0
VERTEX
  5
1527
330
150C
100
AcDbEntity
  8
0
370
0
100
AcDbVertex
100
AcDb2dVertex
 10
2268.619291221517
 20
1749.131582087418
 30
0.0
 70
0
  0
VERTEX
  5
1528
330
150C
100
AcDbEntity
  8
0
370
0
100
AcDbVertex
100
AcDb2dVertex
 10
2268.698820221517
 20
1748.359259087418
 30
0.0
 70
0
  0
VERTEX
  5
1529
330
150C
100
AcDbEntity
  8
0
370
0
100
AcDbVertex
100
AcDb2dVertex
 10
2268.924589221517
 20
1746.823324087418
 30
0.0
 70
0
  0
VERTEX
  5
152A
330
150C
100
AcDbEntity
  8
0
370
0
100
AcDbVertex
100
AcDb2dVertex
 10
2269.377287221518
 20
1744.381277087417
 30
0.0
 70
0
  0
VERTEX
  5
152B
330
150C
100
AcDbEntity
  8
0
370
0
100
AcDbVertex
100
AcDb2dVertex
 10
2269.641264221517
 20
1743.157385087417
 30
0.0
 70
0
  0
VERTEX
  5
152C
330
150C
100
AcDbEntity
  8
0
370
0
100
AcDbVertex
100
AcDb2dVertex
 10
2269.757230221517
 20
1742.713934087417
 30
0.0
 70
0
  0
VERTEX
  5
152D
330
150C
100
AcDbEntity
  8
0
370
0
100
AcDbVertex
100
AcDb2dVertex
 10
2270.063749221518
 20
1741.870779087417
 30
0.0
 70
0
  0
VERTEX
  5
152E
330
150C
100
AcDbEntity
  8
0
370
0
100
AcDbVertex
100
AcDb2dVertex
 10
2270.429472221517
 20
1741.168966087418
 30
0.0
 70
0
  0
VERTEX
  5
152F
330
150C
100
AcDbEntity
  8
0
370
0
100
AcDbVertex
100
AcDb2dVertex
 10
2270.862577221517
 20
1740.511373087417
 30
0.0
 70
0
  0
VERTEX
  5
1530
330
150C
100
AcDbEntity
  8
0
370
0
100
AcDbVertex
100
AcDb2dVertex
 10
2271.480253221517
 20
1739.712301087417
 30
0.0
 70
0
  0
VERTEX
  5
1531
330
150C
100
AcDbEntity
  8
0
370
0
100
AcDbVertex
100
AcDb2dVertex
 10
2272.643644221517
 20
1738.338644087417
 30
0.0
 70
0
  0
VERTEX
  5
1532
330
150C
100
AcDbEntity
  8
0
370
0
100
AcDbVertex
100
AcDb2dVertex
 10
2273.505705221517
 20
1737.298498087417
 30
0.0
 70
0
  0
VERTEX
  5
1533
330
150C
100
AcDbEntity
  8
0
370
0
100
AcDbVertex
100
AcDb2dVertex
 10
2274.318632221517
 20
1736.310079087418
 30
0.0
 70
0
  0
VERTEX
  5
1534
330
150C
100
AcDbEntity
  8
0
370
0
100
AcDbVertex
100
AcDb2dVertex
 10
2274.505644221517
 20
1736.100103087418
 30
0.0
 70
0
  0
VERTEX
  5
1535
330
150C
100
AcDbEntity
  8
0
370
0
100
AcDbVertex
100
AcDb2dVertex
 10
2275.102995221518
 20
1735.534262087417
 30
0.0
 70
0
  0
VERTEX
  5
1536
330
150C
100
AcDbEntity
  8
0
370
0
100
AcDbVertex
100
AcDb2dVertex
 10
2275.699735221516
 20
1735.122015087418
 30
0.0
 70
0
  0
VERTEX
  5
1537
330
150C
100
AcDbEntity
  8
0
370
0
100
AcDbVertex
100
AcDb2dVertex
 10
2276.376127221517
 20
1734.776174087417
 30
0.0
 70
0
  0
VERTEX
  5
1538
330
150C
100
AcDbEntity
  8
0
370
0
100
AcDbVertex
100
AcDb2dVertex
 10
2277.083341221517
 20
1734.505911087418
 30
0.0
 70
0
  0
VERTEX
  5
1539
330
150C
100
AcDbEntity
  8
0
370
0
100
AcDbVertex
100
AcDb2dVertex
 10
2277.820280221517
 20
1734.299383087417
 30
0.0
 70
0
  0
VERTEX
  5
153A
330
150C
100
AcDbEntity
  8
0
370
0
100
AcDbVertex
100
AcDb2dVertex
 10
2278.978666221517
 20
1734.103613087417
 30
0.0
 70
0
  0
SEQEND
  5
153B
330
150C
100
AcDbEntity
  8
0
370
0
  0
LINE
  5
153C
330
1508
100
AcDbEntity
  8
0
 62
7
370
35
 48
0.038461
100
AcDbLine
 10
2278.978666221517
 20
1734.103613087417
 30
0.0
 11
2278.978666221517
 21
1735.642065087418
 31
0.0
  0
LINE
  5
153D
330
1508
100
AcDbEntity
  8
0
 62
7
370
35
 48
0.058965
100
AcDbLine
 10
2278.978666221517
 20
1735.642065087418
 30
0.0
 11
2276.620085221517
 21
1735.642065087418
 31
0.0
  0
LINE
  5
153E
330
1508
100
AcDbEntity
  8
0
 62
7
370
35
 48
0.025
100
AcDbLine
 10
2276.620085221517
 20
1735.642065087418
 30
0.0
 11
2276.620085221517
 21
1736.642065087418
 31
0.0
  0
LINE
  5
153F
330
1508
100
AcDbEntity
  8
0
 62
7
370
35
 48
0.058965
100
AcDbLine
 10
2278.978666221517
 20
1736.642065087418
 30
0.0
 11
2276.620085221517
 21
1736.642065087418
 31
0.0
  0
LINE
  5
1540
330
1508
100
AcDbEntity
  8
0
 62
7
370
35
 48
0.152547
100
AcDbLine
 10
2278.978666221517
 20
1736.642065087418
 30
0.0
 11
2278.978666221517
 21
1742.743948087417
 31
0.0
  0
LINE
  5
1541
330
1508
100
AcDbEntity
  8
0
 62
7
370
35
 48
0.115375
100
AcDbLine
 10
2274.363676221518
 20
1742.743948087417
 30
0.0
 11
2278.978666221517
 21
1742.743948087417
 31
0.0
  0
LINE
  5
1542
330
1508
100
AcDbEntity
  8
0
 62
7
370
35
 48
0.025
100
AcDbLine
 10
2274.363676221518
 20
1742.743948087417
 30
0.0
 11
2274.363676221518
 21
1743.743948087417
 31
0.0
  0
LINE
  5
1543
330
1508
100
AcDbEntity
  8
0
 62
7
370
35
 48
0.115375
100
AcDbLine
 10
2274.363676221518
 20
1743.743948087417
 30
0.0
 11
2278.978666221517
 21
1743.743948087417
 31
0.0
  0
LINE
  5
1544
330
1508
100
AcDbEntity
  8
0
 62
7
370
35
 48
0.159953
100
AcDbLine
 10
2278.978666221517
 20
1743.743948087417
 30
0.0
 11
2278.978666221517
 21
1750.142065087418
 31
0.0
  0
LINE
  5
1545
330
1508
100
AcDbEntity
  8
0
 62
7
370
35
 48
0.130244
100
AcDbLine
 10
2273.768888221517
 20
1750.142065087418
 30
0.0
 11
2278.978666221517
 21
1750.142065087418
 31
0.0
  0
LINE
  5
1546
330
1508
100
AcDbEntity
  8
0
 62
7
370
35
 48
0.05
100
AcDbLine
 10
2273.768888221517
 20
1750.142065087418
 30
0.0
 11
2273.768888221517
 21
1752.142065087418
 31
0.0
  0
LINE
  5
1547
330
1508
100
AcDbEntity
  8
0
 62
7
370
35
 48
0.130244
100
AcDbLine
 10
2273.768888221517
 20
1752.142065087418
 30
0.0
 11
2278.978666221517
 21
1752.142065087418
 31
0.0
  0
LINE
  5
1548
330
1508
100
AcDbEntity
  8
0
 62
7
370
35
 48
0.238072
100
AcDbLine
 10
2278.978666221517
 20
1752.142065087418
 30
0.0
 11
2278.978666221517
 21
1761.664938087418
 31
0.0
  0
LINE
  5
1549
330
1508
100
AcDbEntity
  8
0
 62
7
370
35
 48
0.118036
100
AcDbLine
 10
2274.257230221516
 20
1761.664938087418
 30
0.0
 11
2278.978666221517
 21
1761.664938087418
 31
0.0
  0
LINE
  5
154A
330
1508
100
AcDbEntity
  8
0
 62
7
370
35
 48
0.025
100
AcDbLine
 10
2274.257230221516
 20
1761.664938087418
 30
0.0
 11
2274.257230221516
 21
1762.664938087417
 31
0.0
  0
LINE
  5
154B
330
1508
100
AcDbEntity
  8
0
 62
7
370
35
 48
0.118036
100
AcDbLine
 10
2274.257230221516
 20
1762.664938087417
 30
0.0
 11
2278.978666221517
 21
1762.664938087417
 31
0.0
  0
LINE
  5
154C
330
1508
100
AcDbEntity
  8
0
 62
7
370
35
 48
0.306416
100
AcDbLine
 10
2278.978666221517
 20
1762.664938087417
 30
0.0
 11
2278.978666221517
 21
1774.921560087418
 31
0.0
  0
LINE
  5
154D
330
1508
100
AcDbEntity
  8
0
 62
7
370
35
 48
0.102184
100
AcDbLine
 10
2274.891325221517
 20
1774.921560087418
 30
0.0
 11
2278.978666221517
 21
1774.921560087418
 31
0.0
  0
LINE
  5
154E
330
1508
100
AcDbEntity
  8
0
 62
7
370
35
 48
0.025
100
AcDbLine
 10
2274.891325221517
 20
1774.921560087418
 30
0.0
 11
2274.891325221517
 21
1775.921560087418
 31
0.0
  0
LINE
  5
154F
330
1508
100
AcDbEntity
  8
0
 62
7
370
35
 48
0.102184
100
AcDbLine
 10
2274.891325221517
 20
1775.921560087418
 30
0.0
 11
2278.978666221517
 21
1775.921560087418
 31
0.0
  0
LINE
  5
1550
330
1508
100
AcDbEntity
  8
0
 62
7
370
35
 48
0.185517
100
AcDbLine
 10
2278.978666221517
 20
1775.921560087418
 30
0.0
 11
2278.978666221517
 21
1783.342245087418
 31
0.0
  0
ENDBLK
  5
150A
330
1508
100
AcDbEntity
  8
0
100
AcDbBlockEnd
  0
BLOCK
  5
1554
330
1553
100
AcDbEntity
  8
0
100
AcDbBlockBegin
  2
PART_007
 70
0
 10
0.0
 20
0.0
 30
0.0
  3
PART_007
  1

  0
ARC
  5
1556
330
1553
100
AcDbEntity
  8
0
 62
7
370
35
100
AcDbCircle
 10
2328.086992699602
 20
1810.900199518215
 30
0.0
 40
9.440128999999997
100
AcDbArc
 50
276.0807919999937
 51
313.1979149999994
  0
LINE
  5
1557
330
1553
100
AcDbEntity
  8
0
 62
7
370
35
 48
0.034366
100
AcDbLine
 10
2333.174334699602
 20
1804.018393518215
 30
0.0
 11
2334.548967699602
 21
1804.018393518215
 31
0.0
  0
LINE
  5
1558
330
1553
100
AcDbEntity
  8
0
 62
7
370
35
 48
0.025
100
AcDbLine
 10
2333.174334699602
 20
1805.018393518215
 30
0.0
 11
2333.174334699602
 21
1804.018393518215
 31
0.0
  0
LINE
  5
1559
330
1553
100
AcDbEntity
  8
0
 62
7
370
35
 48
0.057411
100
AcDbLine
 10
2333.174334699602
 20
1805.018393518215
 30
0.0
 11
2335.470781699601
 21
1805.018393518215
 31
0.0
  0
ARC
  5
155A
330
1553
100
AcDbEntity
  8
0
 62
7
370
35
100
AcDbCircle
 10
2328.086992699602
 20
1810.900199518215
 30
0.0
 40
9.440128999999997
100
AcDbArc
 50
321.4598620000042
 51
12.96661599999486
  0
LINE
  5
155B
330
1553
100
AcDbEntity
  8
0
 62
7
370
35
 48
0.102802
100
AcDbLine
 10
2333.174334699602
 20
1813.018393518215
 30
0.0
 11
2337.286394699602
 21
1813.018393518215
 31
0.0
  0
LINE
  5
155C
330
1553
100
AcDbEntity
  8
0
 62
7
370
35
 48
0.025
100
AcDbLine
 10
2333.174334699602
 20
1814.018393518215
 30
0.0
 11
2333.174334699602
 21
1813.018393518215
 31
0.0
  0
LINE
  5
155D
330
1553
100
AcDbEntity
  8
0
 62
7
370
35
 48
0.095573
100
AcDbLine
 10
2333.174334699602
 20
1814.018393518215
 30
0.0
 11
2336.997271699602
 21
1814.018393518215
 31
0.0
  0
ARC
  5
155E
330
1553
100
AcDbEntity
  8
0
 62
7
370
35
100
AcDbCircle
 10
2328.086992699602
 20
1810.900199518215
 30
0.0
 40
9.440128999999997
100
AcDbArc
 50
19.28783799999507
 51
160.7121659999966
  0
LINE
  5
155F
330
1553
100
AcDbEntity
  8
0
 62
7
370
35
 48
0.095573
100
AcDbLine
 10
2322.999651699602
 20
1814.018393518215
 30
0.0
 11
2319.176714699602
 21
1814.018393518215
 31
0.0
  0
LINE
  5
1560
330
1553
100
AcDbEntity
  8
0
 62
7
370
35
 48
0.025
100
AcDbLine
 10
2322.999651699602
 20
1814.018393518215
 30
0.0
 11
2322.999651699602
 21
1813.018393518215
 31
0.0
  0
LINE
  5
1561
330
1553
100
AcDbEntity
  8
0
 62
7
370
35
 48
0.102802
100
AcDbLine
 10
2322.999651699602
 20
1813.018393518215
 30
0.0
 11
2318.887590699603
 21
1813.018393518215
 31
0.0
  0
ARC
  5
1562
330
1553
100
AcDbEntity
  8
0
 62
7
370
35
100
AcDbCircle
 10
2328.086992699602
 20
1810.900199518215
 30
0.0
 40
9.440128999999997
100
AcDbArc
 50
167.0333829999927
 51
218.5401430000059
  0
LINE
  5
1563
330
1553
100
AcDbEntity
  8
0
 62
7
370
35
 48
0.057411
100
AcDbLine
 10
2322.999651699602
 20
1805.018393518215
 30
0.0
 11
2320.703203699602
 21
1805.018393518215
 31
0.0
  0
LINE
  5
1564
330
1553
100
AcDbEntity
  8
0
 62
7
370
35
 48
0.025
100
AcDbLine
 10
2322.999651699602
 20
1805.018393518215
 30
0.0
 11
2322.999651699602
 21
1804.018393518215
 31
0.0
  0
LINE
  5
1565
330
1553
100
AcDbEntity
  8
0
 62
7
370
35
 48
0.034366
100
AcDbLine
 10
2322.999651699602
 20
1804.018393518215
 30
0.0
 11
2321.625017699602
 21
1804.018393518215
 31
0.0
  0
ARC
  5
1566
330
1553
100
AcDbEntity
  8
0
 62
7
370
35
100
AcDbCircle
 10
2328.086992699602
 20
1810.900199518215
 30
0.0
 40
9.440128999999997
100
AcDbArc
 50
226.8020900000062
 51
263.9192029999867
  0
LINE
  5
1567
330
1553
100
AcDbEntity
  8
0
 62
7
370
35
 48
0.234676
100
AcDbLine
 10
2327.086992699602
 20
1810.900199518215
 30
0.0
 11
2327.086992699602
 21
1801.513175518215
 31
0.0
  0
LINE
  5
1568
330
1553
100
AcDbEntity
  8
0
 62
7
370
35
 48
0.05
100
AcDbLine
 10
2329.086992699602
 20
1810.900199518215
 30
0.0
 11
2327.086992699602
 21
1810.900199518215
 31
0.0
  0
LINE
  5
1569
330
1553
100
AcDbEntity
  8
0
 62
7
370
35
 48
0.234676
100
AcDbLine
 10
2329.086992699602
 20
1810.900199518215
 30
0.0
 11
2329.086992699602
 21
1801.513175518215
 31
0.0
  0
ENDBLK
  5
1555
330
1553
100
AcDbEntity
  8
0
100
AcDbBlockEnd
  0
BLOCK
  5
156D
330
156C
100
AcDbEntity
  8
0
100
AcDbBlockBegin
  2
PART_008
 70
0
 10
0.0
 20
0.0
 30
0.0
  3
PART_008
  1

  0
LINE
  5
156F
330
156C
100
AcDbEntity
  8
0
 62
7
370
35
 48
0.057916
100
AcDbLine
 10
2304.448582743801
 20
1761.980020848945
 30
0.0
 11
2302.131932743801
 21
1761.980020848945
 31
0.0
  0
LINE
  5
1570
330
156C
100
AcDbEntity
  8
0
100
AcDbLine
 10
2302.131932743801
 20
1761.980020848945
 30
0.0
 11
2302.131932743801
 21
1771.056711361879
 31
0.0
  0
SPLINE
  5
1571
330
156C
100
AcDbEntity
  8
0
100
AcDbSpline
 70
8
 71
3
 72
8
 73
4
 74
0
 42
1e-09
 40
0.0
 40
0.0
 40
0.0
 40
0.0
 40
5.264809947774224
 40
5.264809947774224
 40
5.264809947774224
 40
5.264809947774224
 10
2304.959685773352
 20
1766.615761397057
 30
0.0
 10
2304.393884483774
 20
1768.276987312946
 30
0.0
 10
2302.131932743801
 20
1772.811648011137
 30
0.0
 10
2302.131932743801
 20
1771.056711361879
 30
0.0
  0
ARC
  5
1572
330
156C
100
AcDbEntity
  8
0
 62
7
370
35
100
AcDbCircle
 10
2157.065220743801
 20
1716.243997848945
 30
0.0
 40
156.237279
100
AcDbArc
 50
17.02168699996694
 51
18.80846399999362
  0
LINE
  5
1573
330
156C
100
AcDbEntity
  8
0
 62
7
370
35
 48
0.026148
100
AcDbLine
 10
2306.458775743801
 20
1761.980020848945
 30
0.0
 11
2306.765233743801
 21
1760.980020848945
 31
0.0
  0
POLYLINE
  5
1574
330
156C
100
AcDbEntity
  8
0
 62
7
370
35
100
AcDb2dPolyline
 66
1
 10
0.0
 20
0.0
 30
0.0
 70
0
  0
VERTEX
  5
1575
330
1574
100
AcDbEntity
  8
0
370
0
100
AcDbVertex
100
AcDb2dVertex
 10
2306.765233743801
 20
1760.980020848945
 30
0.0
 70
0
  0
VERTEX
  5
1576
330
1574
100
AcDbEntity
  8
0
370
0
100
AcDbVertex
100
AcDb2dVertex
 10
2307.566868743801
 20
1758.351007848944
 30
0.0
 70
0
  0
VERTEX
  5
1577
330
1574
100
AcDbEntity
  8
0
370
0
100
AcDbVertex
100
AcDb2dVertex
 10
2308.467503743801
 20
1755.362039848944
 30
0.0
 70
0
  0
VERTEX
  5
1578
330
1574
100
AcDbEntity
  8
0
370
0
100
AcDbVertex
100
AcDb2dVertex
 10
2309.286595743801
 20
1752.433847848944
 30
0.0
 70
0
  0
VERTEX
  5
1579
330
1574
100
AcDbEntity
  8
0
370
0
100
AcDbVertex
100
AcDb2dVertex
 10
2310.095494743801
 20
1749.033487848945
 30
0.0
 70
0
  0
SEQEND
  5
157A
330
1574
100
AcDbEntity
  8
0
370
0
  0
LINE
  5
157B
330
156C
100
AcDbEntity
  8
0
 62
7
370
35
 48
0.025551
100
AcDbLine
 10
2310.095494743801
 20
1749.033487848945
 30
0.0
 11
2310.306554743801
 21
1748.033487848944
 31
0.0
  0
POLYLINE
  5
157C
330
156C
100
AcDbEntity
  8
0
 62
7
370
35
100
AcDb2dPolyline
 66
1
 10
0.0
 20
0.0
 30
0.0
 70
0
  0
VERTEX
  5
157D
330
157C
100
AcDbEntity
  8
0
370
0
100
AcDbVertex
100
AcDb2dVertex
 10
2310.306554743801
 20
1748.033487848944
 30
0.0
 70
0
  0
VERTEX
  5
157E
330
157C
100
AcDbEntity
  8
0
370
0
100
AcDbVertex
100
AcDb2dVertex
 10
2310.773961743801
 20
1745.729059848944
 30
0.0
 70
0
  0
VERTEX
  5
157F
330
157C
100
AcDbEntity
  8
0
370
0
100
AcDbVertex
100
AcDb2dVertex
 10
2311.555394743801
 20
1741.651926848945
 30
0.0
 70
0
  0
VERTEX
  5
1580
330
157C
100
AcDbEntity
  8
0
370
0
100
AcDbVertex
100
AcDb2dVertex
 10
2311.991063743801
 20
1738.983972848944
 30
0.0
 70
0
  0
SEQEND
  5
1581
330
157C
100
AcDbEntity
  8
0
370
0
  0
POLYLINE
  5
1582
330
156C
100
AcDbEntity
  8
0
 62
7
370
35
100
AcDb2dPolyline
 66
1
 10
0.0
 20
0.0
 30
0.0
 70
0
  0
VERTEX
  5
1583
330
1582
100
AcDbEntity
  8
0
370
0
100
AcDbVertex
100
AcDb2dVertex
 10
2315.094029743801
 20
1738.228677848945
 30
0.0
 70
0
  0
VERTEX
  5
1584
330
1582
100
AcDbEntity
  8
0
370
0
100
AcDbVertex
100
AcDb2dVertex
 10
2314.187291743801
 20
1738.536447848944
 30
0.0
 70
0
  0
VERTEX
  5
1585
330
1582
100
AcDbEntity
  8
0
370
0
100
AcDbVertex
100
AcDb2dVertex
 10
2313.459141743801
 20
1738.726175848945
 30
0.0
 70
0
  0
VERTEX
  5
1586
330
1582
100
AcDbEntity
  8
0
370
0
100
AcDbVertex
100
AcDb2dVertex
 10
2312.734288743801
 20
1738.872110848944
 30
0.0
 70
0
  0
VERTEX
  5
1587
330
1582
100
AcDbEntity
  8
0
370
0
100
AcDbVertex
100
AcDb2dVertex
 10
2311.991063743801
 20
1738.983972848944
 30
0.0
 70
0
  0
SEQEND
  5
1588
330
1582
100
AcDbEntity
  8
0
370
0
  0
LINE
  5
1589
330
156C
100
AcDbEntity
  8
0
 62
7
370
35
 48
0.061295
100
AcDbLine
 10
2315.094029743801
 20
1735.776865848945
 30
0.0
 11
2315.094029743801
 21
1738.228677848945
 31
0.0
  0
LINE
  5
158A
330
156C
100
AcDbEntity
  8
0
 62
7
370
35
 48
0.324052
100
AcDbLine
 10
2315.094029743801
 20
1735.776865848945
 30
0.0
 11
2302.131932743801
 21
1735.776865848945
 31
0.0
  0
LINE
  5
158B
330
156C
100
AcDbEntity
  8
0
 62
7
370
35
 48
0.306416
100
AcDbLine
 10
2302.131932743801
 20
1748.033487848944
 30
0.0
 11
2302.131932743801
 21
1735.776865848945
 31
0.0
  0
LINE
  5
158C
330
156C
100
AcDbEntity
  8
0
 62
7
370
35
 48
0.102184
100
AcDbLine
 10
2306.219273743801
 20
1748.033487848944
 30
0.0
 11
2302.131932743801
 21
1748.033487848944
 31
0.0
  0
LINE
  5
158D
330
156C
100
AcDbEntity
  8
0
 62
7
370
35
 48
0.025
100
AcDbLine
 10
2306.219273743801
 20
1748.033487848944
 30
0.0
 11
2306.219273743801
 21
1749.033487848945
 31
0.0
  0
LINE
  5
158E
330
156C
100
AcDbEntity
  8
0
 62
7
370
35
 48
0.102184
100
AcDbLine
 10
2306.219273743801
 20
1749.033487848945
 30
0.0
 11
2302.131932743801
 21
1749.033487848945
 31
0.0
  0
LINE
  5
158F
330
156C
100
AcDbEntity
  8
0
 62
7
370
35
 48
0.298663
100
AcDbLine
 10
2302.131932743801
 20
1760.980020848945
 30
0.0
 11
2302.131932743801
 21
1749.033487848945
 31
0.0
  0
LINE
  5
1590
330
156C
100
AcDbEntity
  8
0
 62
7
370
35
 48
0.057916
100
AcDbLine
 10
2304.448582743801
 20
1760.980020848945
 30
0.0
 11
2302.131932743801
 21
1760.980020848945
 31
0.0
  0
LINE
  5
1591
330
156C
100
AcDbEntity
  8
0
 62
7
370
35
 48
0.025
100
AcDbLine
 10
2304.448582743801
 20
1760.980020848945
 30
0.0
 11
2304.448582743801
 21
1761.980020848945
 31
0.0
  0
ENDBLK
  5
156E
330
156C
100
AcDbEntity
  8
0
100
AcDbBlockEnd
  0
BLOCK
  5
1595
330
1594
100
AcDbEntity
  8
0
100
AcDbBlockBegin
  2
PART_009
 70
0
 10
0.0
 20
0.0
 30
0.0
  3
PART_009
  1

  0
LINE
  5
1597
330
1594
100
AcDbEntity
  8
0
 62
7
370
35
 48
0.057916
100
AcDbLine
 10
2250.763525119122
 20
1761.980020848945
 30
0.0
 11
2248.446875119122
 21
1761.980020848945
 31
0.0
  0
LINE
  5
1598
330
1594
100
AcDbEntity
  8
0
100
AcDbLine
 10
2248.446875119121
 20
1771.056711361879
 30
0.0
 11
2248.446875119122
 21
1761.980020848945
 31
0.0
  0
SPLINE
  5
1599
330
1594
100
AcDbEntity
  8
0
100
AcDbSpline
 70
8
 71
3
 72
8
 73
4
 74
0
 42
1e-09
 40
0.0
 40
0.0
 40
0.0
 40
0.0
 40
5.26480994777398
 40
5.26480994777398
 40
5.26480994777398
 40
5.26480994777398
 10
2251.274628148671
 20
1766.615761397057
 30
0.0
 10
2250.708826859094
 20
1768.276987312946
 30
0.0
 10
2248.446875119121
 20
1772.811648011137
 30
0.0
 10
2248.446875119121
 20
1771.056711361879
 30
0.0
  0
ARC
  5
159A
330
1594
100
AcDbEntity
  8
0
 62
7
370
35
100
AcDbCircle
 10
2103.380163119121
 20
1716.243997848945
 30
0.0
 40
156.237279
100
AcDbArc
 50
17.02168699996695
 51
18.80846399999359
  0
LINE
  5
159B
330
1594
100
AcDbEntity
  8
0
 62
7
370
35
 48
0.026148
100
AcDbLine
 10
2252.773718119121
 20
1761.980020848945
 30
0.0
 11
2253.080176119121
 21
1760.980020848945
 31
0.0
  0
POLYLINE
  5
159C
330
1594
100
AcDbEntity
  8
0
 62
7
370
35
100
AcDb2dPolyline
 66
1
 10
0.0
 20
0.0
 30
0.0
 70
0
  0
VERTEX
  5
159D
330
159C
100
AcDbEntity
  8
0
370
0
100
AcDbVertex
100
AcDb2dVertex
 10
2253.080176119121
 20
1760.980020848945
 30
0.0
 70
0
  0
VERTEX
  5
159E
330
159C
100
AcDbEntity
  8
0
370
0
100
AcDbVertex
100
AcDb2dVertex
 10
2253.881811119121
 20
1758.351007848944
 30
0.0
 70
0
  0
VERTEX
  5
159F
330
159C
100
AcDbEntity
  8
0
370
0
100
AcDbVertex
100
AcDb2dVertex
 10
2254.782446119121
 20
1755.362039848944
 30
0.0
 70
0
  0
VERTEX
  5
15A0
330
159C
100
AcDbEntity
  8
0
370
0
100
AcDbVertex
100
AcDb2dVertex
 10
2255.601538119121
 20
1752.433847848944
 30
0.0
 70
0
  0
VERTEX
  5
15A1
330
159C
100
AcDbEntity
  8
0
370
0
100
AcDbVertex
100
AcDb2dVertex
 10
2256.410437119122
 20
1749.033487848945
 30
0.0
 70
0
  0
SEQEND
  5
15A2
330
159C
100
AcDbEntity
  8
0
370
0
  0
LINE
  5
15A3
330
1594
100
AcDbEntity
  8
0
 62
7
370
35
 48
0.025551
100
AcDbLine
 10
2256.410437119122
 20
1749.033487848945
 30
0.0
 11
2256.621497119121
 21
1748.033487848944
 31
0.0
  0
POLYLINE
  5
15A4
330
1594
100
AcDbEntity
  8
0
 62
7
370
35
100
AcDb2dPolyline
 66
1
 10
0.0
 20
0.0
 30
0.0
 70
0
  0
VERTEX
  5
15A5
330
15A4
100
AcDbEntity
  8
0
370
0
100
AcDbVertex
100
AcDb2dVertex
 10
2256.621497119121
 20
1748.033487848944
 30
0.0
 70
0
  0
VERTEX
  5
15A6
330
15A4
100
AcDbEntity
  8
0
370
0
100
AcDbVertex
100
AcDb2dVertex
 10
2257.088904119121
 20
1745.729059848944
 30
0.0
 70
0
  0
VERTEX
  5
15A7
330
15A4
100
AcDbEntity
  8
0
370
0
100
AcDbVertex
100
AcDb2dVertex
 10
2257.870337119121
 20
1741.651926848945
 30
0.0
 70
0
  0
VERTEX
  5
15A8
330
15A4
100
AcDbEntity
  8
0
370
0
100
AcDbVertex
100
AcDb2dVertex
 10
2258.306006119122
 20
1738.983972848944
 30
0.0
 70
0
  0
SEQEND
  5
15A9
330
15A4
100
AcDbEntity
  8
0
370
0
  0
POLYLINE
  5
15AA
330
1594
100
AcDbEntity
  8
0
 62
7
370
35
100
AcDb2dPolyline
 66
1
 10
0.0
 20
0.0
 30
0.0
 70
0
  0
VERTEX
  5
15AB
330
15AA
100
AcDbEntity
  8
0
370
0
100
AcDbVertex
100
AcDb2dVertex
 10
2261.408972119121
 20
1738.228677848945
 30
0.0
 70
0
  0
VERTEX
  5
15AC
330
15AA
100
AcDbEntity
  8
0
370
0
100
AcDbVertex
100
AcDb2dVertex
 10
2260.502234119122
 20
1738.536447848944
 30
0.0
 70
0
  0
VERTEX
  5
15AD
330
15AA
100
AcDbEntity
  8
0
370
0
100
AcDbVertex
100
AcDb2dVertex
 10
2259.774084119122
 20
1738.726175848945
 30
0.0
 70
0
  0
VERTEX
  5
15AE
330
15AA
100
AcDbEntity
  8
0
370
0
100
AcDbVertex
100
AcDb2dVertex
 10
2259.049231119121
 20
1738.872110848944
 30
0.0
 70
0
  0
VERTEX
  5
15AF
330
15AA
100
AcDbEntity
  8
0
370
0
100
AcDbVertex
100
AcDb2dVertex
 10
2258.306006119122
 20
1738.983972848944
 30
0.0
 70
0
  0
SEQEND
  5
15B0
330
15AA
100
AcDbEntity
  8
0
370
0
  0
LINE
  5
15B1
330
1594
100
AcDbEntity
  8
0
 62
7
370
35
 48
0.061295
100
AcDbLine
 10
2261.408972119121
 20
1735.776865848945
 30
0.0
 11
2261.408972119121
 21
1738.228677848945
 31
0.0
  0
LINE
  5
15B2
330
1594
100
AcDbEntity
  8
0
 62
7
370
35
 48
0.324052
100
AcDbLine
 10
2261.408972119121
 20
1735.776865848945
 30
0.0
 11
2248.446875119122
 21
1735.776865848945
 31
0.0
  0
LINE
  5
15B3
330
1594
100
AcDbEntity
  8
0
 62
7
370
35
 48
0.306416
100
AcDbLine
 10
2248.446875119122
 20
1748.033487848944
 30
0.0
 11
2248.446875119122
 21
1735.776865848945
 31
0.0
  0
LINE
  5
15B4
330
1594
100
AcDbEntity
  8
0
 62
7
370
35
 48
0.102184
100
AcDbLine
 10
2252.534216119121
 20
1748.033487848944
 30
0.0
 11
2248.446875119122
 21
1748.033487848944
 31
0.0
  0
LINE
  5
15B5
330
1594
100
AcDbEntity
  8
0
 62
7
370
35
 48
0.025
100
AcDbLine
 10
2252.534216119121
 20
1748.033487848944
 30
0.0
 11
2252.534216119121
 21
1749.033487848945
 31
0.0
  0
LINE
  5
15B6
330
1594
100
AcDbEntity
  8
0
 62
7
370
35
 48
0.102184
100
AcDbLine
 10
2252.534216119121
 20
1749.033487848945
 30
0.0
 11
2248.446875119122
 21
1749.033487848945
 31
0.0
  0
LINE
  5
15B7
330
1594
100
AcDbEntity
  8
0
 62
7
370
35
 48
0.298663
100
AcDbLine
 10
2248.446875119122
 20
1760.980020848945
 30
0.0
 11
2248.446875119122
 21
1749.033487848945
 31
0.0
  0
LINE
  5
15B8
330
1594
100
AcDbEntity
  8
0
 62
7
370
35
 48
0.057916
100
AcDbLine
 10
2250.763525119122
 20
1760.980020848945
 30
0.0
 11
2248.446875119122
 21
1760.980020848945
 31
0.0
  0
LINE
  5
15B9
330
1594
100
AcDbEntity
  8
0
 62
7
370
35
 48
0.025
100
AcDbLine
 10
2250.763525119122
 20
1760.980020848945
 30
0.0
 11
2250.763525119122
 21
1761.980020848945
 31
0.0
  0
ENDBLK
  5
1596
330
1594
100
AcDbEntity
  8
0
100
AcDbBlockEnd
  0
BLOCK
  5
15BD
330
15BC
100
AcDbEntity
  8
0
100
AcDbBlockBegin
  2
PART_010
 70
0
 10
0.0
 20
0.0
 30
0.0
  3
PART_010
  1

  0
ELLIPSE
  5
15BF
330
15BC
100
AcDbEntity
  8
0
 62
7
370
35
100
AcDbEllipse
 10
2236.604726280662
 20
1772.70977142499
 30
0.0
 11
-9e-16
 21
-14.71728515625
 31
0.0
210
0.0
220
0.0
230
0.9999999999999998
 40
0.271789
 41
5.319661418308836
 42
10.09618199428915
  0
LINE
  5
15C0
330
15BC
100
AcDbEntity
  8
0
 62
7
370
35
 48
0.062209
100
AcDbLine
 10
2236.604726280662
 20
1784.232659424989
 30
0.0
 11
2234.116384280662
 21
1784.232659424989
 31
0.0
  0
LINE
  5
15C1
330
15BC
100
AcDbEntity
  8
0
 62
7
370
35
 48
0.025
100
AcDbLine
 10
2236.604726280662
 20
1783.23265942499
 30
0.0
 11
2236.604726280662
 21
1784.232659424989
 31
0.0
  0
LINE
  5
15C2
330
15BC
100
AcDbEntity
  8
0
 62
7
370
35
 48
0.069912
100
AcDbLine
 10
2236.604726280662
 20
1783.23265942499
 30
0.0
 11
2233.808233280661
 21
1783.23265942499
 31
0.0
  0
ELLIPSE
  5
15C3
330
15BC
100
AcDbEntity
  8
0
 62
7
370
35
100
AcDbEllipse
 10
2236.604726280662
 20
1772.70977142499
 30
0.0
 11
-9e-16
 21
-14.71728515625
 31
0.0
210
0.0
220
0.0
230
0.9999999999999998
 40
0.271789
 41
3.915762494241858
 42
4.644389242977712
  0
LINE
  5
15C4
330
15BC
100
AcDbEntity
  8
0
 62
7
370
35
 48
0.099769
100
AcDbLine
 10
2236.604726280662
 20
1773.70977142499
 30
0.0
 11
2232.613973280662
 21
1773.70977142499
 31
0.0
  0
LINE
  5
15C5
330
15BC
100
AcDbEntity
  8
0
 62
7
370
35
 48
0.05
100
AcDbLine
 10
2236.604726280662
 20
1773.70977142499
 30
0.0
 11
2236.604726280662
 21
1771.70977142499
 31
0.0
  0
LINE
  5
15C6
330
15BC
100
AcDbEntity
  8
0
 62
7
370
35
 48
0.099769
100
AcDbLine
 10
2236.604726280662
 20
1771.70977142499
 30
0.0
 11
2232.613973280662
 21
1771.70977142499
 31
0.0
  0
ELLIPSE
  5
15C7
330
15BC
100
AcDbEntity
  8
0
 62
7
370
35
100
AcDbEllipse
 10
2236.604726280662
 20
1772.70977142499
 30
0.0
 11
-9e-16
 21
-14.71728515625
 31
0.0
210
0.0
220
0.0
230
0.9999999999999998
 40
0.271789
 41
4.780388717799048
 42
5.239087841962058
  0
LINE
  5
15C8
330
15BC
100
AcDbEntity
  8
0
 62
7
370
35
 48
0.086447
100
AcDbLine
 10
2233.146840280662
 20
1765.31163842499
 30
0.0
 11
2236.604726280662
 21
1765.31163842499
 31
0.0
  0
LINE
  5
15C9
330
15BC
100
AcDbEntity
  8
0
 62
7
370
35
 48
0.025
100
AcDbLine
 10
2236.604726280662
 20
1765.31163842499
 30
0.0
 11
2236.604726280662
 21
1764.31163842499
 31
0.0
  0
LINE
  5
15CA
330
15BC
100
AcDbEntity
  8
0
 62
7
370
35
 48
0.082121
100
AcDbLine
 10
2233.319890280661
 20
1764.31163842499
 30
0.0
 11
2236.604726280662
 21
1764.31163842499
 31
0.0
  0
ENDBLK
  5
15BE
330
15BC
100
AcDbEntity
  8
0
100
AcDbBlockEnd
  0
BLOCK
  5
15CE
330
15CD
100
AcDbEntity
  8
0
100
AcDbBlockBegin
  2
PART_011
 70
0
 10
0.0
 20
0.0
 30
0.0
  3
PART_011
  1

  0
ELLIPSE
  5
15D0
330
15CD
100
AcDbEntity
  8
0
 62
7
370
35
100
AcDbEllipse
 10
2150.96998026803
 20
1749.769915949581
 30
0.0
 11
9e-16
 21
14.71728515625
 31
0.0
210
0.0
220
0.0
230
0.9999999999999998
 40
0.271789
 41
5.319661418308836
 42
10.09618199428915
  0
LINE
  5
15D1
330
15CD
100
AcDbEntity
  8
0
 62
7
370
35
 48
0.062209
100
AcDbLine
 10
2150.96998026803
 20
1738.247027949581
 30
0.0
 11
2153.458322268031
 21
1738.247027949581
 31
0.0
  0
LINE
  5
15D2
330
15CD
100
AcDbEntity
  8
0
 62
7
370
35
 48
0.025
100
AcDbLine
 10
2150.96998026803
 20
1739.247027949581
 30
0.0
 11
2150.96998026803
 21
1738.247027949581
 31
0.0
  0
LINE
  5
15D3
330
15CD
100
AcDbEntity
  8
0
 62
7
370
35
 48
0.069912
100
AcDbLine
 10
2150.96998026803
 20
1739.247027949581
 30
0.0
 11
2153.766473268031
 21
1739.247027949581
 31
0.0
  0
ELLIPSE
  5
15D4
330
15CD
100
AcDbEntity
  8
0
 62
7
370
35
100
AcDbEllipse
 10
2150.96998026803
 20
1749.769915949581
 30
0.0
 11
9e-16
 21
14.71728515625
 31
0.0
210
0.0
220
0.0
230
0.9999999999999998
 40
0.271789
 41
3.915762494241858
 42
4.644389242977712
  0
LINE
  5
15D5
330
15CD
100
AcDbEntity
  8
0
 62
7
370
35
 48
0.099769
100
AcDbLine
 10
2150.96998026803
 20
1748.769915949581
 30
0.0
 11
2154.96073326803
 21
1748.769915949581
 31
0.0
  0
LINE
  5
15D6
330
15CD
100
AcDbEntity
  8
0
 62
7
370
35
 48
0.05
100
AcDbLine
 10
2150.96998026803
 20
1748.769915949581
 30
0.0
 11
2150.96998026803
 21
1750.769915949581
 31
0.0
  0
LINE
  5
15D7
330
15CD
100
AcDbEntity
  8
0
 62
7
370
35
 48
0.099769
100
AcDbLine
 10
2150.96998026803
 20
1750.769915949581
 30
0.0
 11
2154.96073326803
 21
1750.769915949581
 31
0.0
  0
ELLIPSE
  5
15D8
330
15CD
100
AcDbEntity
  8
0
 62
7
370
35
100
AcDbEllipse
 10
2150.96998026803
 20
1749.769915949581
 30
0.0
 11
9e-16
 21
14.71728515625
 31
0.0
210
0.0
220
0.0
230
0.9999999999999998
 40
0.271789
 41
4.780388717799048
 42
5.239087841962058
  0
LINE
  5
15D9
330
15CD
100
AcDbEntity
  8
0
 62
7
370
35
 48
0.086447
100
AcDbLine
 10
2154.42786626803
 20
1757.168048949581
 30
0.0
 11
2150.96998026803
 21
1757.168048949581
 31
0.0
  0
LINE
  5
15DA
330
15CD
100
AcDbEntity
  8
0
 62
7
370
35
 48
0.025
100
AcDbLine
 10
2150.96998026803
 20
1757.168048949581
 30
0.0
 11
2150.96998026803
 21
1758.168048949581
 31
0.0
  0
LINE
  5
15DB
330
15CD
100
AcDbEntity
  8
0
 62
7
370
35
 48
0.082121
100
AcDbLine
 10
2154.25481626803
 20
1758.168048949581
 30
0.0
 11
2150.96998026803
 21
1758.168048949581
 31
0.0
  0
ENDBLK
  5
15CF
330
15CD
100
AcDbEntity
  8
0
100
AcDbBlockEnd
  0
BLOCK
  5
15DF
330
15DE
100
AcDbEntity
  8
0
100
AcDbBlockBegin
  2
PART_012
 70
0
 10
0.0
 20
0.0
 30
0.0
  3
PART_012
  1

  0
POLYLINE
  5
15E1
330
15DE
100
AcDbEntity
  8
0
 62
7
370
35
100
AcDb2dPolyline
 66
1
 10
0.0
 20
0.0
 30
0.0
 70
0
  0
VERTEX
  5
15E2
330
15E1
100
AcDbEntity
  8
0
370
0
100
AcDbVertex
100
AcDb2dVertex
 10
2302.162481459669
 20
1772.802961129709
 30
0.0
 70
0
  0
VERTEX
  5
15E3
330
15E1
100
AcDbEntity
  8
0
370
0
100
AcDbVertex
100
AcDb2dVertex
 10
2303.13171945967
 20
1772.486478129708
 30
0.0
 70
0
  0
VERTEX
  5
15E4
330
15E1
100
AcDbEntity
  8
0
370
0
100
AcDbVertex
100
AcDb2dVertex
 10
2303.856939459669
 20
1772.306135129708
 30
0.0
 70
0
  0
VERTEX
  5
15E5
330
15E1
100
AcDbEntity
  8
0
370
0
100
AcDbVertex
100
AcDb2dVertex
 10
2304.612249459669
 20
1772.161344129709
 30
0.0
 70
0
  0
VERTEX
  5
15E6
330
15E1
100
AcDbEntity
  8
0
370
0
100
AcDbVertex
100
AcDb2dVertex
 10
2305.38696845967
 20
1772.051282129709
 30
0.0
 70
0
  0
VERTEX
  5
15E7
330
15E1
100
AcDbEntity
  8
0
370
0
100
AcDbVertex
100
AcDb2dVertex
 10
2306.987554459669
 20
1771.919721129708
 30
0.0
 70
0
  0
VERTEX
  5
15E8
330
15E1
100
AcDbEntity
  8
0
370
0
100
AcDbVertex
100
AcDb2dVertex
 10
2308.02710545967
 20
1771.885007129708
 30
0.0
 70
0
  0
VERTEX
  5
15E9
330
15E1
100
AcDbEntity
  8
0
370
0
100
AcDbVertex
100
AcDb2dVertex
 10
2310.159612459669
 20
1771.889173129707
 30
0.0
 70
0
  0
SEQEND
  5
15EA
330
15E1
100
AcDbEntity
  8
0
370
0
  0
POLYLINE
  5
15EB
330
15DE
100
AcDbEntity
  8
0
 62
7
370
35
100
AcDb2dPolyline
 66
1
 10
0.0
 20
0.0
 30
0.0
 70
0
  0
VERTEX
  5
15EC
330
15EB
100
AcDbEntity
  8
0
370
0
100
AcDbVertex
100
AcDb2dVertex
 10
2310.15967345967
 20
1771.889173129707
 30
0.0
 70
0
  0
VERTEX
  5
15ED
330
15EB
100
AcDbEntity
  8
0
370
0
100
AcDbVertex
100
AcDb2dVertex
 10
2310.501226459669
 20
1770.978849129708
 30
0.0
 70
0
  0
VERTEX
  5
15EE
330
15EB
100
AcDbEntity
  8
0
370
0
100
AcDbVertex
100
AcDb2dVertex
 10
2310.807867459669
 20
1769.892957129708
 30
0.0
 70
0
  0
VERTEX
  5
15EF
330
15EB
100
AcDbEntity
  8
0
370
0
100
AcDbVertex
100
AcDb2dVertex
 10
2311.066290459669
 20
1768.829084129708
 30
0.0
 70
0
  0
VERTEX
  5
15F0
330
15EB
100
AcDbEntity
  8
0
370
0
100
AcDbVertex
100
AcDb2dVertex
 10
2311.15100645967
 20
1768.396909129708
 30
0.0
 70
0
  0
VERTEX
  5
15F1
330
15EB
100
AcDbEntity
  8
0
370
0
100
AcDbVertex
100
AcDb2dVertex
 10
2311.20941745967
 20
1767.968503129709
 30
0.0
 70
0
  0
VERTEX
  5
15F2
330
15EB
100
AcDbEntity
  8
0
370
0
100
AcDbVertex
100
AcDb2dVertex
 10
2311.23071845967
 20
1767.517057129708
 30
0.0
 70
0
  0
VERTEX
  5
15F3
330
15EB
100
AcDbEntity
  8
0
370
0
100
AcDbVertex
100
AcDb2dVertex
 10
2311.203008459669
 20
1767.080945129708
 30
0.0
 70
0
  0
VERTEX
  5
15F4
330
15EB
100
AcDbEntity
  8
0
370
0
100
AcDbVertex
100
AcDb2dVertex
 10
2311.146123459669
 20
1766.753660129708
 30
0.0
 70
0
  0
VERTEX
  5
15F5
330
15EB
100
AcDbEntity
  8
0
370
0
100
AcDbVertex
100
AcDb2dVertex
 10
2310.950628459669
 20
1766.107831129709
 30
0.0
 70
0
  0
VERTEX
  5
15F6
330
15EB
100
AcDbEntity
  8
0
370
0
100
AcDbVertex
100
AcDb2dVertex
 10
2310.567571459669
 20
1765.130292129708
 30
0.0
 70
0
  0
VERTEX
  5
15F7
330
15EB
100
AcDbEntity
  8
0
370
0
100
AcDbVertex
100
AcDb2dVertex
 10
2310.337774459669
 20
1764.392133129709
 30
0.0
 70
0
  0
VERTEX
  5
15F8
330
15EB
100
AcDbEntity
  8
0
370
0
100
AcDbVertex
100
AcDb2dVertex
 10
2310.213384459669
 20
1763.579343129709
 30
0.0
 70
0
  0
VERTEX
  5
15F9
330
15EB
100
AcDbEntity
  8
0
370
0
100
AcDbVertex
100
AcDb2dVertex
 10
2310.187566459669
 20
1763.141141129709
 30
0.0
 70
0
  0
VERTEX
  5
15FA
330
15EB
100
AcDbEntity
  8
0
370
0
100
AcDbVertex
100
AcDb2dVertex
 10
2310.158758459669
 20
1762.203107129709
 30
0.0
 70
0
  0
SEQEND
  5
15FB
330
15EB
100
AcDbEntity
  8
0
370
0
  0
POLYLINE
  5
15FC
330
15DE
100
AcDbEntity
  8
0
 62
7
370
35
100
AcDb2dPolyline
 66
1
 10
0.0
 20
0.0
 30
0.0
 70
0
  0
VERTEX
  5
15FD
330
15FC
100
AcDbEntity
  8
0
370
0
100
AcDbVertex
100
AcDb2dVertex
 10
2310.158758459669
 20
1762.203107129709
 30
0.0
 70
0
  0
VERTEX
  5
15FE
330
15FC
100
AcDbEntity
  8
0
370
0
100
AcDbVertex
100
AcDb2dVertex
 10
2310.132513459669
 20
1760.788038129708
 30
0.0
 70
0
  0
VERTEX
  5
15FF
330
15FC
100
AcDbEntity
  8
0
370
0
100
AcDbVertex
100
AcDb2dVertex
 10
2310.130437459669
 20
1760.079465129708
 30
0.0
 70
0
  0
VERTEX
  5
1600
330
15FC
100
AcDbEntity
  8
0
370
0
100
AcDbVertex
100
AcDb2dVertex
 10
2310.170049459669
 20
1759.057996129708
 30
0.0
 70
0
  0
VERTEX
  5
1601
330
15FC
100
AcDbEntity
  8
0
370
0
100
AcDbVertex
100
AcDb2dVertex
 10
2310.205633459669
 20
1758.679883129708
 30
0.0
 70
0
  0
VERTEX
  5
1602
330
15FC
100
AcDbEntity
  8
0
370
0
100
AcDbVertex
100
AcDb2dVertex
 10
2310.305059459669
 20
1758.099531129708
 30
0.0
 70
0
  0
VERTEX
  5
1603
330
15FC
100
AcDbEntity
  8
0
370
0
100
AcDbVertex
100
AcDb2dVertex
 10
2310.47809445967
 20
1757.541456129708
 30
0.0
 70
0
  0
VERTEX
  5
1604
330
15FC
100
AcDbEntity
  8
0
370
0
100
AcDbVertex
100
AcDb2dVertex
 10
2310.68945845967
 20
1757.053983129708
 30
0.0
 70
0
  0
VERTEX
  5
1605
330
15FC
100
AcDbEntity
  8
0
370
0
100
AcDbVertex
100
AcDb2dVertex
 10
2311.186468459669
 20
1756.115293129708
 30
0.0
 70
0
  0
VERTEX
  5
1606
330
15FC
100
AcDbEntity
  8
0
370
0
100
AcDbVertex
100
AcDb2dVertex
 10
2311.841436459669
 20
1754.850385129708
 30
0.0
 70
0
  0
SEQEND
  5
1607
330
15FC
100
AcDbEntity
  8
0
370
0
  0
POLYLINE
  5
1608
330
15DE
100
AcDbEntity
  8
0
 62
7
370
35
100
AcDb2dPolyline
 66
1
 10
0.0
 20
0.0
 30
0.0
 70
0
  0
VERTEX
  5
1609
330
1608
100
AcDbEntity
  8
0
370
0
100
AcDbVertex
100
AcDb2dVertex
 10
2315.12457845967
 20
1748.904600129708
 30
0.0
 70
0
  0
VERTEX
  5
160A
330
1608
100
AcDbEntity
  8
0
370
0
100
AcDbVertex
100
AcDb2dVertex
 10
2314.146795459669
 20
1750.888837129708
 30
0.0
 70
0
  0
VERTEX
  5
160B
330
1608
100
AcDbEntity
  8
0
370
0
100
AcDbVertex
100
AcDb2dVertex
 10
2313.333440459669
 20
1752.487653129708
 30
0.0
 70
0
  0
VERTEX
  5
160C
330
1608
100
AcDbEntity
  8
0
370
0
100
AcDbVertex
100
AcDb2dVertex
 10
2312.664373459669
 20
1753.568799129709
 30
0.0
 70
0
  0
VERTEX
  5
160D
330
1608
100
AcDbEntity
  8
0
370
0
100
AcDbVertex
100
AcDb2dVertex
 10
2311.841436459669
 20
1754.850385129708
 30
0.0
 70
0
  0
SEQEND
  5
160E
330
1608
100
AcDbEntity
  8
0
370
0
  0
LINE
  5
160F
330
15DE
100
AcDbEntity
  8
0
 62
7
370
35
 48
0.087161
100
AcDbLine
 10
2315.12457845967
 20
1752.391035129708
 30
0.0
 11
2315.12457845967
 21
1748.904600129708
 31
0.0
  0
LINE
  5
1610
330
15DE
100
AcDbEntity
  8
0
 62
7
370
35
 48
0.02178
100
AcDbLine
 10
2315.12457845967
 20
1752.391035129708
 30
0.0
 11
2314.253362459669
 21
1752.391035129708
 31
0.0
  0
LINE
  5
1611
330
15DE
100
AcDbEntity
  8
0
 62
7
370
35
 48
0.025
100
AcDbLine
 10
2314.253362459669
 20
1752.391035129708
 30
0.0
 11
2314.253362459669
 21
1753.391035129709
 31
0.0
  0
LINE
  5
1612
330
15DE
100
AcDbEntity
  8
0
 62
7
370
35
 48
0.02178
100
AcDbLine
 10
2315.12457845967
 20
1753.391035129709
 30
0.0
 11
2314.253362459669
 21
1753.391035129709
 31
0.0
  0
LINE
  5
1613
330
15DE
100
AcDbEntity
  8
0
 62
7
370
35
 48
0.017638
100
AcDbLine
 10
2315.12457845967
 20
1754.096570129708
 30
0.0
 11
2315.12457845967
 21
1753.391035129709
 31
0.0
  0
LINE
  5
1614
330
15DE
100
AcDbEntity
  8
0
 62
7
370
35
 48
0.035756
100
AcDbLine
 10
2315.12457845967
 20
1754.096570129708
 30
0.0
 11
2313.694341459669
 21
1754.096570129708
 31
0.0
  0
LINE
  5
1615
330
15DE
100
AcDbEntity
  8
0
 62
7
370
35
 48
0.025
100
AcDbLine
 10
2313.694341459669
 20
1754.096570129708
 30
0.0
 11
2313.694341459669
 21
1755.096570129708
 31
0.0
  0
LINE
  5
1616
330
15DE
100
AcDbEntity
  8
0
 62
7
370
35
 48
0.035756
100
AcDbLine
 10
2315.12457845967
 20
1755.096570129708
 30
0.0
 11
2313.694341459669
 21
1755.096570129708
 31
0.0
  0
LINE
  5
1617
330
15DE
100
AcDbEntity
  8
0
 62
7
370
35
 48
0.079658
100
AcDbLine
 10
2315.12457845967
 20
1758.282880129708
 30
0.0
 11
2315.12457845967
 21
1755.096570129708
 31
0.0
  0
LINE
  5
1618
330
15DE
100
AcDbEntity
  8
0
 62
7
370
35
 48
0.060738
100
AcDbLine
 10
2315.12457845967
 20
1758.282880129708
 30
0.0
 11
2312.695074459669
 21
1758.282880129708
 31
0.0
  0
LINE
  5
1619
330
15DE
100
AcDbEntity
  8
0
 62
7
370
35
 48
0.025
100
AcDbLine
 10
2312.695074459669
 20
1758.282880129708
 30
0.0
 11
2312.695074459669
 21
1759.282880129708
 31
0.0
  0
LINE
  5
161A
330
15DE
100
AcDbEntity
  8
0
 62
7
370
35
 48
0.060738
100
AcDbLine
 10
2315.12457845967
 20
1759.282880129708
 30
0.0
 11
2312.695074459669
 21
1759.282880129708
 31
0.0
  0
LINE
  5
161B
330
15DE
100
AcDbEntity
  8
0
 62
7
370
35
 48
0.089348
100
AcDbLine
 10
2315.12457845967
 20
1762.856794129709
 30
0.0
 11
2315.12457845967
 21
1759.282880129708
 31
0.0
  0
LINE
  5
161C
330
15DE
100
AcDbEntity
  8
0
 62
7
370
35
 48
0.061044
100
AcDbLine
 10
2315.12457845967
 20
1762.856794129709
 30
0.0
 11
2312.682806459669
 21
1762.856794129709
 31
0.0
  0
LINE
  5
161D
330
15DE
100
AcDbEntity
  8
0
 62
7
370
35
 48
0.025
100
AcDbLine
 10
2312.682806459669
 20
1763.856794129709
 30
0.0
 11
2312.682806459669
 21
1762.856794129709
 31
0.0
  0
LINE
  5
161E
330
15DE
100
AcDbEntity
  8
0
 62
7
370
35
 48
0.061044
100
AcDbLine
 10
2315.12457845967
 20
1763.856794129709
 30
0.0
 11
2312.682806459669
 21
1763.856794129709
 31
0.0
  0
LINE
  5
161F
330
15DE
100
AcDbEntity
  8
0
 62
7
370
35
 48
0.073843
100
AcDbLine
 10
2315.12457845967
 20
1766.810529129709
 30
0.0
 11
2315.12457845967
 21
1763.856794129709
 31
0.0
  0
LINE
  5
1620
330
15DE
100
AcDbEntity
  8
0
 62
7
370
35
 48
0.049579
100
AcDbLine
 10
2315.12457845967
 20
1766.810529129709
 30
0.0
 11
2313.141424459669
 21
1766.810529129709
 31
0.0
  0
LINE
  5
1621
330
15DE
100
AcDbEntity
  8
0
 62
7
370
35
 48
0.025
100
AcDbLine
 10
2313.141424459669
 20
1766.810529129709
 30
0.0
 11
2313.141424459669
 21
1767.810529129709
 31
0.0
  0
LINE
  5
1622
330
15DE
100
AcDbEntity
  8
0
 62
7
370
35
 48
0.049579
100
AcDbLine
 10
2315.12457845967
 20
1767.810529129709
 30
0.0
 11
2313.141424459669
 21
1767.810529129709
 31
0.0
  0
LINE
  5
1623
330
15DE
100
AcDbEntity
  8
0
 62
7
370
35
 48
0.08623
100
AcDbLine
 10
2315.12457845967
 20
1771.259733129708
 30
0.0
 11
2315.12457845967
 21
1767.810529129709
 31
0.0
  0
LINE
  5
1624
330
15DE
100
AcDbEntity
  8
0
 62
7
370
35
 48
0.058965
100
AcDbLine
 10
2315.12457845967
 20
1771.259733129708
 30
0.0
 11
2312.765997459669
 21
1771.259733129708
 31
0.0
  0
LINE
  5
1625
330
15DE
100
AcDbEntity
  8
0
 62
7
370
35
 48
0.025
100
AcDbLine
 10
2312.765997459669
 20
1771.259733129708
 30
0.0
 11
2312.765997459669
 21
1772.259733129708
 31
0.0
  0
LINE
  5
1626
330
15DE
100
AcDbEntity
  8
0
 62
7
370
35
 48
0.058965
100
AcDbLine
 10
2315.12457845967
 20
1772.259733129708
 30
0.0
 11
2312.765997459669
 21
1772.259733129708
 31
0.0
  0
LINE
  5
1627
330
15DE
100
AcDbEntity
  8
0
 62
7
370
35
 48
0.152547
100
AcDbLine
 10
2315.12457845967
 20
1778.361616129708
 30
0.0
 11
2315.12457845967
 21
1772.259733129708
 31
0.0
  0
LINE
  5
1628
330
15DE
100
AcDbEntity
  8
0
 62
7
370
35
 48
0.324052
100
AcDbLine
 10
2302.162481459669
 20
1778.361616129708
 30
0.0
 11
2315.12457845967
 21
1778.361616129708
 31
0.0
  0
LINE
  5
1629
330
15DE
100
AcDbEntity
  8
0
 62
7
370
35
 48
0.138966
100
AcDbLine
 10
2302.162481459669
 20
1772.802961129709
 30
0.0
 11
2302.162481459669
 21
1778.361616129708
 31
0.0
  0
ENDBLK
  5
15E0
330
15DE
100
AcDbEntity
  8
0
100
AcDbBlockEnd
  0
BLOCK
  5
162D
330
162C
100
AcDbEntity
  8
0
100
AcDbBlockBegin
  2
PART_013
 70
0
 10
0.0
 20
0.0
 30
0.0
  3
PART_013
  1

  0
POLYLINE
  5
162F
330
162C
100
AcDbEntity
  8
0
 62
7
370
35
100
AcDb2dPolyline
 66
1
 10
0.0
 20
0.0
 30
0.0
 70
0
  0
VERTEX
  5
1630
330
162F
100
AcDbEntity
  8
0
370
0
100
AcDbVertex
100
AcDb2dVertex
 10
2248.477423834989
 20
1772.802961129709
 30
0.0
 70
0
  0
VERTEX
  5
1631
330
162F
100
AcDbEntity
  8
0
370
0
100
AcDbVertex
100
AcDb2dVertex
 10
2249.44666183499
 20
1772.486478129708
 30
0.0
 70
0
  0
VERTEX
  5
1632
330
162F
100
AcDbEntity
  8
0
370
0
100
AcDbVertex
100
AcDb2dVertex
 10
2250.171881834989
 20
1772.306135129708
 30
0.0
 70
0
  0
VERTEX
  5
1633
330
162F
100
AcDbEntity
  8
0
370
0
100
AcDbVertex
100
AcDb2dVertex
 10
2250.92719183499
 20
1772.161344129709
 30
0.0
 70
0
  0
VERTEX
  5
1634
330
162F
100
AcDbEntity
  8
0
370
0
100
AcDbVertex
100
AcDb2dVertex
 10
2251.70191083499
 20
1772.051282129709
 30
0.0
 70
0
  0
VERTEX
  5
1635
330
162F
100
AcDbEntity
  8
0
370
0
100
AcDbVertex
100
AcDb2dVertex
 10
2253.302496834989
 20
1771.919721129708
 30
0.0
 70
0
  0
VERTEX
  5
1636
330
162F
100
AcDbEntity
  8
0
370
0
100
AcDbVertex
100
AcDb2dVertex
 10
2254.34204783499
 20
1771.885007129708
 30
0.0
 70
0
  0
VERTEX
  5
1637
330
162F
100
AcDbEntity
  8
0
370
0
100
AcDbVertex
100
AcDb2dVertex
 10
2256.474554834989
 20
1771.889173129707
 30
0.0
 70
0
  0
SEQEND
  5
1638
330
162F
100
AcDbEntity
  8
0
370
0
  0
POLYLINE
  5
1639
330
162C
100
AcDbEntity
  8
0
 62
7
370
35
100
AcDb2dPolyline
 66
1
 10
0.0
 20
0.0
 30
0.0
 70
0
  0
VERTEX
  5
163A
330
1639
100
AcDbEntity
  8
0
370
0
100
AcDbVertex
100
AcDb2dVertex
 10
2256.47461583499
 20
1771.889173129707
 30
0.0
 70
0
  0
VERTEX
  5
163B
330
1639
100
AcDbEntity
  8
0
370
0
100
AcDbVertex
100
AcDb2dVertex
 10
2256.816168834989
 20
1770.978849129708
 30
0.0
 70
0
  0
VERTEX
  5
163C
330
1639
100
AcDbEntity
  8
0
370
0
100
AcDbVertex
100
AcDb2dVertex
 10
2257.12280983499
 20
1769.892957129708
 30
0.0
 70
0
  0
VERTEX
  5
163D
330
1639
100
AcDbEntity
  8
0
370
0
100
AcDbVertex
100
AcDb2dVertex
 10
2257.38123283499
 20
1768.829084129708
 30
0.0
 70
0
  0
VERTEX
  5
163E
330
1639
100
AcDbEntity
  8
0
370
0
100
AcDbVertex
100
AcDb2dVertex
 10
2257.46594883499
 20
1768.396909129708
 30
0.0
 70
0
  0
VERTEX
  5
163F
330
1639
100
AcDbEntity
  8
0
370
0
100
AcDbVertex
100
AcDb2dVertex
 10
2257.52435983499
 20
1767.968503129709
 30
0.0
 70
0
  0
VERTEX
  5
1640
330
1639
100
AcDbEntity
  8
0
370
0
100
AcDbVertex
100
AcDb2dVertex
 10
2257.54566083499
 20
1767.517057129708
 30
0.0
 70
0
  0
VERTEX
  5
1641
330
1639
100
AcDbEntity
  8
0
370
0
100
AcDbVertex
100
AcDb2dVertex
 10
2257.517950834989
 20
1767.080945129708
 30
0.0
 70
0
  0
VERTEX
  5
1642
330
1639
100
AcDbEntity
  8
0
370
0
100
AcDbVertex
100
AcDb2dVertex
 10
2257.46106583499
 20
1766.753660129708
 30
0.0
 70
0
  0
VERTEX
  5
1643
330
1639
100
AcDbEntity
  8
0
370
0
100
AcDbVertex
100
AcDb2dVertex
 10
2257.26557083499
 20
1766.107831129709
 30
0.0
 70
0
  0
VERTEX
  5
1644
330
1639
100
AcDbEntity
  8
0
370
0
100
AcDbVertex
100
AcDb2dVertex
 10
2256.882513834989
 20
1765.130292129708
 30
0.0
 70
0
  0
VERTEX
  5
1645
330
1639
100
AcDbEntity
  8
0
370
0
100
AcDbVertex
100
AcDb2dVertex
 10
2256.652716834989
 20
1764.392133129709
 30
0.0
 70
0
  0
VERTEX
  5
1646
330
1639
100
AcDbEntity
  8
0
370
0
100
AcDbVertex
100
AcDb2dVertex
 10
2256.52832683499
 20
1763.579343129709
 30
0.0
 70
0
  0
VERTEX
  5
1647
330
1639
100
AcDbEntity
  8
0
370
0
100
AcDbVertex
100
AcDb2dVertex
 10
2256.502508834989
 20
1763.141141129709
 30
0.0
 70
0
  0
VERTEX
  5
1648
330
1639
100
AcDbEntity
  8
0
370
0
100
AcDbVertex
100
AcDb2dVertex
 10
2256.473700834989
 20
1762.203107129709
 30
0.0
 70
0
  0
SEQEND
  5
1649
330
1639
100
AcDbEntity
  8
0
370
0
  0
POLYLINE
  5
164A
330
162C
100
AcDbEntity
  8
0
 62
7
370
35
100
AcDb2dPolyline
 66
1
 10
0.0
 20
0.0
 30
0.0
 70
0
  0
VERTEX
  5
164B
330
164A
100
AcDbEntity
  8
0
370
0
100
AcDbVertex
100
AcDb2dVertex
 10
2256.473700834989
 20
1762.203107129709
 30
0.0
 70
0
  0
VERTEX
  5
164C
330
164A
100
AcDbEntity
  8
0
370
0
100
AcDbVertex
100
AcDb2dVertex
 10
2256.447455834989
 20
1760.788038129708
 30
0.0
 70
0
  0
VERTEX
  5
164D
330
164A
100
AcDbEntity
  8
0
370
0
100
AcDbVertex
100
AcDb2dVertex
 10
2256.445379834989
 20
1760.079465129708
 30
0.0
 70
0
  0
VERTEX
  5
164E
330
164A
100
AcDbEntity
  8
0
370
0
100
AcDbVertex
100
AcDb2dVertex
 10
2256.484991834989
 20
1759.057996129708
 30
0.0
 70
0
  0
VERTEX
  5
164F
330
164A
100
AcDbEntity
  8
0
370
0
100
AcDbVertex
100
AcDb2dVertex
 10
2256.520575834989
 20
1758.679883129708
 30
0.0
 70
0
  0
VERTEX
  5
1650
330
164A
100
AcDbEntity
  8
0
370
0
100
AcDbVertex
100
AcDb2dVertex
 10
2256.620001834989
 20
1758.099531129708
 30
0.0
 70
0
  0
VERTEX
  5
1651
330
164A
100
AcDbEntity
  8
0
370
0
100
AcDbVertex
100
AcDb2dVertex
 10
2256.79303683499
 20
1757.541456129708
 30
0.0
 70
0
  0
VERTEX
  5
1652
330
164A
100
AcDbEntity
  8
0
370
0
100
AcDbVertex
100
AcDb2dVertex
 10
2257.00440083499
 20
1757.053983129708
 30
0.0
 70
0
  0
VERTEX
  5
1653
330
164A
100
AcDbEntity
  8
0
370
0
100
AcDbVertex
100
AcDb2dVertex
 10
2257.50141083499
 20
1756.115293129708
 30
0.0
 70
0
  0
VERTEX
  5
1654
330
164A
100
AcDbEntity
  8
0
370
0
100
AcDbVertex
100
AcDb2dVertex
 10
2258.15637883499
 20
1754.850385129708
 30
0.0
 70
0
  0
SEQEND
  5
1655
330
164A
100
AcDbEntity
  8
0
370
0
  0
POLYLINE
  5
1656
330
162C
100
AcDbEntity
  8
0
 62
7
370
35
100
AcDb2dPolyline
 66
1
 10
0.0
 20
0.0
 30
0.0
 70
0
  0
VERTEX
  5
1657
330
1656
100
AcDbEntity
  8
0
370
0
100
AcDbVertex
100
AcDb2dVertex
 10
2261.43952083499
 20
1748.904600129708
 30
0.0
 70
0
  0
VERTEX
  5
1658
330
1656
100
AcDbEntity
  8
0
370
0
100
AcDbVertex
100
AcDb2dVertex
 10
2260.46173783499
 20
1750.888837129708
 30
0.0
 70
0
  0
VERTEX
  5
1659
330
1656
100
AcDbEntity
  8
0
370
0
100
AcDbVertex
100
AcDb2dVertex
 10
2259.648382834989
 20
1752.487653129708
 30
0.0
 70
0
  0
VERTEX
  5
165A
330
1656
100
AcDbEntity
  8
0
370
0
100
AcDbVertex
100
AcDb2dVertex
 10
2258.97931583499
 20
1753.568799129709
 30
0.0
 70
0
  0
VERTEX
  5
165B
330
1656
100
AcDbEntity
  8
0
370
0
100
AcDbVertex
100
AcDb2dVertex
 10
2258.15637883499
 20
1754.850385129708
 30
0.0
 70
0
  0
SEQEND
  5
165C
330
1656
100
AcDbEntity
  8
0
370
0
  0
LINE
  5
165D
330
162C
100
AcDbEntity
  8
0
 62
7
370
35
 48
0.087161
100
AcDbLine
 10
2261.43952083499
 20
1752.391035129708
 30
0.0
 11
2261.43952083499
 21
1748.904600129708
 31
0.0
  0
LINE
  5
165E
330
162C
100
AcDbEntity
  8
0
 62
7
370
35
 48
0.02178
100
AcDbLine
 10
2261.43952083499
 20
1752.391035129708
 30
0.0
 11
2260.568304834989
 21
1752.391035129708
 31
0.0
  0
LINE
  5
165F
330
162C
100
AcDbEntity
  8
0
 62
7
370
35
 48
0.025
100
AcDbLine
 10
2260.568304834989
 20
1752.391035129708
 30
0.0
 11
2260.568304834989
 21
1753.391035129709
 31
0.0
  0
LINE
  5
1660
330
162C
100
AcDbEntity
  8
0
 62
7
370
35
 48
0.02178
100
AcDbLine
 10
2261.43952083499
 20
1753.391035129709
 30
0.0
 11
2260.568304834989
 21
1753.391035129709
 31
0.0
  0
LINE
  5
1661
330
162C
100
AcDbEntity
  8
0
 62
7
370
35
 48
0.017638
100
AcDbLine
 10
2261.43952083499
 20
1754.096570129708
 30
0.0
 11
2261.43952083499
 21
1753.391035129709
 31
0.0
  0
LINE
  5
1662
330
162C
100
AcDbEntity
  8
0
 62
7
370
35
 48
0.035756
100
AcDbLine
 10
2261.43952083499
 20
1754.096570129708
 30
0.0
 11
2260.009283834989
 21
1754.096570129708
 31
0.0
  0
LINE
  5
1663
330
162C
100
AcDbEntity
  8
0
 62
7
370
35
 48
0.025
100
AcDbLine
 10
2260.009283834989
 20
1754.096570129708
 30
0.0
 11
2260.009283834989
 21
1755.096570129708
 31
0.0
  0
LINE
  5
1664
330
162C
100
AcDbEntity
  8
0
 62
7
370
35
 48
0.035756
100
AcDbLine
 10
2261.43952083499
 20
1755.096570129708
 30
0.0
 11
2260.009283834989
 21
1755.096570129708
 31
0.0
  0
LINE
  5
1665
330
162C
100
AcDbEntity
  8
0
 62
7
370
35
 48
0.079658
100
AcDbLine
 10
2261.43952083499
 20
1758.282880129708
 30
0.0
 11
2261.43952083499
 21
1755.096570129708
 31
0.0
  0
LINE
  5
1666
330
162C
100
AcDbEntity
  8
0
 62
7
370
35
 48
0.060738
100
AcDbLine
 10
2261.43952083499
 20
1758.282880129708
 30
0.0
 11
2259.010016834989
 21
1758.282880129708
 31
0.0
  0
LINE
  5
1667
330
162C
100
AcDbEntity
  8
0
 62
7
370
35
 48
0.025
100
AcDbLine
 10
2259.010016834989
 20
1758.282880129708
 30
0.0
 11
2259.010016834989
 21
1759.282880129708
 31
0.0
  0
LINE
  5
1668
330
162C
100
AcDbEntity
  8
0
 62
7
370
35
 48
0.060738
100
AcDbLine
 10
2261.43952083499
 20
1759.282880129708
 30
0.0
 11
2259.010016834989
 21
1759.282880129708
 31
0.0
  0
LINE
  5
1669
330
162C
100
AcDbEntity
  8
0
 62
7
370
35
 48
0.089348
100
AcDbLine
 10
2261.43952083499
 20
1762.856794129709
 30
0.0
 11
2261.43952083499
 21
1759.282880129708
 31
0.0
  0
LINE
  5
166A
330
162C
100
AcDbEntity
  8
0
 62
7
370
35
 48
0.061044
100
AcDbLine
 10
2261.43952083499
 20
1762.856794129709
 30
0.0
 11
2258.997748834989
 21
1762.856794129709
 31
0.0
  0
LINE
  5
166B
330
162C
100
AcDbEntity
  8
0
 62
7
370
35
 48
0.025
100
AcDbLine
 10
2258.997748834989
 20
1763.856794129709
 30
0.0
 11
2258.997748834989
 21
1762.856794129709
 31
0.0
  0
LINE
  5
166C
330
162C
100
AcDbEntity
  8
0
 62
7
370
35
 48
0.061044
100
AcDbLine
 10
2261.43952083499
 20
1763.856794129709
 30
0.0
 11
2258.997748834989
 21
1763.856794129709
 31
0.0
  0
LINE
  5
166D
330
162C
100
AcDbEntity
  8
0
 62
7
370
35
 48
0.073843
100
AcDbLine
 10
2261.43952083499
 20
1766.810529129709
 30
0.0
 11
2261.43952083499
 21
1763.856794129709
 31
0.0
  0
LINE
  5
166E
330
162C
100
AcDbEntity
  8
0
 62
7
370
35
 48
0.049579
100
AcDbLine
 10
2261.43952083499
 20
1766.810529129709
 30
0.0
 11
2259.456366834989
 21
1766.810529129709
 31
0.0
  0
LINE
  5
166F
330
162C
100
AcDbEntity
  8
0
 62
7
370
35
 48
0.025
100
AcDbLine
 10
2259.456366834989
 20
1766.810529129709
 30
0.0
 11
2259.456366834989
 21
1767.810529129709
 31
0.0
  0
LINE
  5
1670
330
162C
100
AcDbEntity
  8
0
 62
7
370
35
 48
0.049579
100
AcDbLine
 10
2261.43952083499
 20
1767.810529129709
 30
0.0
 11
2259.456366834989
 21
1767.810529129709
 31
0.0
  0
LINE
  5
1671
330
162C
100
AcDbEntity
  8
0
 62
7
370
35
 48
0.08623
100
AcDbLine
 10
2261.43952083499
 20
1771.259733129708
 30
0.0
 11
2261.43952083499
 21
1767.810529129709
 31
0.0
  0
LINE
  5
1672
330
162C
100
AcDbEntity
  8
0
 62
7
370
35
 48
0.058965
100
AcDbLine
 10
2261.43952083499
 20
1771.259733129708
 30
0.0
 11
2259.080939834989
 21
1771.259733129708
 31
0.0
  0
LINE
  5
1673
330
162C
100
AcDbEntity
  8
0
 62
7
370
35
 48
0.025
100
AcDbLine
 10
2259.080939834989
 20
1771.259733129708
 30
0.0
 11
2259.080939834989
 21
1772.259733129708
 31
0.0
  0
LINE
  5
1674
330
162C
100
AcDbEntity
  8
0
 62
7
370
35
 48
0.058965
100
AcDbLine
 10
2261.43952083499
 20
1772.259733129708
 30
0.0
 11
2259.080939834989
 21
1772.259733129708
 31
0.0
  0
LINE
  5
1675
330
162C
100
AcDbEntity
  8
0
 62
7
370
35
 48
0.152547
100
AcDbLine
 10
2261.43952083499
 20
1778.361616129708
 30
0.0
 11
2261.43952083499
 21
1772.259733129708
 31
0.0
  0
LINE
  5
1676
330
162C
100
AcDbEntity
  8
0
 62
7
370
35
 48
0.324052
100
AcDbLine
 10
2248.477423834989
 20
1778.361616129708
 30
0.0
 11
2261.43952083499
 21
1778.361616129708
 31
0.0
  0
LINE
  5
1677
330
162C
100
AcDbEntity
  8
0
 62
7
370
35
 48
0.138966
100
AcDbLine
 10
2248.477423834989
 20
1772.802961129709
 30
0.0
 11
2248.477423834989
 21
1778.361616129708
 31
0.0
  0
ENDBLK
  5
162E
330
162C
100
AcDbEntity
  8
0
100
AcDbBlockEnd
  0
BLOCK
  5
167B
330
167A
100
AcDbEntity
  8
0
100
AcDbBlockBegin
  2
PART_014
 70
0
 10
0.0
 20
0.0
 30
0.0
  3
PART_014
  1

  0
ARC
  5
167D
330
167A
100
AcDbEntity
  8
0
 62
7
370
35
100
AcDbCircle
 10
2180.695248814664
 20
1740.61009839919
 30
0.0
 40
7.277292
100
AcDbArc
 50
277.8982170000055
 51
313.8010989999961
  0
LINE
  5
167E
330
167A
100
AcDbEntity
  8
0
 62
7
370
35
 48
0.041962
100
AcDbLine
 10
2184.053829814664
 20
1735.35773339919
 30
0.0
 11
2185.732296814663
 21
1735.35773339919
 31
0.0
  0
LINE
  5
167F
330
167A
100
AcDbEntity
  8
0
 62
7
370
35
 48
0.025
100
AcDbLine
 10
2184.053829814664
 20
1736.35773339919
 30
0.0
 11
2184.053829814664
 21
1735.35773339919
 31
0.0
  0
LINE
  5
1680
330
167A
100
AcDbEntity
  8
0
 62
7
370
35
 48
0.063676
100
AcDbLine
 10
2184.053829814664
 20
1736.35773339919
 30
0.0
 11
2186.600887814664
 21
1736.35773339919
 31
0.0
  0
ARC
  5
1681
330
167A
100
AcDbEntity
  8
0
 62
7
370
35
100
AcDbCircle
 10
2180.695248814664
 20
1740.61009839919
 30
0.0
 40
7.277292
100
AcDbArc
 50
324.24410300001
 51
30.99590000000563
  0
LINE
  5
1682
330
167A
100
AcDbEntity
  8
0
 62
7
370
35
 48
0.071988
100
AcDbLine
 10
2184.053829814664
 20
1744.35773339919
 30
0.0
 11
2186.933346814663
 21
1744.35773339919
 31
0.0
  0
LINE
  5
1683
330
167A
100
AcDbEntity
  8
0
 62
7
370
35
 48
0.025
100
AcDbLine
 10
2184.053829814664
 20
1745.35773339919
 30
0.0
 11
2184.053829814664
 21
1744.35773339919
 31
0.0
  0
LINE
  5
1684
330
167A
100
AcDbEntity
  8
0
 62
7
370
35
 48
0.053918
100
AcDbLine
 10
2184.053829814664
 20
1745.35773339919
 30
0.0
 11
2186.210567814663
 21
1745.35773339919
 31
0.0
  0
ARC
  5
1685
330
167A
100
AcDbEntity
  8
0
 62
7
370
35
100
AcDbCircle
 10
2180.695248814664
 20
1740.61009839919
 30
0.0
 40
7.277292
100
AcDbArc
 50
40.72207600000942
 51
139.2779249999971
  0
LINE
  5
1686
330
167A
100
AcDbEntity
  8
0
 62
7
370
35
 48
0.053918
100
AcDbLine
 10
2177.336666814663
 20
1745.35773339919
 30
0.0
 11
2175.179928814664
 21
1745.35773339919
 31
0.0
  0
LINE
  5
1687
330
167A
100
AcDbEntity
  8
0
 62
7
370
35
 48
0.025
100
AcDbLine
 10
2177.336666814663
 20
1745.35773339919
 30
0.0
 11
2177.336666814663
 21
1744.35773339919
 31
0.0
  0
LINE
  5
1688
330
167A
100
AcDbEntity
  8
0
 62
7
370
35
 48
0.071988
100
AcDbLine
 10
2177.336666814663
 20
1744.35773339919
 30
0.0
 11
2174.457149814664
 21
1744.35773339919
 31
0.0
  0
ARC
  5
1689
330
167A
100
AcDbEntity
  8
0
 62
7
370
35
100
AcDbCircle
 10
2180.695248814664
 20
1740.61009839919
 30
0.0
 40
7.277292
100
AcDbArc
 50
149.0041009999937
 51
215.755899000004
  0
LINE
  5
168A
330
167A
100
AcDbEntity
  8
0
 62
7
370
35
 48
0.063676
100
AcDbLine
 10
2177.336666814663
 20
1736.35773339919
 30
0.0
 11
2174.789608814663
 21
1736.35773339919
 31
0.0
  0
LINE
  5
168B
330
167A
100
AcDbEntity
  8
0
 62
7
370
35
 48
0.025
100
AcDbLine
 10
2177.336666814663
 20
1736.35773339919
 30
0.0
 11
2177.336666814663
 21
1735.35773339919
 31
0.0
  0
LINE
  5
168C
330
167A
100
AcDbEntity
  8
0
 62
7
370
35
 48
0.041962
100
AcDbLine
 10
2177.336666814663
 20
1735.35773339919
 30
0.0
 11
2175.658199814664
 21
1735.35773339919
 31
0.0
  0
ARC
  5
168D
330
167A
100
AcDbEntity
  8
0
 62
7
370
35
100
AcDbCircle
 10
2180.695248814664
 20
1740.61009839919
 30
0.0
 40
7.277292
100
AcDbArc
 50
226.1989029999992
 51
262.1017849999885
  0
LINE
  5
168E
330
167A
100
AcDbEntity
  8
0
 62
7
370
35
 48
0.180206
100
AcDbLine
 10
2179.695248814664
 20
1740.61009839919
 30
0.0
 11
2179.695248814664
 21
1733.40184639919
 31
0.0
  0
LINE
  5
168F
330
167A
100
AcDbEntity
  8
0
 62
7
370
35
 48
0.05
100
AcDbLine
 10
2181.695248814664
 20
1740.61009839919
 30
0.0
 11
2179.695248814664
 21
1740.61009839919
 31
0.0
  0
LINE
  5
1690
330
167A
100
AcDbEntity
  8
0
 62
7
370
35
 48
0.180206
100
AcDbLine
 10
2181.695248814664
 20
1740.61009839919
 30
0.0
 11
2181.695248814664
 21
1733.40184639919
 31
0.0
  0
ENDBLK
  5
167C
330
167A
100
AcDbEntity
  8
0
100
AcDbBlockEnd
  0
BLOCK
  5
1694
330
1693
100
AcDbEntity
  8
0
100
AcDbBlockBegin
  2
PART_015
 70
0
 10
0.0
 20
0.0
 30
0.0
  3
PART_015
  1

  0
LINE
  5
1696
330
1693
100
AcDbEntity
  8
0
 62
7
370
35
 48
0.074804
100
AcDbLine
 10
2227.169329728717
 20
1774.377371854971
 30
0.0
 11
2224.177172728717
 21
1774.377371854971
 31
0.0
  0
ELLIPSE
  5
1697
330
1693
100
AcDbEntity
  8
0
 62
7
370
35
100
AcDbEllipse
 10
2227.169329728717
 20
1773.377371854971
 30
0.0
 11
-8e-16
 21
-13.83447265625
 31
0.0
 40
0.216849
 41
3.848111595445968
 42
4.640042781686378
  0
LINE
  5
1698
330
1693
100
AcDbEntity
  8
0
 62
7
370
35
 48
0.048261
100
AcDbLine
 10
2227.152209728716
 20
1783.900259854971
 30
0.0
 11
2225.221758728716
 21
1783.900259854971
 31
0.0
  0
LINE
  5
1699
330
1693
100
AcDbEntity
  8
0
 62
7
370
35
 48
0.025
100
AcDbLine
 10
2227.152209728716
 20
1783.900259854971
 30
0.0
 11
2227.152209728716
 21
1784.90025985497
 31
0.0
  0
LINE
  5
169A
330
1693
100
AcDbEntity
  8
0
 62
7
370
35
 48
0.041078
100
AcDbLine
 10
2227.152209728716
 20
1784.90025985497
 30
0.0
 11
2225.509096728717
 21
1784.90025985497
 31
0.0
  0
ELLIPSE
  5
169B
330
1693
100
AcDbEntity
  8
0
 62
7
370
35
100
AcDbEllipse
 10
2227.169329728717
 20
1773.377371854971
 30
0.0
 11
-8e-16
 21
-13.83447265625
 31
0.0
 40
0.216849
 41
5.364721845350985
 42
10.01122988925072
  0
LINE
  5
169C
330
1693
100
AcDbEntity
  8
0
 62
7
370
35
 48
0.059172
100
AcDbLine
 10
2227.152209728716
 20
1764.979239854971
 30
0.0
 11
2224.785311728716
 21
1764.979239854971
 31
0.0
  0
LINE
  5
169D
330
1693
100
AcDbEntity
  8
0
 62
7
370
35
 48
0.025
100
AcDbLine
 10
2227.152209728716
 20
1765.97923985497
 30
0.0
 11
2227.152209728716
 21
1764.979239854971
 31
0.0
  0
LINE
  5
169E
330
1693
100
AcDbEntity
  8
0
 62
7
370
35
 48
0.062947
100
AcDbLine
 10
2227.152209728716
 20
1765.97923985497
 30
0.0
 11
2224.634310728717
 21
1765.97923985497
 31
0.0
  0
ELLIPSE
  5
169F
330
1693
100
AcDbEntity
  8
0
 62
7
370
35
100
AcDbEllipse
 10
2227.169329728717
 20
1773.377371854971
 30
0.0
 11
-8e-16
 21
-13.83447265625
 31
0.0
 40
0.216849
 41
4.784735179075096
 42
5.276611268677688
  0
LINE
  5
16A0
330
1693
100
AcDbEntity
  8
0
 62
7
370
35
 48
0.074804
100
AcDbLine
 10
2227.169329728717
 20
1772.377371854971
 30
0.0
 11
2224.177172728717
 21
1772.377371854971
 31
0.0
  0
LINE
  5
16A1
330
1693
100
AcDbEntity
  8
0
 62
7
370
35
 48
0.05
100
AcDbLine
 10
2227.169329728717
 20
1774.377371854971
 30
0.0
 11
2227.169329728717
 21
1772.377371854971
 31
0.0
  0
ENDBLK
  5
1695
330
1693
100
AcDbEntity
  8
0
100
AcDbBlockEnd
  0
BLOCK
  5
16A5
330
16A4
100
AcDbEntity
  8
0
100
AcDbBlockBegin
  2
PART_016
 70
0
 10
0.0
 20
0.0
 30
0.0
  3
PART_016
  1

  0
LINE
  5
16A7
330
16A4
100
AcDbEntity
  8
0
 62
7
370
35
 48
0.074804
100
AcDbLine
 10
2160.405376819975
 20
1748.102315519601
 30
0.0
 11
2163.397533819976
 21
1748.102315519601
 31
0.0
  0
ELLIPSE
  5
16A8
330
16A4
100
AcDbEntity
  8
0
 62
7
370
35
100
AcDbEllipse
 10
2160.405376819975
 20
1749.102315519601
 30
0.0
 11
8e-16
 21
13.83447265625
 31
0.0
 40
0.216849
 41
3.848111595445968
 42
4.640042781686378
  0
LINE
  5
16A9
330
16A4
100
AcDbEntity
  8
0
 62
7
370
35
 48
0.048261
100
AcDbLine
 10
2160.422496819975
 20
1738.579427519601
 30
0.0
 11
2162.352947819975
 21
1738.579427519601
 31
0.0
  0
LINE
  5
16AA
330
16A4
100
AcDbEntity
  8
0
 62
7
370
35
 48
0.025
100
AcDbLine
 10
2160.422496819975
 20
1738.579427519601
 30
0.0
 11
2160.422496819975
 21
1737.579427519601
 31
0.0
  0
LINE
  5
16AB
330
16A4
100
AcDbEntity
  8
0
 62
7
370
35
 48
0.041078
100
AcDbLine
 10
2160.422496819975
 20
1737.579427519601
 30
0.0
 11
2162.065609819975
 21
1737.579427519601
 31
0.0
  0
ELLIPSE
  5
16AC
330
16A4
100
AcDbEntity
  8
0
 62
7
370
35
100
AcDbEllipse
 10
2160.405376819975
 20
1749.102315519601
 30
0.0
 11
8e-16
 21
13.83447265625
 31
0.0
 40
0.216849
 41
5.364721845350985
 42
10.01122988925072
  0
LINE
  5
16AD
330
16A4
100
AcDbEntity
  8
0
 62
7
370
35
 48
0.059172
100
AcDbLine
 10
2160.422496819975
 20
1757.500447519601
 30
0.0
 11
2162.789394819975
 21
1757.500447519601
 31
0.0
  0
LINE
  5
16AE
330
16A4
100
AcDbEntity
  8
0
 62
7
370
35
 48
0.025
100
AcDbLine
 10
2160.422496819975
 20
1756.500447519601
 30
0.0
 11
2160.422496819975
 21
1757.500447519601
 31
0.0
  0
LINE
  5
16AF
330
16A4
100
AcDbEntity
  8
0
 62
7
370
35
 48
0.062947
100
AcDbLine
 10
2160.422496819975
 20
1756.500447519601
 30
0.0
 11
2162.940395819975
 21
1756.500447519601
 31
0.0
  0
ELLIPSE
  5
16B0
330
16A4
100
AcDbEntity
  8
0
 62
7
370
35
100
AcDbEllipse
 10
2160.405376819975
 20
1749.102315519601
 30
0.0
 11
8e-16
 21
13.83447265625
 31
0.0
 40
0.216849
 41
4.784735179075096
 42
5.276611268677688
  0
LINE
  5
16B1
330
16A4
100
AcDbEntity
  8
0
 62
7
370
35
 48
0.074804
100
AcDbLine
 10
2160.405376819975
 20
1750.102315519601
 30
0.0
 11
2163.397533819976
 21
1750.102315519601
 31
0.0
  0
LINE
  5
16B2
330
16A4
100
AcDbEntity
  8
0
 62
7
370
35
 48
0.05
100
AcDbLine
 10
2160.405376819975
 20
1748.102315519601
 30
0.0
 11
2160.405376819975
 21
1750.102315519601
 31
0.0
  0
ENDBLK
  5
16A6
330
16A4
100
AcDbEntity
  8
0
100
AcDbBlockEnd
  0
BLOCK
  5
16B6
330
16B5
100
AcDbEntity
  8
0
100
AcDbBlockBegin
  2
PART_017
 70
0
 10
0.0
 20
0.0
 30
0.0
  3
PART_017
  1

  0
ARC
  5
16B8
330
16B5
100
AcDbEntity
  8
0
 62
7
370
35
100
AcDbCircle
 10
2193.510873838635
 20
1761.854734110308
 30
0.0
 40
5.944474999999997
100
AcDbArc
 50
279.6845429999966
 51
351.1642429999994
  0
LINE
  5
16B9
330
16B5
100
AcDbEntity
  8
0
 62
7
370
35
 48
0.06111
100
AcDbLine
 10
2196.940377838635
 20
1760.941648110309
 30
0.0
 11
2199.384774838635
 21
1760.941648110309
 31
0.0
  0
LINE
  5
16BA
330
16B5
100
AcDbEntity
  8
0
 62
7
370
35
 48
0.025
100
AcDbLine
 10
2196.940377838635
 20
1761.941648110308
 30
0.0
 11
2196.940377838635
 21
1760.941648110309
 31
0.0
  0
LINE
  5
16BB
330
16B5
100
AcDbEntity
  8
0
 62
7
370
35
 48
0.062859
100
AcDbLine
 10
2196.940377838635
 20
1761.941648110308
 30
0.0
 11
2199.454721838635
 21
1761.941648110308
 31
0.0
  0
ARC
  5
16BC
330
16B5
100
AcDbEntity
  8
0
 62
7
370
35
100
AcDbCircle
 10
2193.510873838635
 20
1761.854734110308
 30
0.0
 40
5.944474999999997
100
AcDbArc
 50
0.8377459999984147
 51
179.162254999999
  0
LINE
  5
16BD
330
16B5
100
AcDbEntity
  8
0
 62
7
370
35
 48
0.062859
100
AcDbLine
 10
2190.081369838635
 20
1761.941648110308
 30
0.0
 11
2187.567025838635
 21
1761.941648110308
 31
0.0
  0
LINE
  5
16BE
330
16B5
100
AcDbEntity
  8
0
 62
7
370
35
 48
0.025
100
AcDbLine
 10
2190.081369838635
 20
1761.941648110308
 30
0.0
 11
2190.081369838635
 21
1760.941648110309
 31
0.0
  0
LINE
  5
16BF
330
16B5
100
AcDbEntity
  8
0
 62
7
370
35
 48
0.06111
100
AcDbLine
 10
2190.081369838635
 20
1760.941648110309
 30
0.0
 11
2187.636972838635
 21
1760.941648110309
 31
0.0
  0
ARC
  5
16C0
330
16B5
100
AcDbEntity
  8
0
 62
7
370
35
100
AcDbCircle
 10
2193.510873838635
 20
1761.854734110308
 30
0.0
 40
5.944474999999997
100
AcDbArc
 50
188.8357599999969
 51
260.3154589999909
  0
LINE
  5
16C1
330
16B5
100
AcDbEntity
  8
0
 62
7
370
35
 48
0.146494
100
AcDbLine
 10
2192.510873838635
 20
1761.854734110308
 30
0.0
 11
2192.510873838635
 21
1755.994977110308
 31
0.0
  0
LINE
  5
16C2
330
16B5
100
AcDbEntity
  8
0
 62
7
370
35
 48
0.05
100
AcDbLine
 10
2194.510873838635
 20
1761.854734110308
 30
0.0
 11
2192.510873838635
 21
1761.854734110308
 31
0.0
  0
LINE
  5
16C3
330
16B5
100
AcDbEntity
  8
0
 62
7
370
35
 48
0.146494
100
AcDbLine
 10
2194.510873838635
 20
1761.854734110308
 30
0.0
 11
2194.510873838635
 21
1755.994977110308
 31
0.0
  0
ENDBLK
  5
16B7
330
16B5
100
AcDbEntity
  8
0
100
AcDbBlockEnd
  0
BLOCK
  5
16C7
330
16C6
100
AcDbEntity
  8
0
100
AcDbBlockBegin
  2
PART_018
 70
0
 10
0.0
 20
0.0
 30
0.0
  3
PART_018
  1

  0
ARC
  5
16C9
330
16C6
100
AcDbEntity
  8
0
 62
7
370
35
100
AcDbCircle
 10
2179.845085906944
 20
1755.299576967788
 30
0.0
 40
5.929176999999997
100
AcDbArc
 50
279.7097670000029
 51
357.0103589999965
  0
LINE
  5
16CA
330
16C6
100
AcDbEntity
  8
0
 62
7
370
35
 48
0.061983
100
AcDbLine
 10
2183.286857906943
 20
1754.990341967788
 30
0.0
 11
2185.766166906943
 21
1754.990341967788
 31
0.0
  0
LINE
  5
16CB
330
16C6
100
AcDbEntity
  8
0
 62
7
370
35
 48
0.025
100
AcDbLine
 10
2183.286857906943
 20
1755.990341967788
 30
0.0
 11
2183.286857906943
 21
1754.990341967788
 31
0.0
  0
LINE
  5
16CC
330
16C6
100
AcDbEntity
  8
0
 62
7
370
35
 48
0.061176
100
AcDbLine
 10
2183.286857906943
 20
1755.990341967788
 30
0.0
 11
2185.733879906943
 21
1755.990341967788
 31
0.0
  0
ARC
  5
16CD
330
16C6
100
AcDbEntity
  8
0
 62
7
370
35
100
AcDbCircle
 10
2179.845085906944
 20
1755.299576967788
 30
0.0
 40
5.929176999999997
100
AcDbArc
 50
6.690269000006161
 51
173.3097249999959
  0
LINE
  5
16CE
330
16C6
100
AcDbEntity
  8
0
 62
7
370
35
 48
0.061176
100
AcDbLine
 10
2176.403312906943
 20
1755.990341967788
 30
0.0
 11
2173.956291906943
 21
1755.990341967788
 31
0.0
  0
LINE
  5
16CF
330
16C6
100
AcDbEntity
  8
0
 62
7
370
35
 48
0.025
100
AcDbLine
 10
2176.403312906943
 20
1755.990341967788
 30
0.0
 11
2176.403312906943
 21
1754.990341967788
 31
0.0
  0
LINE
  5
16D0
330
16C6
100
AcDbEntity
  8
0
 62
7
370
35
 48
0.061983
100
AcDbLine
 10
2176.403312906943
 20
1754.990341967788
 30
0.0
 11
2173.924003906943
 21
1754.990341967788
 31
0.0
  0
ARC
  5
16D1
330
16C6
100
AcDbEntity
  8
0
 62
7
370
35
100
AcDbCircle
 10
2179.845085906944
 20
1755.299576967788
 30
0.0
 40
5.929176999999997
100
AcDbArc
 50
182.9896369999995
 51
260.2902279999956
  0
LINE
  5
16D2
330
16C6
100
AcDbEntity
  8
0
 62
7
370
35
 48
0.146106
100
AcDbLine
 10
2178.845085906944
 20
1755.299576967788
 30
0.0
 11
2178.845085906944
 21
1749.455337967788
 31
0.0
  0
LINE
  5
16D3
330
16C6
100
AcDbEntity
  8
0
 62
7
370
35
 48
0.05
100
AcDbLine
 10
2180.845085906943
 20
1755.299576967788
 30
0.0
 11
2178.845085906944
 21
1755.299576967788
 31
0.0
  0
LINE
  5
16D4
330
16C6
100
AcDbEntity
  8
0
 62
7
370
35
 48
0.146106
100
AcDbLine
 10
2180.845085906943
 20
1755.299576967788
 30
0.0
 11
2180.845085906943
 21
1749.455337967788
 31
0.0
  0
ENDBLK
  5
16C8
330
16C6
100
AcDbEntity
  8
0
100
AcDbBlockEnd
  0
BLOCK
  5
16D8
330
16D7
100
AcDbEntity
  8
0
100
AcDbBlockBegin
  2
PART_019
 70
0
 10
0.0
 20
0.0
 30
0.0
  3
PART_019
  1

  0
ELLIPSE
  5
16DA
330
16D7
100
AcDbEntity
  8
0
 62
7
370
35
100
AcDbEllipse
 10
2248.512433416652
 20
1785.395355582465
 30
0.0
 11
-30.00048828125
 21
-6.103515625e-05
 31
0.0
210
0.0
220
0.0
230
0.9999999999999998
 40
0.080453
 41
1.60412959788011
 42
4.679055313863745
  0
LINE
  5
16DB
330
16D7
100
AcDbEntity
  8
0
 62
7
370
35
 48
0.047807
100
AcDbLine
 10
2249.512250416652
 20
1785.895355582464
 30
0.0
 11
2249.512250416652
 21
1787.807647582465
 31
0.0
  0
LINE
  5
16DC
330
16D7
100
AcDbEntity
  8
0
 62
7
370
35
 48
0.426974
100
AcDbLine
 10
2266.591230416652
 20
1785.895355582464
 30
0.0
 11
2249.512250416652
 21
1785.895355582464
 31
0.0
  0
LINE
  5
16DD
330
16D7
100
AcDbEntity
  8
0
100
AcDbLine
 10
2266.591230416652
 20
1785.895355582464
 30
0.0
 11
2266.591230416652
 21
1784.895355582465
 31
0.0
  0
LINE
  5
16DE
330
16D7
100
AcDbEntity
  8
0
 62
7
370
35
 48
0.426974
100
AcDbLine
 10
2266.591230416652
 20
1784.895355582465
 30
0.0
 11
2249.512250416652
 21
1784.895355582465
 31
0.0
  0
LINE
  5
16DF
330
16D7
100
AcDbEntity
  8
0
 62
7
370
35
 48
0.047807
100
AcDbLine
 10
2249.512250416652
 20
1782.983062582465
 30
0.0
 11
2249.512250416652
 21
1784.895355582465
 31
0.0
  0
ENDBLK
  5
16D9
330
16D7
100
AcDbEntity
  8
0
100
AcDbBlockEnd
  0
BLOCK
  5
16E3
330
16E2
100
AcDbEntity
  8
0
100
AcDbBlockBegin
  2
PART_020
 70
0
 10
0.0
 20
0.0
 30
0.0
  3
PART_020
  1

  0
ELLIPSE
  5
16E5
330
16E2
100
AcDbEntity
  8
0
 62
7
370
35
100
AcDbEllipse
 10
2318.959279535115
 20
1786.3534116636
 30
0.0
 11
30.00048828125
 21
-6.103515625e-05
 31
0.0
210
0.0
220
0.0
230
-0.9999999999999998
 40
0.080453
 41
1.60412959788011
 42
4.679055313863745
  0
LINE
  5
16E6
330
16E2
100
AcDbEntity
  8
0
 62
7
370
35
 48
0.047807
100
AcDbLine
 10
2317.959462535115
 20
1783.9411186636
 30
0.0
 11
2317.959462535115
 21
1785.8534116636
 31
0.0
  0
LINE
  5
16E7
330
16E2
100
AcDbEntity
  8
0
 62
7
370
35
 48
0.426974
100
AcDbLine
 10
2300.880482535115
 20
1785.8534116636
 30
0.0
 11
2317.959462535115
 21
1785.8534116636
 31
0.0
  0
LINE
  5
16E8
330
16E2
100
AcDbEntity
  8
0
 62
7
370
35
 48
0.025
100
AcDbLine
 10
2300.880482535115
 20
1785.8534116636
 30
0.0
 11
2300.880482535115
 21
1786.8534116636
 31
0.0
  0
LINE
  5
16E9
330
16E2
100
AcDbEntity
  8
0
 62
7
370
35
 48
0.426974
100
AcDbLine
 10
2300.880482535115
 20
1786.8534116636
 30
0.0
 11
2317.959462535115
 21
1786.8534116636
 31
0.0
  0
LINE
  5
16EA
330
16E2
100
AcDbEntity
  8
0
 62
7
370
35
 48
0.047807
100
AcDbLine
 10
2317.959462535115
 20
1786.8534116636
 30
0.0
 11
2317.959462535115
 21
1788.7657036636
 31
0.0
  0
ENDBLK
  5
16E4
330
16E2
100
AcDbEntity
  8
0
100
AcDbBlockEnd
  0
BLOCK
  5
16EE
330
16ED
100
AcDbEntity
  8
0
100
AcDbBlockBegin
  2
PART_021
 70
0
 10
0.0
 20
0.0
 30
0.0
  3
PART_021
  1

  0
POLYLINE
  5
16F0
330
16ED
100
AcDbEntity
  8
0
 62
7
370
35
100
AcDb2dPolyline
 66
1
 10
0.0
 20
0.0
 30
0.0
 70
0
  0
VERTEX
  5
16F1
330
16F0
100
AcDbEntity
  8
0
370
0
100
AcDbVertex
100
AcDb2dVertex
 10
2297.926035740901
 20
1792.395799271105
 30
0.0
 70
0
  0
VERTEX
  5
16F2
330
16F0
100
AcDbEntity
  8
0
370
0
100
AcDbVertex
100
AcDb2dVertex
 10
2297.417429740901
 20
1792.593004271105
 30
0.0
 70
0
  0
VERTEX
  5
16F3
330
16F0
100
AcDbEntity
  8
0
370
0
100
AcDbVertex
100
AcDb2dVertex
 10
2297.173410740901
 20
1792.709917271105
 30
0.0
 70
0
  0
VERTEX
  5
16F4
330
16F0
100
AcDbEntity
  8
0
370
0
100
AcDbVertex
100
AcDb2dVertex
 10
2296.897837740901
 20
1792.874651271105
 30
0.0
 70
0
  0
VERTEX
  5
16F5
330
16F0
100
AcDbEntity
  8
0
370
0
100
AcDbVertex
100
AcDb2dVertex
 10
2296.772043740901
 20
1792.971147271105
 30
0.0
 70
0
  0
VERTEX
  5
16F6
330
16F0
100
AcDbEntity
  8
0
370
0
100
AcDbVertex
100
AcDb2dVertex
 10
2296.613474740901
 20
1793.139726271105
 30
0.0
 70
0
  0
VERTEX
  5
16F7
330
16F0
100
AcDbEntity
  8
0
370
0
100
AcDbVertex
100
AcDb2dVertex
 10
2296.518686740901
 20
1793.370317271105
 30
0.0
 70
0
  0
VERTEX
  5
16F8
330
16F0
100
AcDbEntity
  8
0
370
0
100
AcDbVertex
100
AcDb2dVertex
 10
2296.555002740901
 20
1793.585283271105
 30
0.0
 70
0
  0
VERTEX
  5
16F9
330
16F0
100
AcDbEntity
  8
0
370
0
100
AcDbVertex
100
AcDb2dVertex
 10
2296.665476740901
 20
1793.751787271105
 30
0.0
 70
0
  0
VERTEX
  5
16FA
330
16F0
100
AcDbEntity
  8
0
370
0
100
AcDbVertex
100
AcDb2dVertex
 10
2296.858286740901
 20
1793.925523271105
 30
0.0
 70
0
  0
VERTEX
  5
16FB
330
16F0
100
AcDbEntity
  8
0
370
0
100
AcDbVertex
100
AcDb2dVertex
 10
2297.313547740901
 20
1794.192400271105
 30
0.0
 70
0
  0
VERTEX
  5
16FC
330
16F0
100
AcDbEntity
  8
0
370
0
100
AcDbVertex
100
AcDb2dVertex
 10
2298.042551740901
 20
1794.482927271106
 30
0.0
 70
0
  0
VERTEX
  5
16FD
330
16F0
100
AcDbEntity
  8
0
370
0
100
AcDbVertex
100
AcDb2dVertex
 10
2299.177194740901
 20
1794.806657271105
 30
0.0
 70
0
  0
VERTEX
  5
16FE
330
16F0
100
AcDbEntity
  8
0
370
0
100
AcDbVertex
100
AcDb2dVertex
 10
2300.770212740901
 20
1795.138963271105
 30
0.0
 70
0
  0
VERTEX
  5
16FF
330
16F0
100
AcDbEntity
  8
0
370
0
100
AcDbVertex
100
AcDb2dVertex
 10
2302.734812740901
 20
1795.442735271105
 30
0.0
 70
0
  0
VERTEX
  5
1700
330
16F0
100
AcDbEntity
  8
0
370
0
100
AcDbVertex
100
AcDb2dVertex
 10
2305.046945740901
 20
1795.707353271106
 30
0.0
 70
0
  0
VERTEX
  5
1701
330
16F0
100
AcDbEntity
  8
0
370
0
100
AcDbVertex
100
AcDb2dVertex
 10
2307.196787740902
 20
1795.889543271105
 30
0.0
 70
0
  0
VERTEX
  5
1702
330
16F0
100
AcDbEntity
  8
0
370
0
100
AcDbVertex
100
AcDb2dVertex
 10
2309.351389740901
 20
1796.023485271106
 30
0.0
 70
0
  0
SEQEND
  5
1703
330
16F0
100
AcDbEntity
  8
0
370
0
  0
POLYLINE
  5
1704
330
16ED
100
AcDbEntity
  8
0
 62
7
370
35
100
AcDb2dPolyline
 66
1
 10
0.0
 20
0.0
 30
0.0
 70
0
  0
VERTEX
  5
1705
330
1704
100
AcDbEntity
  8
0
370
0
100
AcDbVertex
100
AcDb2dVertex
 10
2317.916391740901
 20
1796.430711271105
 30
0.0
 70
0
  0
VERTEX
  5
1706
330
1704
100
AcDbEntity
  8
0
370
0
100
AcDbVertex
100
AcDb2dVertex
 10
2316.193918740901
 20
1796.311388271105
 30
0.0
 70
0
  0
VERTEX
  5
1707
330
1704
100
AcDbEntity
  8
0
370
0
100
AcDbVertex
100
AcDb2dVertex
 10
2312.742136740902
 20
1796.159471271105
 30
0.0
 70
0
  0
VERTEX
  5
1708
330
1704
100
AcDbEntity
  8
0
370
0
100
AcDbVertex
100
AcDb2dVertex
 10
2309.351389740901
 20
1796.023485271106
 30
0.0
 70
0
  0
SEQEND
  5
1709
330
1704
100
AcDbEntity
  8
0
370
0
  0
LINE
  5
170A
330
16ED
100
AcDbEntity
  8
0
 62
7
370
35
 48
0.002298
100
AcDbLine
 10
2317.916391740901
 20
1796.430711271105
 30
0.0
 11
2318.008066740901
 21
1796.437151271105
 31
0.0
  0
LINE
  5
170B
330
16ED
100
AcDbEntity
  8
0
 62
7
370
35
 48
0.00288
100
AcDbLine
 10
2318.008066740901
 20
1796.437151271105
 30
0.0
 11
2318.123056740901
 21
1796.443773271105
 31
0.0
  0
LINE
  5
170C
330
16ED
100
AcDbEntity
  8
0
 62
7
370
35
 48
0.060487
100
AcDbLine
 10
2318.123056740901
 20
1796.443773271105
 30
0.0
 11
2318.123056740901
 21
1794.024309271105
 31
0.0
  0
LINE
  5
170D
330
16ED
100
AcDbEntity
  8
0
 62
7
370
35
 48
0.230908
100
AcDbLine
 10
2308.886728740901
 20
1794.024309271105
 30
0.0
 11
2318.123056740901
 21
1794.024309271105
 31
0.0
  0
LINE
  5
170E
330
16ED
100
AcDbEntity
  8
0
 62
7
370
35
 48
0.025
100
AcDbLine
 10
2308.886728740901
 20
1793.024309271105
 30
0.0
 11
2308.886728740901
 21
1794.024309271105
 31
0.0
  0
LINE
  5
170F
330
16ED
100
AcDbEntity
  8
0
 62
7
370
35
 48
0.230908
100
AcDbLine
 10
2308.886728740901
 20
1793.024309271105
 30
0.0
 11
2318.123056740901
 21
1793.024309271105
 31
0.0
  0
LINE
  5
1710
330
16ED
100
AcDbEntity
  8
0
 62
7
370
35
 48
0.061814
100
AcDbLine
 10
2318.123056740901
 20
1793.024309271105
 30
0.0
 11
2318.123056740901
 21
1790.551744271105
 31
0.0
  0
ARC
  5
1711
330
16ED
100
AcDbEntity
  8
0
 62
7
370
35
100
AcDbCircle
 10
2317.973032740901
 20
1855.451799271105
 30
0.0
 40
64.900253
100
AcDbArc
 50
269.4286660000026
 51
270.1324349999895
  0
POLYLINE
  5
1712
330
16ED
100
AcDbEntity
  8
0
 62
7
370
35
100
AcDb2dPolyline
 66
1
 10
0.0
 20
0.0
 30
0.0
 70
0
  0
VERTEX
  5
1713
330
1712
100
AcDbEntity
  8
0
370
0
100
AcDbVertex
100
AcDb2dVertex
 10
2297.926035740901
 20
1792.395799271105
 30
0.0
 70
0
  0
VERTEX
  5
1714
330
1712
100
AcDbEntity
  8
0
370
0
100
AcDbVertex
100
AcDb2dVertex
 10
2298.814157740901
 20
1792.133104271105
 30
0.0
 70
0
  0
VERTEX
  5
1715
330
1712
100
AcDbEntity
  8
0
370
0
100
AcDbVertex
100
AcDb2dVertex
 10
2299.636301740902
 20
1791.940782271105
 30
0.0
 70
0
  0
VERTEX
  5
1716
330
1712
100
AcDbEntity
  8
0
370
0
100
AcDbVertex
100
AcDb2dVertex
 10
2301.304026740901
 20
1791.633806271105
 30
0.0
 70
0
  0
VERTEX
  5
1717
330
1712
100
AcDbEntity
  8
0
370
0
100
AcDbVertex
100
AcDb2dVertex
 10
2302.989023740901
 20
1791.393480271105
 30
0.0
 70
0
  0
VERTEX
  5
1718
330
1712
100
AcDbEntity
  8
0
370
0
100
AcDbVertex
100
AcDb2dVertex
 10
2304.683664740901
 20
1791.198564271105
 30
0.0
 70
0
  0
VERTEX
  5
1719
330
1712
100
AcDbEntity
  8
0
370
0
100
AcDbVertex
100
AcDb2dVertex
 10
2306.751718740901
 20
1791.007494271105
 30
0.0
 70
0
  0
VERTEX
  5
171A
330
1712
100
AcDbEntity
  8
0
370
0
100
AcDbVertex
100
AcDb2dVertex
 10
2308.825144740901
 20
1790.856554271105
 30
0.0
 70
0
  0
VERTEX
  5
171B
330
1712
100
AcDbEntity
  8
0
370
0
100
AcDbVertex
100
AcDb2dVertex
 10
2311.183237740902
 20
1790.725725271105
 30
0.0
 70
0
  0
VERTEX
  5
171C
330
1712
100
AcDbEntity
  8
0
370
0
100
AcDbVertex
100
AcDb2dVertex
 10
2313.544199740902
 20
1790.632677271105
 30
0.0
 70
0
  0
VERTEX
  5
171D
330
1712
100
AcDbEntity
  8
0
370
0
100
AcDbVertex
100
AcDb2dVertex
 10
2317.325876740902
 20
1790.554765271106
 30
0.0
 70
0
  0
SEQEND
  5
171E
330
1712
100
AcDbEntity
  8
0
370
0
  0
ENDBLK
  5
16EF
330
16ED
100
AcDbEntity
  8
0
100
AcDbBlockEnd
  0
BLOCK
  5
1722
330
1721
100
AcDbEntity
  8
0
100
AcDbBlockBegin
  2
PART_022
 70
0
 10
0.0
 20
0.0
 30
0.0
  3
PART_022
  1

  0
POLYLINE
  5
1724
330
1721
100
AcDbEntity
  8
0
 62
7
370
35
100
AcDb2dPolyline
 66
1
 10
0.0
 20
0.0
 30
0.0
 70
0
  0
VERTEX
  5
1725
330
1724
100
AcDbEntity
  8
0
370
0
100
AcDbVertex
100
AcDb2dVertex
 10
2269.545677210865
 20
1791.43774318997
 30
0.0
 70
0
  0
VERTEX
  5
1726
330
1724
100
AcDbEntity
  8
0
370
0
100
AcDbVertex
100
AcDb2dVertex
 10
2270.054283210865
 20
1791.634948189971
 30
0.0
 70
0
  0
VERTEX
  5
1727
330
1724
100
AcDbEntity
  8
0
370
0
100
AcDbVertex
100
AcDb2dVertex
 10
2270.298302210866
 20
1791.75186118997
 30
0.0
 70
0
  0
VERTEX
  5
1728
330
1724
100
AcDbEntity
  8
0
370
0
100
AcDbVertex
100
AcDb2dVertex
 10
2270.573875210866
 20
1791.916595189969
 30
0.0
 70
0
  0
VERTEX
  5
1729
330
1724
100
AcDbEntity
  8
0
370
0
100
AcDbVertex
100
AcDb2dVertex
 10
2270.699669210866
 20
1792.01309118997
 30
0.0
 70
0
  0
VERTEX
  5
172A
330
1724
100
AcDbEntity
  8
0
370
0
100
AcDbVertex
100
AcDb2dVertex
 10
2270.858238210865
 20
1792.181670189969
 30
0.0
 70
0
  0
VERTEX
  5
172B
330
1724
100
AcDbEntity
  8
0
370
0
100
AcDbVertex
100
AcDb2dVertex
 10
2270.953026210866
 20
1792.412261189969
 30
0.0
 70
0
  0
VERTEX
  5
172C
330
1724
100
AcDbEntity
  8
0
370
0
100
AcDbVertex
100
AcDb2dVertex
 10
2270.916710210865
 20
1792.62722718997
 30
0.0
 70
0
  0
VERTEX
  5
172D
330
1724
100
AcDbEntity
  8
0
370
0
100
AcDbVertex
100
AcDb2dVertex
 10
2270.806236210865
 20
1792.793731189969
 30
0.0
 70
0
  0
VERTEX
  5
172E
330
1724
100
AcDbEntity
  8
0
370
0
100
AcDbVertex
100
AcDb2dVertex
 10
2270.613426210866
 20
1792.96746718997
 30
0.0
 70
0
  0
VERTEX
  5
172F
330
1724
100
AcDbEntity
  8
0
370
0
100
AcDbVertex
100
AcDb2dVertex
 10
2270.158165210865
 20
1793.23434418997
 30
0.0
 70
0
  0
VERTEX
  5
1730
330
1724
100
AcDbEntity
  8
0
370
0
100
AcDbVertex
100
AcDb2dVertex
 10
2269.429161210865
 20
1793.52487118997
 30
0.0
 70
0
  0
VERTEX
  5
1731
330
1724
100
AcDbEntity
  8
0
370
0
100
AcDbVertex
100
AcDb2dVertex
 10
2268.294518210866
 20
1793.84860118997
 30
0.0
 70
0
  0
VERTEX
  5
1732
330
1724
100
AcDbEntity
  8
0
370
0
100
AcDbVertex
100
AcDb2dVertex
 10
2266.701500210865
 20
1794.18090718997
 30
0.0
 70
0
  0
VERTEX
  5
1733
330
1724
100
AcDbEntity
  8
0
370
0
100
AcDbVertex
100
AcDb2dVertex
 10
2264.736900210865
 20
1794.484679189969
 30
0.0
 70
0
  0
VERTEX
  5
1734
330
1724
100
AcDbEntity
  8
0
370
0
100
AcDbVertex
100
AcDb2dVertex
 10
2262.424767210866
 20
1794.74929718997
 30
0.0
 70
0
  0
VERTEX
  5
1735
330
1724
100
AcDbEntity
  8
0
370
0
100
AcDbVertex
100
AcDb2dVertex
 10
2260.274925210865
 20
1794.93148718997
 30
0.0
 70
0
  0
VERTEX
  5
1736
330
1724
100
AcDbEntity
  8
0
370
0
100
AcDbVertex
100
AcDb2dVertex
 10
2258.120323210865
 20
1795.06542918997
 30
0.0
 70
0
  0
SEQEND
  5
1737
330
1724
100
AcDbEntity
  8
0
370
0
  0
POLYLINE
  5
1738
330
1721
100
AcDbEntity
  8
0
 62
7
370
35
100
AcDb2dPolyline
 66
1
 10
0.0
 20
0.0
 30
0.0
 70
0
  0
VERTEX
  5
1739
330
1738
100
AcDbEntity
  8
0
370
0
100
AcDbVertex
100
AcDb2dVertex
 10
2249.555321210865
 20
1795.472655189971
 30
0.0
 70
0
  0
VERTEX
  5
173A
330
1738
100
AcDbEntity
  8
0
370
0
100
AcDbVertex
100
AcDb2dVertex
 10
2251.277794210865
 20
1795.35333218997
 30
0.0
 70
0
  0
VERTEX
  5
173B
330
1738
100
AcDbEntity
  8
0
370
0
100
AcDbVertex
100
AcDb2dVertex
 10
2254.729576210865
 20
1795.20141518997
 30
0.0
 70
0
  0
VERTEX
  5
173C
330
1738
100
AcDbEntity
  8
0
370
0
100
AcDbVertex
100
AcDb2dVertex
 10
2258.120323210865
 20
1795.06542918997
 30
0.0
 70
0
  0
SEQEND
  5
173D
330
1738
100
AcDbEntity
  8
0
370
0
  0
LINE
  5
173E
330
1721
100
AcDbEntity
  8
0
 62
7
370
35
 48
0.002298
100
AcDbLine
 10
2249.555321210865
 20
1795.472655189971
 30
0.0
 11
2249.463646210866
 21
1795.479095189969
 31
0.0
  0
LINE
  5
173F
330
1721
100
AcDbEntity
  8
0
 62
7
370
35
 48
0.00288
100
AcDbLine
 10
2249.463646210866
 20
1795.479095189969
 30
0.0
 11
2249.348656210866
 21
1795.48571718997
 31
0.0
  0
LINE
  5
1740
330
1721
100
AcDbEntity
  8
0
 62
7
370
35
 48
0.060487
100
AcDbLine
 10
2249.348656210866
 20
1795.48571718997
 30
0.0
 11
2249.348656210866
 21
1793.06625318997
 31
0.0
  0
LINE
  5
1741
330
1721
100
AcDbEntity
  8
0
 62
7
370
35
 48
0.230908
100
AcDbLine
 10
2258.584984210866
 20
1793.06625318997
 30
0.0
 11
2249.348656210866
 21
1793.06625318997
 31
0.0
  0
LINE
  5
1742
330
1721
100
AcDbEntity
  8
0
 62
7
370
35
 48
0.025
100
AcDbLine
 10
2258.584984210866
 20
1792.06625318997
 30
0.0
 11
2258.584984210866
 21
1793.06625318997
 31
0.0
  0
LINE
  5
1743
330
1721
100
AcDbEntity
  8
0
 62
7
370
35
 48
0.230908
100
AcDbLine
 10
2258.584984210866
 20
1792.06625318997
 30
0.0
 11
2249.348656210866
 21
1792.06625318997
 31
0.0
  0
LINE
  5
1744
330
1721
100
AcDbEntity
  8
0
 62
7
370
35
 48
0.061814
100
AcDbLine
 10
2249.348656210866
 20
1792.06625318997
 30
0.0
 11
2249.348656210866
 21
1789.59368818997
 31
0.0
  0
ARC
  5
1745
330
1721
100
AcDbEntity
  8
0
 62
7
370
35
100
AcDbCircle
 10
2249.498680210865
 20
1854.493743189969
 30
0.0
 40
64.900253
100
AcDbArc
 50
269.8675650000364
 51
270.5713339999713
  0
POLYLINE
  5
1746
330
1721
100
AcDbEntity
  8
0
 62
7
370
35
100
AcDb2dPolyline
 66
1
 10
0.0
 20
0.0
 30
0.0
 70
0
  0
VERTEX
  5
1747
330
1746
100
AcDbEntity
  8
0
370
0
100
AcDbVertex
100
AcDb2dVertex
 10
2269.545677210865
 20
1791.43774318997
 30
0.0
 70
0
  0
VERTEX
  5
1748
330
1746
100
AcDbEntity
  8
0
370
0
100
AcDbVertex
100
AcDb2dVertex
 10
2268.657555210864
 20
1791.17504818997
 30
0.0
 70
0
  0
VERTEX
  5
1749
330
1746
100
AcDbEntity
  8
0
370
0
100
AcDbVertex
100
AcDb2dVertex
 10
2267.835411210866
 20
1790.98272618997
 30
0.0
 70
0
  0
VERTEX
  5
174A
330
1746
100
AcDbEntity
  8
0
370
0
100
AcDbVertex
100
AcDb2dVertex
 10
2266.167686210865
 20
1790.67575018997
 30
0.0
 70
0
  0
VERTEX
  5
174B
330
1746
100
AcDbEntity
  8
0
370
0
100
AcDbVertex
100
AcDb2dVertex
 10
2264.482689210865
 20
1790.43542418997
 30
0.0
 70
0
  0
VERTEX
  5
174C
330
1746
100
AcDbEntity
  8
0
370
0
100
AcDbVertex
100
AcDb2dVertex
 10
2262.788048210865
 20
1790.24050818997
 30
0.0
 70
0
  0
VERTEX
  5
174D
330
1746
100
AcDbEntity
  8
0
370
0
100
AcDbVertex
100
AcDb2dVertex
 10
2260.719994210866
 20
1790.04943818997
 30
0.0
 70
0
  0
VERTEX
  5
174E
330
1746
100
AcDbEntity
  8
0
370
0
100
AcDbVertex
100
AcDb2dVertex
 10
2258.646568210866
 20
1789.89849818997
 30
0.0
 70
0
  0
VERTEX
  5
174F
330
1746
100
AcDbEntity
  8
0
370
0
100
AcDbVertex
100
AcDb2dVertex
 10
2256.288475210865
 20
1789.76766918997
 30
0.0
 70
0
  0
VERTEX
  5
1750
330
1746
100
AcDbEntity
  8
0
370
0
100
AcDbVertex
100
AcDb2dVertex
 10
2253.927513210865
 20
1789.674621189969
 30
0.0
 70
0
  0
VERTEX
  5
1751
330
1746
100
AcDbEntity
  8
0
370
0
100
AcDbVertex
100
AcDb2dVertex
 10
2250.145836210865
 20
1789.59670918997
 30
0.0
 70
0
  0
SEQEND
  5
1752
330
1746
100
AcDbEntity
  8
0
370
0
  0
ENDBLK
  5
1723
330
1721
100
AcDbEntity
  8
0
100
AcDbBlockEnd
  0
BLOCK
  5
1756
330
1755
100
AcDbEntity
  8
0
100
AcDbBlockBegin
  2
PART_023
 70
0
 10
0.0
 20
0.0
 30
0.0
  3
PART_023
  1

  0
ARC
  5
1758
330
1755
100
AcDbEntity
  8
0
 62
7
370
35
100
AcDbCircle
 10
2318.702405037218
 20
1825.614477549041
 30
0.0
 40
5.707641999999997
100
AcDbArc
 50
280.0905160000052
 51
11.05533199999492
  0
LINE
  5
1759
330
1755
100
AcDbEntity
  8
0
 62
7
370
35
 48
0.057127
100
AcDbLine
 10
2322.019055037218
 20
1826.708960549041
 30
0.0
 11
2324.304151037218
 21
1826.708960549041
 31
0.0
  0
LINE
  5
175A
330
1755
100
AcDbEntity
  8
0
 62
7
370
35
 48
0.025
100
AcDbLine
 10
2322.019055037218
 20
1827.708960549041
 30
0.0
 11
2322.019055037218
 21
1826.708960549041
 31
0.0
  0
LINE
  5
175B
330
1755
100
AcDbEntity
  8
0
 62
7
370
35
 48
0.04982
100
AcDbLine
 10
2322.019055037218
 20
1827.708960549041
 30
0.0
 11
2324.011853037218
 21
1827.708960549041
 31
0.0
  0
ARC
  5
175C
330
1755
100
AcDbEntity
  8
0
 62
7
370
35
100
AcDbCircle
 10
2318.702405037218
 20
1825.614477549041
 30
0.0
 40
5.707641999999997
100
AcDbArc
 50
21.52829199999477
 51
158.4717129999975
  0
LINE
  5
175D
330
1755
100
AcDbEntity
  8
0
 62
7
370
35
 48
0.04982
100
AcDbLine
 10
2315.385755037218
 20
1827.708960549041
 30
0.0
 11
2313.392957037219
 21
1827.708960549041
 31
0.0
  0
LINE
  5
175E
330
1755
100
AcDbEntity
  8
0
 62
7
370
35
 48
0.025
100
AcDbLine
 10
2315.385755037218
 20
1827.708960549041
 30
0.0
 11
2315.385755037218
 21
1826.708960549041
 31
0.0
  0
LINE
  5
175F
330
1755
100
AcDbEntity
  8
0
 62
7
370
35
 48
0.057127
100
AcDbLine
 10
2315.385755037218
 20
1826.708960549041
 30
0.0
 11
2313.100659037218
 21
1826.708960549041
 31
0.0
  0
ARC
  5
1760
330
1755
100
AcDbEntity
  8
0
 62
7
370
35
100
AcDbCircle
 10
2318.702405037218
 20
1825.614477549041
 30
0.0
 40
5.707641999999997
100
AcDbArc
 50
168.9446739999987
 51
259.9094859999927
  0
LINE
  5
1761
330
1755
100
AcDbEntity
  8
0
 62
7
370
35
 48
0.140484
100
AcDbLine
 10
2317.702405037218
 20
1825.614477549041
 30
0.0
 11
2317.702405037218
 21
1819.995123549041
 31
0.0
  0
LINE
  5
1762
330
1755
100
AcDbEntity
  8
0
 62
7
370
35
 48
0.05
100
AcDbLine
 10
2319.702405037219
 20
1825.614477549041
 30
0.0
 11
2317.702405037218
 21
1825.614477549041
 31
0.0
  0
LINE
  5
1763
330
1755
100
AcDbEntity
  8
0
 62
7
370
35
 48
0.140484
100
AcDbLine
 10
2319.702405037219
 20
1825.614477549041
 30
0.0
 11
2319.702405037219
 21
1819.995123549041
 31
0.0
  0
ENDBLK
  5
1757
330
1755
100
AcDbEntity
  8
0
100
AcDbBlockEnd
  0
BLOCK
  5
1767
330
1766
100
AcDbEntity
  8
0
100
AcDbBlockBegin
  2
PART_024
 70
0
 10
0.0
 20
0.0
 30
0.0
  3
PART_024
  1

  0
ARC
  5
1769
330
1766
100
AcDbEntity
  8
0
 62
7
370
35
100
AcDbCircle
 10
2193.962553964024
 20
1747.287003098847
 30
0.0
 40
5.147834999999997
100
AcDbArc
 50
281.2012890000117
 51
12.06978900000621
  0
LINE
  5
176A
330
1766
100
AcDbEntity
  8
0
 62
7
370
35
 48
0.051273
100
AcDbLine
 10
2196.945708964024
 20
1748.363435098847
 30
0.0
 11
2198.996611964024
 21
1748.363435098847
 31
0.0
  0
LINE
  5
176B
330
1766
100
AcDbEntity
  8
0
 62
7
370
35
 48
0.025
100
AcDbLine
 10
2196.945708964024
 20
1749.363435098847
 30
0.0
 11
2196.945708964024
 21
1748.363435098847
 31
0.0
  0
LINE
  5
176C
330
1766
100
AcDbEntity
  8
0
 62
7
370
35
 48
0.043184
100
AcDbLine
 10
2196.945708964024
 20
1749.363435098847
 30
0.0
 11
2198.673064964024
 21
1749.363435098847
 31
0.0
  0
ARC
  5
176D
330
1766
100
AcDbEntity
  8
0
 62
7
370
35
100
AcDbCircle
 10
2193.962553964024
 20
1747.287003098847
 30
0.0
 40
5.147834999999997
100
AcDbArc
 50
23.78835899999888
 51
156.2116450000046
  0
LINE
  5
176E
330
1766
100
AcDbEntity
  8
0
 62
7
370
35
 48
0.043184
100
AcDbLine
 10
2190.979399964023
 20
1749.363435098847
 30
0.0
 11
2189.252043964023
 21
1749.363435098847
 31
0.0
  0
LINE
  5
176F
330
1766
100
AcDbEntity
  8
0
 62
7
370
35
 48
0.025
100
AcDbLine
 10
2190.979399964023
 20
1749.363435098847
 30
0.0
 11
2190.979399964023
 21
1748.363435098847
 31
0.0
  0
LINE
  5
1770
330
1766
100
AcDbEntity
  8
0
 62
7
370
35
 48
0.051273
100
AcDbLine
 10
2190.979399964023
 20
1748.363435098847
 30
0.0
 11
2188.928496964024
 21
1748.363435098847
 31
0.0
  0
ARC
  5
1771
330
1766
100
AcDbEntity
  8
0
 62
7
370
35
100
AcDbCircle
 10
2193.962553964024
 20
1747.287003098847
 30
0.0
 40
5.147834999999997
100
AcDbArc
 50
167.9302139999987
 51
258.7987130000104
  0
LINE
  5
1772
330
1766
100
AcDbEntity
  8
0
 62
7
370
35
 48
0.126244
100
AcDbLine
 10
2192.962553964024
 20
1747.287003098847
 30
0.0
 11
2192.962553964024
 21
1742.237237098847
 31
0.0
  0
LINE
  5
1773
330
1766
100
AcDbEntity
  8
0
 62
7
370
35
 48
0.05
100
AcDbLine
 10
2194.962553964024
 20
1747.287003098847
 30
0.0
 11
2192.962553964024
 21
1747.287003098847
 31
0.0
  0
LINE
  5
1774
330
1766
100
AcDbEntity
  8
0
 62
7
370
35
 48
0.126244
100
AcDbLine
 10
2194.962553964024
 20
1747.287003098847
 30
0.0
 11
2194.962553964024
 21
1742.237237098847
 31
0.0
  0
ENDBLK
  5
1768
330
1766
100
AcDbEntity
  8
0
100
AcDbBlockEnd
  0
BLOCK
  5
1778
330
1777
100
AcDbEntity
  8
0
100
AcDbBlockBegin
  2
PART_025
 70
0
 10
0.0
 20
0.0
 30
0.0
  3
PART_025
  1

  0
ELLIPSE
  5
177A
330
1777
100
AcDbEntity
  8
0
 62
7
370
35
100
AcDbEllipse
 10
2219.127880590527
 20
1776.863620270856
 30
0.0
 11
-7e-16
 21
-12.1002197265625
 31
0.0
 40
0.165286
 41
5.479481418847632
 42
8.908457382837685
  0
LINE
  5
177B
330
1777
100
AcDbEntity
  8
0
 62
7
370
35
 48
0.049369
100
AcDbLine
 10
2220.115246590526
 20
1787.386508270856
 30
0.0
 11
2218.140499590526
 21
1787.386508270856
 31
0.0
  0
ELLIPSE
  5
177C
330
1777
100
AcDbEntity
  8
0
 62
7
370
35
100
AcDbEllipse
 10
2219.127880590527
 20
1776.863620270856
 30
0.0
 11
-7e-16
 21
-12.1002197265625
 31
0.0
 40
0.165286
 41
3.657913231522676
 42
4.629651685976342
  0
LINE
  5
177D
330
1777
100
AcDbEntity
  8
0
 62
7
370
35
 48
0.049829
100
AcDbLine
 10
2219.127880590527
 20
1777.863620270856
 30
0.0
 11
2217.134716590525
 21
1777.863620270856
 31
0.0
  0
LINE
  5
177E
330
1777
100
AcDbEntity
  8
0
 62
7
370
35
 48
0.05
100
AcDbLine
 10
2219.127880590527
 20
1777.863620270856
 30
0.0
 11
2219.127880590527
 21
1775.863620270856
 31
0.0
  0
LINE
  5
177F
330
1777
100
AcDbEntity
  8
0
 62
7
370
35
 48
0.049829
100
AcDbLine
 10
2219.127880590527
 20
1775.863620270856
 30
0.0
 11
2217.134716590525
 21
1775.863620270856
 31
0.0
  0
ELLIPSE
  5
1780
330
1777
100
AcDbEntity
  8
0
 62
7
370
35
100
AcDbEllipse
 10
2219.127880590527
 20
1776.863620270856
 30
0.0
 11
-7e-16
 21
-12.1002197265625
 31
0.0
 40
0.165286
 41
4.795126274757016
 42
5.370220082376659
  0
LINE
  5
1781
330
1777
100
AcDbEntity
  8
0
 62
7
370
35
 48
0.039566
100
AcDbLine
 10
2217.545239590526
 20
1769.465487270856
 30
0.0
 11
2219.127880590527
 21
1769.465487270856
 31
0.0
  0
LINE
  5
1782
330
1777
100
AcDbEntity
  8
0
 62
7
370
35
 48
0.025
100
AcDbLine
 10
2219.127880590527
 20
1769.465487270856
 30
0.0
 11
2219.127880590527
 21
1768.465487270856
 31
0.0
  0
LINE
  5
1783
330
1777
100
AcDbEntity
  8
0
 62
7
370
35
 48
0.035997
100
AcDbLine
 10
2217.688015590526
 20
1768.465487270856
 30
0.0
 11
2219.127880590527
 21
1768.465487270856
 31
0.0
  0
ENDBLK
  5
1779
330
1777
100
AcDbEntity
  8
0
100
AcDbBlockEnd
  0
BLOCK
  5
1787
330
1786
100
AcDbEntity
  8
0
100
AcDbBlockBegin
  2
PART_026
 70
0
 10
0.0
 20
0.0
 30
0.0
  3
PART_026
  1

  0
ELLIPSE
  5
1789
330
1786
100
AcDbEntity
  8
0
 62
7
370
35
100
AcDbEllipse
 10
2168.446825958166
 20
1745.616067103715
 30
0.0
 11
7e-16
 21
12.1002197265625
 31
0.0
 40
0.165286
 41
5.479481418847632
 42
8.908457382837685
  0
LINE
  5
178A
330
1786
100
AcDbEntity
  8
0
 62
7
370
35
 48
0.049369
100
AcDbLine
 10
2167.459459958166
 20
1735.093179103715
 30
0.0
 11
2169.434206958166
 21
1735.093179103715
 31
0.0
  0
ELLIPSE
  5
178B
330
1786
100
AcDbEntity
  8
0
 62
7
370
35
100
AcDbEllipse
 10
2168.446825958166
 20
1745.616067103715
 30
0.0
 11
7e-16
 21
12.1002197265625
 31
0.0
 40
0.165286
 41
3.657913231522676
 42
4.629651685976342
  0
LINE
  5
178C
330
1786
100
AcDbEntity
  8
0
 62
7
370
35
 48
0.049829
100
AcDbLine
 10
2168.446825958166
 20
1744.616067103715
 30
0.0
 11
2170.439989958166
 21
1744.616067103715
 31
0.0
  0
LINE
  5
178D
330
1786
100
AcDbEntity
  8
0
 62
7
370
35
 48
0.05
100
AcDbLine
 10
2168.446825958166
 20
1744.616067103715
 30
0.0
 11
2168.446825958166
 21
1746.616067103715
 31
0.0
  0
LINE
  5
178E
330
1786
100
AcDbEntity
  8
0
 62
7
370
35
 48
0.049829
100
AcDbLine
 10
2168.446825958166
 20
1746.616067103715
 30
0.0
 11
2170.439989958166
 21
1746.616067103715
 31
0.0
  0
ELLIPSE
  5
178F
330
1786
100
AcDbEntity
  8
0
 62
7
370
35
100
AcDbEllipse
 10
2168.446825958166
 20
1745.616067103715
 30
0.0
 11
7e-16
 21
12.1002197265625
 31
0.0
 40
0.165286
 41
4.795126274757016
 42
5.370220082376659
  0
LINE
  5
1790
330
1786
100
AcDbEntity
  8
0
 62
7
370
35
 48
0.039566
100
AcDbLine
 10
2170.029466958166
 20
1753.014200103715
 30
0.0
 11
2168.446825958166
 21
1753.014200103715
 31
0.0
  0
LINE
  5
1791
330
1786
100
AcDbEntity
  8
0
 62
7
370
35
 48
0.025
100
AcDbLine
 10
2168.446825958166
 20
1753.014200103715
 30
0.0
 11
2168.446825958166
 21
1754.014200103716
 31
0.0
  0
LINE
  5
1792
330
1786
100
AcDbEntity
  8
0
 62
7
370
35
 48
0.035997
100
AcDbLine
 10
2169.886690958166
 20
1754.014200103716
 30
0.0
 11
2168.446825958166
 21
1754.014200103716
 31
0.0
  0
ENDBLK
  5
1788
330
1786
100
AcDbEntity
  8
0
100
AcDbBlockEnd
  0
BLOCK
  5
1796
330
1795
100
AcDbEntity
  8
0
100
AcDbBlockBegin
  2
PART_027
 70
0
 10
0.0
 20
0.0
 30
0.0
  3
PART_027
  1

  0
ELLIPSE
  5
1798
330
1795
100
AcDbEntity
  8
0
 62
7
370
35
100
AcDbEllipse
 10
2335.514333821407
 20
1764.341038992404
 30
0.0
 11
7e-16
 21
12.1002197265625
 31
0.0
 40
0.165286
 41
5.479481418847632
 42
8.908457382837685
  0
LINE
  5
1799
330
1795
100
AcDbEntity
  8
0
 62
7
370
35
 48
0.049369
100
AcDbLine
 10
2334.526967821408
 20
1753.818150992405
 30
0.0
 11
2336.501714821408
 21
1753.818150992405
 31
0.0
  0
ELLIPSE
  5
179A
330
1795
100
AcDbEntity
  8
0
 62
7
370
35
100
AcDbEllipse
 10
2335.514333821407
 20
1764.341038992404
 30
0.0
 11
7e-16
 21
12.1002197265625
 31
0.0
 40
0.165286
 41
3.657913231522676
 42
4.629651685976342
  0
LINE
  5
179B
330
1795
100
AcDbEntity
  8
0
 62
7
370
35
 48
0.049829
100
AcDbLine
 10
2335.514333821407
 20
1763.341038992405
 30
0.0
 11
2337.507497821408
 21
1763.341038992405
 31
0.0
  0
LINE
  5
179C
330
1795
100
AcDbEntity
  8
0
 62
7
370
35
 48
0.05
100
AcDbLine
 10
2335.514333821407
 20
1763.341038992405
 30
0.0
 11
2335.514333821407
 21
1765.341038992405
 31
0.0
  0
LINE
  5
179D
330
1795
100
AcDbEntity
  8
0
 62
7
370
35
 48
0.049829
100
AcDbLine
 10
2335.514333821407
 20
1765.341038992405
 30
0.0
 11
2337.507497821408
 21
1765.341038992405
 31
0.0
  0
ELLIPSE
  5
179E
330
1795
100
AcDbEntity
  8
0
 62
7
370
35
100
AcDbEllipse
 10
2335.514333821407
 20
1764.341038992404
 30
0.0
 11
7e-16
 21
12.1002197265625
 31
0.0
 40
0.165286
 41
4.795126274757016
 42
5.370220082376659
  0
LINE
  5
179F
330
1795
100
AcDbEntity
  8
0
 62
7
370
35
 48
0.039566
100
AcDbLine
 10
2337.096974821408
 20
1771.739171992405
 30
0.0
 11
2335.514333821407
 21
1771.739171992405
 31
0.0
  0
LINE
  5
17A0
330
1795
100
AcDbEntity
  8
0
 62
7
370
35
 48
0.025
100
AcDbLine
 10
2335.514333821407
 20
1771.739171992405
 30
0.0
 11
2335.514333821407
 21
1772.739171992405
 31
0.0
  0
LINE
  5
17A1
330
1795
100
AcDbEntity
  8
0
 62
7
370
35
 48
0.035997
100
AcDbLine
 10
2336.954198821407
 20
1772.739171992405
 30
0.0
 11
2335.514333821407
 21
1772.739171992405
 31
0.0
  0
ENDBLK
  5
1797
330
1795
100
AcDbEntity
  8
0
100
AcDbBlockEnd
  0
BLOCK
  5
17A5
330
17A4
100
AcDbEntity
  8
0
100
AcDbBlockBegin
  2
PART_028
 70
0
 10
0.0
 20
0.0
 30
0.0
  3
PART_028
  1

  0
ELLIPSE
  5
17A7
330
17A4
100
AcDbEntity
  8
0
 62
7
370
35
100
AcDbEllipse
 10
2325.409452603903
 20
1764.341038992404
 30
0.0
 11
7e-16
 21
12.1002197265625
 31
0.0
 40
0.165286
 41
5.479481418847632
 42
8.908457382837685
  0
LINE
  5
17A8
330
17A4
100
AcDbEntity
  8
0
 62
7
370
35
 48
0.049369
100
AcDbLine
 10
2324.422086603902
 20
1753.818150992405
 30
0.0
 11
2326.396833603903
 21
1753.818150992405
 31
0.0
  0
ELLIPSE
  5
17A9
330
17A4
100
AcDbEntity
  8
0
 62
7
370
35
100
AcDbEllipse
 10
2325.409452603903
 20
1764.341038992404
 30
0.0
 11
7e-16
 21
12.1002197265625
 31
0.0
 40
0.165286
 41
3.657913231522676
 42
4.629651685976342
  0
LINE
  5
17AA
330
17A4
100
AcDbEntity
  8
0
 62
7
370
35
 48
0.049829
100
AcDbLine
 10
2325.409452603903
 20
1763.341038992405
 30
0.0
 11
2327.402616603903
 21
1763.341038992405
 31
0.0
  0
LINE
  5
17AB
330
17A4
100
AcDbEntity
  8
0
 62
7
370
35
 48
0.05
100
AcDbLine
 10
2325.409452603903
 20
1763.341038992405
 30
0.0
 11
2325.409452603903
 21
1765.341038992405
 31
0.0
  0
LINE
  5
17AC
330
17A4
100
AcDbEntity
  8
0
 62
7
370
35
 48
0.049829
100
AcDbLine
 10
2325.409452603903
 20
1765.341038992405
 30
0.0
 11
2327.402616603903
 21
1765.341038992405
 31
0.0
  0
ELLIPSE
  5
17AD
330
17A4
100
AcDbEntity
  8
0
 62
7
370
35
100
AcDbEllipse
 10
2325.409452603903
 20
1764.341038992404
 30
0.0
 11
7e-16
 21
12.1002197265625
 31
0.0
 40
0.165286
 41
4.795126274757016
 42
5.370220082376659
  0
LINE
  5
17AE
330
17A4
100
AcDbEntity
  8
0
 62
7
370
35
 48
0.039566
100
AcDbLine
 10
2326.992093603903
 20
1771.739171992405
 30
0.0
 11
2325.409452603903
 21
1771.739171992405
 31
0.0
  0
LINE
  5
17AF
330
17A4
100
AcDbEntity
  8
0
 62
7
370
35
 48
0.025
100
AcDbLine
 10
2325.409452603903
 20
1771.739171992405
 30
0.0
 11
2325.409452603903
 21
1772.739171992405
 31
0.0
  0
LINE
  5
17B0
330
17A4
100
AcDbEntity
  8
0
 62
7
370
35
 48
0.035997
100
AcDbLine
 10
2326.849317603902
 20
1772.739171992405
 30
0.0
 11
2325.409452603903
 21
1772.739171992405
 31
0.0
  0
ENDBLK
  5
17A6
330
17A4
100
AcDbEntity
  8
0
100
AcDbBlockEnd
  0
BLOCK
  5
17B4
330
17B3
100
AcDbEntity
  8
0
100
AcDbBlockBegin
  2
PART_029
 70
0
 10
0.0
 20
0.0
 30
0.0
  3
PART_029
  1

  0
ELLIPSE
  5
17B6
330
17B3
100
AcDbEntity
  8
0
 62
7
370
35
100
AcDbEllipse
 10
2248.314269145493
 20
1799.511061177572
 30
0.0
 11
-15.0
 21
-3.0517578125e-05
 31
0.0
 40
0.191011
 41
1.637505999245538
 42
4.645678879106037
  0
LINE
  5
17B7
330
17B3
100
AcDbEntity
  8
0
 62
7
370
35
 48
0.05897
100
AcDbLine
 10
2249.314147145493
 20
1802.369856177572
 30
0.0
 11
2249.314147145493
 21
1800.011061177572
 31
0.0
  0
LINE
  5
17B8
330
17B3
100
AcDbEntity
  8
0
 62
7
370
35
 48
0.115262
100
AcDbLine
 10
2253.924621145493
 20
1800.011061177572
 30
0.0
 11
2249.314147145493
 21
1800.011061177572
 31
0.0
  0
LINE
  5
17B9
330
17B3
100
AcDbEntity
  8
0
 62
7
370
35
 48
0.025
100
AcDbLine
 10
2253.924621145493
 20
1799.011061177572
 30
0.0
 11
2253.924621145493
 21
1800.011061177572
 31
0.0
  0
LINE
  5
17BA
330
17B3
100
AcDbEntity
  8
0
 62
7
370
35
 48
0.115262
100
AcDbLine
 10
2253.924621145493
 20
1799.011061177572
 30
0.0
 11
2249.314147145493
 21
1799.011061177572
 31
0.0
  0
LINE
  5
17BB
330
17B3
100
AcDbEntity
  8
0
 62
7
370
35
 48
0.05897
100
AcDbLine
 10
2249.314147145493
 20
1799.011061177572
 30
0.0
 11
2249.314147145493
 21
1796.652266177572
 31
0.0
  0
ENDBLK
  5
17B5
330
17B3
100
AcDbEntity
  8
0
100
AcDbBlockEnd
  0
BLOCK
  5
17BF
330
17BE
100
AcDbEntity
  8
0
100
AcDbBlockBegin
  2
PART_030
 70
0
 10
0.0
 20
0.0
 30
0.0
  3
PART_030
  1

  0
ELLIPSE
  5
17C1
330
17BE
100
AcDbEntity
  8
0
 62
7
370
35
100
AcDbEllipse
 10
2319.157443806274
 20
1800.469117258707
 30
0.0
 11
15.0
 21
-3.0517578125e-05
 31
0.0
210
0.0
220
0.0
230
-1.0
 40
0.191011
 41
1.637505999245538
 42
4.645678879106037
  0
LINE
  5
17C2
330
17BE
100
AcDbEntity
  8
0
 62
7
370
35
 48
0.05897
100
AcDbLine
 10
2318.157565806274
 20
1799.969117258707
 30
0.0
 11
2318.157565806274
 21
1797.610322258707
 31
0.0
  0
LINE
  5
17C3
330
17BE
100
AcDbEntity
  8
0
 62
7
370
35
 48
0.115262
100
AcDbLine
 10
2313.547091806274
 20
1799.969117258707
 30
0.0
 11
2318.157565806274
 21
1799.969117258707
 31
0.0
  0
LINE
  5
17C4
330
17BE
100
AcDbEntity
  8
0
 62
7
370
35
 48
0.025
100
AcDbLine
 10
2313.547091806274
 20
1799.969117258707
 30
0.0
 11
2313.547091806274
 21
1800.969117258707
 31
0.0
  0
LINE
  5
17C5
330
17BE
100
AcDbEntity
  8
0
 62
7
370
35
 48
0.115262
100
AcDbLine
 10
2313.547091806274
 20
1800.969117258707
 30
0.0
 11
2318.157565806274
 21
1800.969117258707
 31
0.0
  0
LINE
  5
17C6
330
17BE
100
AcDbEntity
  8
0
 62
7
370
35
 48
0.05897
100
AcDbLine
 10
2318.157565806274
 20
1803.327912258707
 30
0.0
 11
2318.157565806274
 21
1800.969117258707
 31
0.0
  0
ENDBLK
  5
17C0
330
17BE
100
AcDbEntity
  8
0
100
AcDbBlockEnd
  0
BLOCK
  5
17CA
330
17C9
100
AcDbEntity
  8
0
100
AcDbBlockBegin
  2
PART_031
 70
0
 10
0.0
 20
0.0
 30
0.0
  3
PART_031
  1

  0
ARC
  5
17CC
330
17C9
100
AcDbEntity
  8
0
 62
7
370
35
100
AcDbCircle
 10
2325.492908167257
 20
1783.032170647549
 30
0.0
 40
4.156676
100
AcDbArc
 50
283.9205860000074
 51
353.6950649999978
  0
LINE
  5
17CD
330
17C9
100
AcDbEntity
  8
0
 62
7
370
35
 48
0.042532
100
AcDbLine
 10
2327.923144167256
 20
1782.575681647549
 30
0.0
 11
2329.624438167256
 21
1782.575681647549
 31
0.0
  0
LINE
  5
17CE
330
17C9
100
AcDbEntity
  8
0
 62
7
370
35
 48
0.025
100
AcDbLine
 10
2327.923144167256
 20
1783.575681647549
 30
0.0
 11
2327.923144167256
 21
1782.575681647549
 31
0.0
  0
LINE
  5
17CF
330
17C9
100
AcDbEntity
  8
0
 62
7
370
35
 48
0.042268
100
AcDbLine
 10
2327.923144167256
 20
1783.575681647549
 30
0.0
 11
2329.613879167256
 21
1783.575681647549
 31
0.0
  0
ARC
  5
17D0
330
17C9
100
AcDbEntity
  8
0
 62
7
370
35
100
AcDbCircle
 10
2325.492908167257
 20
1783.032170647549
 30
0.0
 40
4.156676
100
AcDbArc
 50
7.513333999995664
 51
172.4866599999931
  0
LINE
  5
17D1
330
17C9
100
AcDbEntity
  8
0
 62
7
370
35
 48
0.042268
100
AcDbLine
 10
2323.062671167257
 20
1783.575681647549
 30
0.0
 11
2321.371936167256
 21
1783.575681647549
 31
0.0
  0
LINE
  5
17D2
330
17C9
100
AcDbEntity
  8
0
 62
7
370
35
 48
0.025
100
AcDbLine
 10
2323.062671167257
 20
1783.575681647549
 30
0.0
 11
2323.062671167257
 21
1782.575681647549
 31
0.0
  0
LINE
  5
17D3
330
17C9
100
AcDbEntity
  8
0
 62
7
370
35
 48
0.042532
100
AcDbLine
 10
2323.062671167257
 20
1782.575681647549
 30
0.0
 11
2321.361377167256
 21
1782.575681647549
 31
0.0
  0
ARC
  5
17D4
330
17C9
100
AcDbEntity
  8
0
 62
7
370
35
100
AcDbCircle
 10
2325.492908167257
 20
1783.032170647549
 30
0.0
 40
4.156676
100
AcDbArc
 50
186.3049289999981
 51
256.079408999989
  0
LINE
  5
17D5
330
17C9
100
AcDbEntity
  8
0
 62
7
370
35
 48
0.100865
100
AcDbLine
 10
2324.492908167256
 20
1783.032170647549
 30
0.0
 11
2324.492908167256
 21
1778.997571647549
 31
0.0
  0
LINE
  5
17D6
330
17C9
100
AcDbEntity
  8
0
 62
7
370
35
 48
0.05
100
AcDbLine
 10
2326.492908167256
 20
1783.032170647549
 30
0.0
 11
2324.492908167256
 21
1783.032170647549
 31
0.0
  0
LINE
  5
17D7
330
17C9
100
AcDbEntity
  8
0
 62
7
370
35
 48
0.100865
100
AcDbLine
 10
2326.492908167256
 20
1783.032170647549
 30
0.0
 11
2326.492908167256
 21
1778.997571647549
 31
0.0
  0
ENDBLK
  5
17CB
330
17C9
100
AcDbEntity
  8
0
100
AcDbBlockEnd
  0
BLOCK
  5
17DB
330
17DA
100
AcDbEntity
  8
0
100
AcDbBlockBegin
  2
PART_032
 70
0
 10
0.0
 20
0.0
 30
0.0
  3
PART_032
  1

  0
ARC
  5
17DD
330
17DA
100
AcDbEntity
  8
0
 62
7
370
35
100
AcDbCircle
 10
2335.275443068249
 20
1783.032170647549
 30
0.0
 40
4.156676
100
AcDbArc
 50
283.9205860000074
 51
353.6950649999978
  0
LINE
  5
17DE
330
17DA
100
AcDbEntity
  8
0
 62
7
370
35
 48
0.042532
100
AcDbLine
 10
2337.705679068249
 20
1782.575681647549
 30
0.0
 11
2339.406973068248
 21
1782.575681647549
 31
0.0
  0
LINE
  5
17DF
330
17DA
100
AcDbEntity
  8
0
 62
7
370
35
 48
0.025
100
AcDbLine
 10
2337.705679068249
 20
1783.575681647549
 30
0.0
 11
2337.705679068249
 21
1782.575681647549
 31
0.0
  0
LINE
  5
17E0
330
17DA
100
AcDbEntity
  8
0
 62
7
370
35
 48
0.042268
100
AcDbLine
 10
2337.705679068249
 20
1783.575681647549
 30
0.0
 11
2339.396414068249
 21
1783.575681647549
 31
0.0
  0
ARC
  5
17E1
330
17DA
100
AcDbEntity
  8
0
 62
7
370
35
100
AcDbCircle
 10
2335.275443068249
 20
1783.032170647549
 30
0.0
 40
4.156676
100
AcDbArc
 50
7.513333999995659
 51
172.4866599999931
  0
LINE
  5
17E2
330
17DA
100
AcDbEntity
  8
0
 62
7
370
35
 48
0.042268
100
AcDbLine
 10
2332.845206068249
 20
1783.575681647549
 30
0.0
 11
2331.154471068249
 21
1783.575681647549
 31
0.0
  0
LINE
  5
17E3
330
17DA
100
AcDbEntity
  8
0
 62
7
370
35
 48
0.025
100
AcDbLine
 10
2332.845206068249
 20
1783.575681647549
 30
0.0
 11
2332.845206068249
 21
1782.575681647549
 31
0.0
  0
LINE
  5
17E4
330
17DA
100
AcDbEntity
  8
0
 62
7
370
35
 48
0.042532
100
AcDbLine
 10
2332.845206068249
 20
1782.575681647549
 30
0.0
 11
2331.143912068249
 21
1782.575681647549
 31
0.0
  0
ARC
  5
17E5
330
17DA
100
AcDbEntity
  8
0
 62
7
370
35
100
AcDbCircle
 10
2335.275443068249
 20
1783.032170647549
 30
0.0
 40
4.156676
100
AcDbArc
 50
186.3049289999981
 51
256.079408999989
  0
LINE
  5
17E6
330
17DA
100
AcDbEntity
  8
0
 62
7
370
35
 48
0.100865
100
AcDbLine
 10
2334.275443068249
 20
1783.032170647549
 30
0.0
 11
2334.275443068249
 21
1778.997571647549
 31
0.0
  0
LINE
  5
17E7
330
17DA
100
AcDbEntity
  8
0
 62
7
370
35
 48
0.05
100
AcDbLine
 10
2336.275443068249
 20
1783.032170647549
 30
0.0
 11
2334.275443068249
 21
1783.032170647549
 31
0.0
  0
LINE
  5
17E8
330
17DA
100
AcDbEntity
  8
0
 62
7
370
35
 48
0.100865
100
AcDbLine
 10
2336.275443068249
 20
1783.032170647549
 30
0.0
 11
2336.275443068249
 21
1778.997571647549
 31
0.0
  0
ENDBLK
  5
17DC
330
17DA
100
AcDbEntity
  8
0
100
AcDbBlockEnd
  0
BLOCK
  5
17EC
330
17EB
100
AcDbEntity
  8
0
100
AcDbBlockBegin
  2
PART_033
 70
0
 10
0.0
 20
0.0
 30
0.0
  3
PART_033
  1

  0
ARC
  5
17EE
330
17EB
100
AcDbEntity
  8
0
 62
7
370
35
100
AcDbCircle
 10
2205.818628244047
 20
1773.857781647647
 30
0.0
 40
4.156676
100
AcDbArc
 50
283.9205860000075
 51
353.695064999998
  0
LINE
  5
17EF
330
17EB
100
AcDbEntity
  8
0
 62
7
370
35
 48
0.042532
100
AcDbLine
 10
2208.248864244047
 20
1773.401292647647
 30
0.0
 11
2209.950158244047
 21
1773.401292647647
 31
0.0
  0
LINE
  5
17F0
330
17EB
100
AcDbEntity
  8
0
 62
7
370
35
 48
0.025
100
AcDbLine
 10
2208.248864244047
 20
1774.401292647647
 30
0.0
 11
2208.248864244047
 21
1773.401292647647
 31
0.0
  0
LINE
  5
17F1
330
17EB
100
AcDbEntity
  8
0
 62
7
370
35
 48
0.042268
100
AcDbLine
 10
2208.248864244047
 20
1774.401292647647
 30
0.0
 11
2209.939599244047
 21
1774.401292647647
 31
0.0
  0
ARC
  5
17F2
330
17EB
100
AcDbEntity
  8
0
 62
7
370
35
100
AcDbCircle
 10
2205.818628244047
 20
1773.857781647647
 30
0.0
 40
4.156676
100
AcDbArc
 50
7.513333999995653
 51
172.4866599999931
  0
LINE
  5
17F3
330
17EB
100
AcDbEntity
  8
0
 62
7
370
35
 48
0.042268
100
AcDbLine
 10
2203.388391244047
 20
1774.401292647647
 30
0.0
 11
2201.697656244047
 21
1774.401292647647
 31
0.0
  0
LINE
  5
17F4
330
17EB
100
AcDbEntity
  8
0
 62
7
370
35
 48
0.025
100
AcDbLine
 10
2203.388391244047
 20
1774.401292647647
 30
0.0
 11
2203.388391244047
 21
1773.401292647647
 31
0.0
  0
LINE
  5
17F5
330
17EB
100
AcDbEntity
  8
0
 62
7
370
35
 48
0.042532
100
AcDbLine
 10
2203.388391244047
 20
1773.401292647647
 30
0.0
 11
2201.687097244047
 21
1773.401292647647
 31
0.0
  0
ARC
  5
17F6
330
17EB
100
AcDbEntity
  8
0
 62
7
370
35
100
AcDbCircle
 10
2205.818628244047
 20
1773.857781647647
 30
0.0
 40
4.156676
100
AcDbArc
 50
186.3049289999981
 51
256.0794089999891
  0
LINE
  5
17F7
330
17EB
100
AcDbEntity
  8
0
 62
7
370
35
 48
0.100865
100
AcDbLine
 10
2204.818628244047
 20
1773.857781647647
 30
0.0
 11
2204.818628244047
 21
1769.823182647647
 31
0.0
  0
LINE
  5
17F8
330
17EB
100
AcDbEntity
  8
0
 62
7
370
35
 48
0.05
100
AcDbLine
 10
2206.818628244047
 20
1773.857781647647
 30
0.0
 11
2204.818628244047
 21
1773.857781647647
 31
0.0
  0
LINE
  5
17F9
330
17EB
100
AcDbEntity
  8
0
 62
7
370
35
 48
0.100865
100
AcDbLine
 10
2206.818628244047
 20
1773.857781647647
 30
0.0
 11
2206.818628244047
 21
1769.823182647647
 31
0.0
  0
ENDBLK
  5
17ED
330
17EB
100
AcDbEntity
  8
0
100
AcDbBlockEnd
  0
BLOCK
  5
17FD
330
17FC
100
AcDbEntity
  8
0
100
AcDbBlockBegin
  2
PART_034
 70
0
 10
0.0
 20
0.0
 30
0.0
  3
PART_034
  1

  0
ARC
  5
17FF
330
17FC
100
AcDbEntity
  8
0
 62
7
370
35
100
AcDbCircle
 10
2325.155553902161
 20
1793.651507081476
 30
0.0
 40
3.057028999999998
100
AcDbArc
 50
289.0937639999911
 51
1.295670999997303
  0
LINE
  5
1800
330
17FC
100
AcDbEntity
  8
0
 62
7
370
35
 48
0.029626
100
AcDbLine
 10
2327.026768902161
 20
1793.720630081476
 30
0.0
 11
2328.211827902162
 21
1793.720630081476
 31
0.0
  0
LINE
  5
1801
330
17FC
100
AcDbEntity
  8
0
 62
7
370
35
 48
0.025
100
AcDbLine
 10
2327.026768902161
 20
1794.720630081476
 30
0.0
 11
2327.026768902161
 21
1793.720630081476
 31
0.0
  0
LINE
  5
1802
330
17FC
100
AcDbEntity
  8
0
 62
7
370
35
 48
0.024818
100
AcDbLine
 10
2327.026768902161
 20
1794.720630081476
 30
0.0
 11
2328.019505902162
 21
1794.720630081476
 31
0.0
  0
ARC
  5
1803
330
17FC
100
AcDbEntity
  8
0
 62
7
370
35
100
AcDbCircle
 10
2325.155553902161
 20
1793.651507081476
 30
0.0
 40
3.057028999999998
100
AcDbArc
 50
20.47060600000501
 51
159.5293950000016
  0
LINE
  5
1804
330
17FC
100
AcDbEntity
  8
0
 62
7
370
35
 48
0.024818
100
AcDbLine
 10
2323.284337902162
 20
1794.720630081476
 30
0.0
 11
2322.291600902161
 21
1794.720630081476
 31
0.0
  0
LINE
  5
1805
330
17FC
100
AcDbEntity
  8
0
 62
7
370
35
 48
0.025
100
AcDbLine
 10
2323.284337902162
 20
1794.720630081476
 30
0.0
 11
2323.284337902162
 21
1793.720630081476
 31
0.0
  0
LINE
  5
1806
330
17FC
100
AcDbEntity
  8
0
 62
7
370
35
 48
0.029626
100
AcDbLine
 10
2323.284337902162
 20
1793.720630081476
 30
0.0
 11
2322.099278902161
 21
1793.720630081476
 31
0.0
  0
ARC
  5
1807
330
17FC
100
AcDbEntity
  8
0
 62
7
370
35
100
AcDbCircle
 10
2325.155553902161
 20
1793.651507081476
 30
0.0
 40
3.057028999999998
100
AcDbArc
 50
178.7043319999988
 51
250.9062379999983
  0
LINE
  5
1808
330
17FC
100
AcDbEntity
  8
0
 62
7
370
35
 48
0.072221
100
AcDbLine
 10
2324.155553902162
 20
1793.651507081476
 30
0.0
 11
2324.155553902162
 21
1790.762660081476
 31
0.0
  0
LINE
  5
1809
330
17FC
100
AcDbEntity
  8
0
 62
7
370
35
 48
0.05
100
AcDbLine
 10
2326.155553902161
 20
1793.651507081476
 30
0.0
 11
2324.155553902162
 21
1793.651507081476
 31
0.0
  0
LINE
  5
180A
330
17FC
100
AcDbEntity
  8
0
 62
7
370
35
 48
0.072221
100
AcDbLine
 10
2326.155553902161
 20
1793.651507081476
 30
0.0
 11
2326.155553902161
 21
1790.762660081476
 31
0.0
  0
ENDBLK
  5
17FE
330
17FC
100
AcDbEntity
  8
0
100
AcDbBlockEnd
  0
BLOCK
  5
180E
330
180D
100
AcDbEntity
  8
0
100
AcDbBlockBegin
  2
PART_035
 70
0
 10
0.0
 20
0.0
 30
0.0
  3
PART_035
  1

  0
ARC
  5
1810
330
180D
100
AcDbEntity
  8
0
 62
7
370
35
100
AcDbCircle
 10
2333.971707708009
 20
1793.651507081476
 30
0.0
 40
3.057028999999998
100
AcDbArc
 50
289.0937639999911
 51
1.295670999997303
  0
LINE
  5
1811
330
180D
100
AcDbEntity
  8
0
 62
7
370
35
 48
0.029626
100
AcDbLine
 10
2335.842922708009
 20
1793.720630081476
 30
0.0
 11
2337.027981708009
 21
1793.720630081476
 31
0.0
  0
LINE
  5
1812
330
180D
100
AcDbEntity
  8
0
 62
7
370
35
 48
0.025
100
AcDbLine
 10
2335.842922708009
 20
1794.720630081476
 30
0.0
 11
2335.842922708009
 21
1793.720630081476
 31
0.0
  0
LINE
  5
1813
330
180D
100
AcDbEntity
  8
0
 62
7
370
35
 48
0.024818
100
AcDbLine
 10
2335.842922708009
 20
1794.720630081476
 30
0.0
 11
2336.835659708009
 21
1794.720630081476
 31
0.0
  0
ARC
  5
1814
330
180D
100
AcDbEntity
  8
0
 62
7
370
35
100
AcDbCircle
 10
2333.971707708009
 20
1793.651507081476
 30
0.0
 40
3.057028999999998
100
AcDbArc
 50
20.470606000005
 51
159.5293950000016
  0
LINE
  5
1815
330
180D
100
AcDbEntity
  8
0
 62
7
370
35
 48
0.024818
100
AcDbLine
 10
2332.100491708009
 20
1794.720630081476
 30
0.0
 11
2331.107754708009
 21
1794.720630081476
 31
0.0
  0
LINE
  5
1816
330
180D
100
AcDbEntity
  8
0
 62
7
370
35
 48
0.025
100
AcDbLine
 10
2332.100491708009
 20
1794.720630081476
 30
0.0
 11
2332.100491708009
 21
1793.720630081476
 31
0.0
  0
LINE
  5
1817
330
180D
100
AcDbEntity
  8
0
 62
7
370
35
 48
0.029626
100
AcDbLine
 10
2332.100491708009
 20
1793.720630081476
 30
0.0
 11
2330.915432708009
 21
1793.720630081476
 31
0.0
  0
ARC
  5
1818
330
180D
100
AcDbEntity
  8
0
 62
7
370
35
100
AcDbCircle
 10
2333.971707708009
 20
1793.651507081476
 30
0.0
 40
3.057028999999998
100
AcDbArc
 50
178.7043319999988
 51
250.9062379999983
  0
LINE
  5
1819
330
180D
100
AcDbEntity
  8
0
 62
7
370
35
 48
0.072221
100
AcDbLine
 10
2332.971707708009
 20
1793.651507081476
 30
0.0
 11
2332.971707708009
 21
1790.762660081476
 31
0.0
  0
LINE
  5
181A
330
180D
100
AcDbEntity
  8
0
 62
7
370
35
 48
0.05
100
AcDbLine
 10
2334.971707708009
 20
1793.651507081476
 30
0.0
 11
2332.971707708009
 21
1793.651507081476
 31
0.0
  0
LINE
  5
181B
330
180D
100
AcDbEntity
  8
0
 62
7
370
35
 48
0.072221
100
AcDbLine
 10
2334.971707708009
 20
1793.651507081476
 30
0.0
 11
2334.971707708009
 21
1790.762660081476
 31
0.0
  0
ENDBLK
  5
180F
330
180D
100
AcDbEntity
  8
0
100
AcDbBlockEnd
  0
BLOCK
  5
181F
330
181E
100
AcDbEntity
  8
0
100
AcDbBlockBegin
  2
PART_036
 70
0
 10
0.0
 20
0.0
 30
0.0
  3
PART_036
  1

  0
ARC
  5
1821
330
181E
100
AcDbEntity
  8
0
 62
7
370
35
100
AcDbCircle
 10
2193.332802660101
 20
1773.505359654798
 30
0.0
 40
3.057028999999998
100
AcDbArc
 50
289.0937639999913
 51
1.295670999997267
  0
LINE
  5
1822
330
181E
100
AcDbEntity
  8
0
 62
7
370
35
 48
0.029626
100
AcDbLine
 10
2195.204017660101
 20
1773.574482654798
 30
0.0
 11
2196.389076660101
 21
1773.574482654798
 31
0.0
  0
LINE
  5
1823
330
181E
100
AcDbEntity
  8
0
 62
7
370
35
 48
0.025
100
AcDbLine
 10
2195.204017660101
 20
1774.574482654798
 30
0.0
 11
2195.204017660101
 21
1773.574482654798
 31
0.0
  0
LINE
  5
1824
330
181E
100
AcDbEntity
  8
0
 62
7
370
35
 48
0.024818
100
AcDbLine
 10
2195.204017660101
 20
1774.574482654798
 30
0.0
 11
2196.196754660102
 21
1774.574482654798
 31
0.0
  0
ARC
  5
1825
330
181E
100
AcDbEntity
  8
0
 62
7
370
35
100
AcDbCircle
 10
2193.332802660101
 20
1773.505359654798
 30
0.0
 40
3.057028999999998
100
AcDbArc
 50
20.4706060000052
 51
159.5293950000019
  0
LINE
  5
1826
330
181E
100
AcDbEntity
  8
0
 62
7
370
35
 48
0.024818
100
AcDbLine
 10
2191.461586660101
 20
1774.574482654798
 30
0.0
 11
2190.468849660101
 21
1774.574482654798
 31
0.0
  0
LINE
  5
1827
330
181E
100
AcDbEntity
  8
0
 62
7
370
35
 48
0.025
100
AcDbLine
 10
2191.461586660101
 20
1774.574482654798
 30
0.0
 11
2191.461586660101
 21
1773.574482654798
 31
0.0
  0
LINE
  5
1828
330
181E
100
AcDbEntity
  8
0
 62
7
370
35
 48
0.029626
100
AcDbLine
 10
2191.461586660101
 20
1773.574482654798
 30
0.0
 11
2190.276527660101
 21
1773.574482654798
 31
0.0
  0
ARC
  5
1829
330
181E
100
AcDbEntity
  8
0
 62
7
370
35
100
AcDbCircle
 10
2193.332802660101
 20
1773.505359654798
 30
0.0
 40
3.057028999999998
100
AcDbArc
 50
178.7043319999988
 51
250.9062379999981
  0
LINE
  5
182A
330
181E
100
AcDbEntity
  8
0
 62
7
370
35
 48
0.072221
100
AcDbLine
 10
2192.332802660101
 20
1773.505359654798
 30
0.0
 11
2192.332802660101
 21
1770.616512654798
 31
0.0
  0
LINE
  5
182B
330
181E
100
AcDbEntity
  8
0
 62
7
370
35
 48
0.05
100
AcDbLine
 10
2194.332802660101
 20
1773.505359654798
 30
0.0
 11
2192.332802660101
 21
1773.505359654798
 31
0.0
  0
LINE
  5
182C
330
181E
100
AcDbEntity
  8
0
 62
7
370
35
 48
0.072221
100
AcDbLine
 10
2194.332802660101
 20
1773.505359654798
 30
0.0
 11
2194.332802660101
 21
1770.616512654798
 31
0.0
  0
ENDBLK
  5
1820
330
181E
100
AcDbEntity
  8
0
100
AcDbBlockEnd
  0
ENDSEC
  0
SECTION
  2
ENTITIES
  0
POLYLINE
  5
814
330
1F
100
AcDbEntity
  8
0
 62
7
370
35
100
AcDb2dPolyline
 66
1
 10
0.0
 20
0.0
 30
0.0
 70
0
  0
VERTEX
  5
815
330
814
100
AcDbEntity
  8
0
370
0
100
AcDbVertex
100
AcDb2dVertex
 10
2295.742927524107
 20
1827.701561199368
 30
0.0
 70
0
  0
VERTEX
  5
816
330
814
100
AcDbEntity
  8
0
370
0
100
AcDbVertex
100
AcDb2dVertex
 10
2299.497749524107
 20
1826.706291199369
 30
0.0
 70
0
  0
VERTEX
  5
817
330
814
100
AcDbEntity
  8
0
370
0
100
AcDbVertex
100
AcDb2dVertex
 10
2301.388130524107
 20
1826.158897199368
 30
0.0
 70
0
  0
VERTEX
  5
818
330
814
100
AcDbEntity
  8
0
370
0
100
AcDbVertex
100
AcDb2dVertex
 10
2303.278999524107
 20
1825.572044199368
 30
0.0
 70
0
  0
VERTEX
  5
819
330
814
100
AcDbEntity
  8
0
370
0
100
AcDbVertex
100
AcDb2dVertex
 10
2305.775947524107
 20
1824.716240199368
 30
0.0
 70
0
  0
VERTEX
  5
81A
330
814
100
AcDbEntity
  8
0
370
0
100
AcDbVertex
100
AcDb2dVertex
 10
2307.426521524107
 20
1824.077781199369
 30
0.0
 70
0
  0
VERTEX
  5
81B
330
814
100
AcDbEntity
  8
0
370
0
100
AcDbVertex
100
AcDb2dVertex
 10
2309.013618524107
 20
1823.377647199368
 30
0.0
 70
0
  0
VERTEX
  5
81C
330
814
100
AcDbEntity
  8
0
370
0
100
AcDbVertex
100
AcDb2dVertex
 10
2309.811592524107
 20
1822.976982199368
 30
0.0
 70
0
  0
VERTEX
  5
81D
330
814
100
AcDbEntity
  8
0
370
0
100
AcDbVertex
100
AcDb2dVertex
 10
2310.957466524107
 20
1822.308372199369
 30
0.0
 70
0
  0
VERTEX
  5
81E
330
814
100
AcDbEntity
  8
0
370
0
100
AcDbVertex
100
AcDb2dVertex
 10
2311.538642524107
 20
1821.901084199368
 30
0.0
 70
0
  0
VERTEX
  5
81F
330
814
100
AcDbEntity
  8
0
370
0
100
AcDbVertex
100
AcDb2dVertex
 10
2312.074775524108
 20
1821.453392199369
 30
0.0
 70
0
  0
VERTEX
  5
820
330
814
100
AcDbEntity
  8
0
370
0
100
AcDbVertex
100
AcDb2dVertex
 10
2312.543769524107
 20
1820.959587199368
 30
0.0
 70
0
  0
VERTEX
  5
821
330
814
100
AcDbEntity
  8
0
370
0
100
AcDbVertex
100
AcDb2dVertex
 10
2312.921577524107
 20
1820.409904199368
 30
0.0
 70
0
  0
VERTEX
  5
822
330
814
100
AcDbEntity
  8
0
370
0
100
AcDbVertex
100
AcDb2dVertex
 10
2313.172492524107
 20
1819.816276199368
 30
0.0
 70
0
  0
VERTEX
  5
823
330
814
100
AcDbEntity
  8
0
370
0
100
AcDbVertex
100
AcDb2dVertex
 10
2313.262886524107
 20
1819.400810199368
 30
0.0
 70
0
  0
SEQEND
  5
824
330
1F
100
AcDbEntity
  8
0
370
0
  0
LINE
  5
825
330
1F
100
AcDbEntity
  8
0
 62
7
370
35
 48
0.297188
100
AcDbLine
 10
2301.375373524107
 20
1819.400810199368
 30
0.0
 11
2313.262886524107
 21
1819.400810199368
 31
0.0
  0
LINE
  5
826
330
1F
100
AcDbEntity
  8
0
 62
7
370
35
 48
0.025
100
AcDbLine
 10
2301.375373524107
 20
1819.400810199368
 30
0.0
 11
2301.375373524107
 21
1818.400810199369
 31
0.0
  0
LINE
  5
827
330
1F
100
AcDbEntity
  8
0
 62
7
370
35
 48
0.297311
100
AcDbLine
 10
2301.375373524107
 20
1818.400810199369
 30
0.0
 11
2313.267829524107
 21
1818.400810199369
 31
0.0
  0
POLYLINE
  5
828
330
1F
100
AcDbEntity
  8
0
 62
7
370
35
100
AcDb2dPolyline
 66
1
 10
0.0
 20
0.0
 30
0.0
 70
0
  0
VERTEX
  5
829
330
828
100
AcDbEntity
  8
0
370
0
100
AcDbVertex
100
AcDb2dVertex
 10
2313.267829524107
 20
1818.400810199369
 30
0.0
 70
0
  0
VERTEX
  5
82A
330
828
100
AcDbEntity
  8
0
370
0
100
AcDbVertex
100
AcDb2dVertex
 10
2313.115913524107
 20
1817.616355199367
 30
0.0
 70
0
  0
VERTEX
  5
82B
330
828
100
AcDbEntity
  8
0
370
0
100
AcDbVertex
100
AcDb2dVertex
 10
2312.954414524107
 20
1817.109184199368
 30
0.0
 70
0
  0
VERTEX
  5
82C
330
828
100
AcDbEntity
  8
0
370
0
100
AcDbVertex
100
AcDb2dVertex
 10
2312.705146524107
 20
1816.507377199368
 30
0.0
 70
0
  0
VERTEX
  5
82D
330
828
100
AcDbEntity
  8
0
370
0
100
AcDbVertex
100
AcDb2dVertex
 10
2312.406196524107
 20
1815.917472199368
 30
0.0
 70
0
  0
VERTEX
  5
82E
330
828
100
AcDbEntity
  8
0
370
0
100
AcDbVertex
100
AcDb2dVertex
 10
2312.067085524107
 20
1815.340110199368
 30
0.0
 70
0
  0
VERTEX
  5
82F
330
828
100
AcDbEntity
  8
0
370
0
100
AcDbVertex
100
AcDb2dVertex
 10
2311.695869524107
 20
1814.775230199368
 30
0.0
 70
0
  0
VERTEX
  5
830
330
828
100
AcDbEntity
  8
0
370
0
100
AcDbVertex
100
AcDb2dVertex
 10
2311.177436524107
 20
1814.060630199368
 30
0.0
 70
0
  0
VERTEX
  5
831
330
828
100
AcDbEntity
  8
0
370
0
100
AcDbVertex
100
AcDb2dVertex
 10
2310.626899524107
 20
1813.363609199369
 30
0.0
 70
0
  0
VERTEX
  5
832
330
828
100
AcDbEntity
  8
0
370
0
100
AcDbVertex
100
AcDb2dVertex
 10
2309.894477524107
 20
1812.499839199368
 30
0.0
 70
0
  0
VERTEX
  5
833
330
828
100
AcDbEntity
  8
0
370
0
100
AcDbVertex
100
AcDb2dVertex
 10
2309.135993524107
 20
1811.655082199368
 30
0.0
 70
0
  0
VERTEX
  5
834
330
828
100
AcDbEntity
  8
0
370
0
100
AcDbVertex
100
AcDb2dVertex
 10
2308.078193524107
 20
1810.528282199368
 30
0.0
 70
0
  0
VERTEX
  5
835
330
828
100
AcDbEntity
  8
0
370
0
100
AcDbVertex
100
AcDb2dVertex
 10
2306.531745524107
 20
1808.935630199368
 30
0.0
 70
0
  0
SEQEND
  5
836
330
1F
100
AcDbEntity
  8
0
370
0
  0
LINE
  5
837
330
1F
100
AcDbEntity
  8
0
 62
7
370
35
 48
0.324976
100
AcDbLine
 10
2293.532722524107
 20
1808.935630199368
 30
0.0
 11
2306.531745524107
 21
1808.935630199368
 31
0.0
  0
LINE
  5
838
330
1F
100
AcDbEntity
  8
0
 62
7
370
35
 48
0.025
100
AcDbLine
 10
2293.532722524107
 20
1808.935630199368
 30
0.0
 11
2293.532722524107
 21
1807.935630199368
 31
0.0
  0
LINE
  5
839
330
1F
100
AcDbEntity
  8
0
 62
7
370
35
 48
0.300435
100
AcDbLine
 10
2293.532722524107
 20
1807.935630199368
 30
0.0
 11
2305.550117524107
 21
1807.935630199368
 31
0.0
  0
POLYLINE
  5
83A
330
1F
100
AcDbEntity
  8
0
 62
7
370
35
100
AcDb2dPolyline
 66
1
 10
0.0
 20
0.0
 30
0.0
 70
0
  0
VERTEX
  5
83B
330
83A
100
AcDbEntity
  8
0
370
0
100
AcDbVertex
100
AcDb2dVertex
 10
2305.550117524107
 20
1807.935630199368
 30
0.0
 70
0
  0
VERTEX
  5
83C
330
83A
100
AcDbEntity
  8
0
370
0
100
AcDbVertex
100
AcDb2dVertex
 10
2303.147407524107
 20
1805.454856199369
 30
0.0
 70
0
  0
VERTEX
  5
83D
330
83A
100
AcDbEntity
  8
0
370
0
100
AcDbVertex
100
AcDb2dVertex
 10
2301.305000524107
 20
1803.466636199368
 30
0.0
 70
0
  0
VERTEX
  5
83E
330
83A
100
AcDbEntity
  8
0
370
0
100
AcDbVertex
100
AcDb2dVertex
 10
2299.064155524107
 20
1800.878013199368
 30
0.0
 70
0
  0
VERTEX
  5
83F
330
83A
100
AcDbEntity
  8
0
370
0
100
AcDbVertex
100
AcDb2dVertex
 10
2298.700630524107
 20
1800.435630199368
 30
0.0
 70
0
  0
SEQEND
  5
840
330
1F
100
AcDbEntity
  8
0
370
0
  0
LINE
  5
841
330
1F
100
AcDbEntity
  8
0
 62
7
370
35
 48
0.244844
100
AcDbLine
 10
2288.906867524107
 20
1800.435630199368
 30
0.0
 11
2298.700630524107
 21
1800.435630199368
 31
0.0
  0
LINE
  5
842
330
1F
100
AcDbEntity
  8
0
 62
7
370
35
 48
0.025
100
AcDbLine
 10
2288.906867524107
 20
1800.435630199368
 30
0.0
 11
2288.906867524107
 21
1799.435630199369
 31
0.0
  0
LINE
  5
843
330
1F
100
AcDbEntity
  8
0
 62
7
370
35
 48
0.224802
100
AcDbLine
 10
2288.906867524107
 20
1799.435630199369
 30
0.0
 11
2297.898933524107
 21
1799.435630199369
 31
0.0
  0
POLYLINE
  5
844
330
1F
100
AcDbEntity
  8
0
 62
7
370
35
100
AcDb2dPolyline
 66
1
 10
0.0
 20
0.0
 30
0.0
 70
0
  0
VERTEX
  5
845
330
844
100
AcDbEntity
  8
0
370
0
100
AcDbVertex
100
AcDb2dVertex
 10
2297.898933524107
 20
1799.435630199369
 30
0.0
 70
0
  0
VERTEX
  5
846
330
844
100
AcDbEntity
  8
0
370
0
100
AcDbVertex
100
AcDb2dVertex
 10
2296.422248524107
 20
1797.538749199368
 30
0.0
 70
0
  0
VERTEX
  5
847
330
844
100
AcDbEntity
  8
0
370
0
100
AcDbVertex
100
AcDb2dVertex
 10
2294.331428524107
 20
1794.877647199368
 30
0.0
 70
0
  0
VERTEX
  5
848
330
844
100
AcDbEntity
  8
0
370
0
100
AcDbVertex
100
AcDb2dVertex
 10
2291.763191524108
 20
1791.769371199368
 30
0.0
 70
0
  0
VERTEX
  5
849
330
844
100
AcDbEntity
  8
0
370
0
100
AcDbVertex
100
AcDb2dVertex
 10
2289.088020524107
 20
1788.646934199368
 30
0.0
 70
0
  0
VERTEX
  5
84A
330
844
100
AcDbEntity
  8
0
370
0
100
AcDbVertex
100
AcDb2dVertex
 10
2288.044685524107
 20
1787.414634199368
 30
0.0
 70
0
  0
VERTEX
  5
84B
330
844
100
AcDbEntity
  8
0
370
0
100
AcDbVertex
100
AcDb2dVertex
 10
2286.959785524107
 20
1786.075187199369
 30
0.0
 70
0
  0
VERTEX
  5
84C
330
844
100
AcDbEntity
  8
0
370
0
100
AcDbVertex
100
AcDb2dVertex
 10
2286.221748524107
 20
1785.083274199368
 30
0.0
 70
0
  0
VERTEX
  5
84D
330
844
100
AcDbEntity
  8
0
370
0
100
AcDbVertex
100
AcDb2dVertex
 10
2285.488044524107
 20
1783.939872199368
 30
0.0
 70
0
  0
VERTEX
  5
84E
330
844
100
AcDbEntity
  8
0
370
0
100
AcDbVertex
100
AcDb2dVertex
 10
2285.173164524107
 20
1783.343345199368
 30
0.0
 70
0
  0
SEQEND
  5
84F
330
1F
100
AcDbEntity
  8
0
370
0
  0
LINE
  5
850
330
1F
100
AcDbEntity
  8
0
 62
7
370
35
 48
0.031093
100
AcDbLine
 10
2285.173164524107
 20
1783.343345199368
 30
0.0
 11
2284.632514524107
 21
1782.223289199368
 31
0.0
  0
LINE
  5
851
330
1F
100
AcDbEntity
  8
0
 62
7
370
35
 48
0.008403
100
AcDbLine
 10
2284.632514524107
 20
1782.223289199368
 30
0.0
 11
2284.296394524107
 21
1782.223289199368
 31
0.0
  0
LINE
  5
852
330
1F
100
AcDbEntity
  8
0
 62
7
370
35
100
AcDbLine
 10
2284.296394524107
 20
1782.223289199368
 30
0.0
 11
2284.296394524107
 21
1806.242088199368
 31
0.0
  0
LINE
  5
853
330
1F
100
AcDbEntity
  8
0
 62
7
370
35
 48
0.05
100
AcDbLine
 10
2284.296394524107
 20
1806.242088199368
 30
0.0
 11
2282.296394524107
 21
1806.242088199368
 31
0.0
  0
LINE
  5
854
330
1F
100
AcDbEntity
  8
0
 62
7
370
35
100
AcDbLine
 10
2282.296394524107
 20
1782.223289199368
 30
0.0
 11
2282.296394524107
 21
1806.242088199368
 31
0.0
  0
LINE
  5
855
330
1F
100
AcDbEntity
  8
0
 62
7
370
35
 48
0.008403
100
AcDbLine
 10
2282.296394524107
 20
1782.223289199368
 30
0.0
 11
2281.960273524107
 21
1782.223289199368
 31
0.0
  0
LINE
  5
856
330
1F
100
AcDbEntity
  8
0
 62
7
370
35
 48
0.031093
100
AcDbLine
 10
2281.419624524107
 20
1783.343345199368
 30
0.0
 11
2281.960273524107
 21
1782.223289199368
 31
0.0
  0
POLYLINE
  5
857
330
1F
100
AcDbEntity
  8
0
 62
7
370
35
100
AcDb2dPolyline
 66
1
 10
0.0
 20
0.0
 30
0.0
 70
0
  0
VERTEX
  5
858
330
857
100
AcDbEntity
  8
0
370
0
100
AcDbVertex
100
AcDb2dVertex
 10
2268.693855524107
 20
1799.435630199369
 30
0.0
 70
0
  0
VERTEX
  5
859
330
857
100
AcDbEntity
  8
0
370
0
100
AcDbVertex
100
AcDb2dVertex
 10
2270.170539524107
 20
1797.538749199368
 30
0.0
 70
0
  0
VERTEX
  5
85A
330
857
100
AcDbEntity
  8
0
370
0
100
AcDbVertex
100
AcDb2dVertex
 10
2272.261360524107
 20
1794.877647199368
 30
0.0
 70
0
  0
VERTEX
  5
85B
330
857
100
AcDbEntity
  8
0
370
0
100
AcDbVertex
100
AcDb2dVertex
 10
2274.829597524107
 20
1791.769371199368
 30
0.0
 70
0
  0
VERTEX
  5
85C
330
857
100
AcDbEntity
  8
0
370
0
100
AcDbVertex
100
AcDb2dVertex
 10
2277.504768524107
 20
1788.646934199368
 30
0.0
 70
0
  0
VERTEX
  5
85D
330
857
100
AcDbEntity
  8
0
370
0
100
AcDbVertex
100
AcDb2dVertex
 10
2278.548103524107
 20
1787.414634199368
 30
0.0
 70
0
  0
VERTEX
  5
85E
330
857
100
AcDbEntity
  8
0
370
0
100
AcDbVertex
100
AcDb2dVertex
 10
2279.633003524107
 20
1786.075187199369
 30
0.0
 70
0
  0
VERTEX
  5
85F
330
857
100
AcDbEntity
  8
0
370
0
100
AcDbVertex
100
AcDb2dVertex
 10
2280.371040524107
 20
1785.083274199368
 30
0.0
 70
0
  0
VERTEX
  5
860
330
857
100
AcDbEntity
  8
0
370
0
100
AcDbVertex
100
AcDb2dVertex
 10
2281.104743524107
 20
1783.939872199368
 30
0.0
 70
0
  0
VERTEX
  5
861
330
857
100
AcDbEntity
  8
0
370
0
100
AcDbVertex
100
AcDb2dVertex
 10
2281.419624524107
 20
1783.343345199368
 30
0.0
 70
0
  0
SEQEND
  5
862
330
1F
100
AcDbEntity
  8
0
370
0
  0
LINE
  5
863
330
1F
100
AcDbEntity
  8
0
 62
7
370
35
 48
0.224802
100
AcDbLine
 10
2277.685920524107
 20
1799.435630199369
 30
0.0
 11
2268.693855524107
 21
1799.435630199369
 31
0.0
  0
LINE
  5
864
330
1F
100
AcDbEntity
  8
0
 62
7
370
35
 48
0.025
100
AcDbLine
 10
2277.685920524107
 20
1800.435630199368
 30
0.0
 11
2277.685920524107
 21
1799.435630199369
 31
0.0
  0
LINE
  5
865
330
1F
100
AcDbEntity
  8
0
 62
7
370
35
 48
0.244844
100
AcDbLine
 10
2277.685920524107
 20
1800.435630199368
 30
0.0
 11
2267.892158524107
 21
1800.435630199368
 31
0.0
  0
POLYLINE
  5
866
330
1F
100
AcDbEntity
  8
0
 62
7
370
35
100
AcDb2dPolyline
 66
1
 10
0.0
 20
0.0
 30
0.0
 70
0
  0
VERTEX
  5
867
330
866
100
AcDbEntity
  8
0
370
0
100
AcDbVertex
100
AcDb2dVertex
 10
2261.042671524107
 20
1807.935630199368
 30
0.0
 70
0
  0
VERTEX
  5
868
330
866
100
AcDbEntity
  8
0
370
0
100
AcDbVertex
100
AcDb2dVertex
 10
2263.445381524107
 20
1805.454856199369
 30
0.0
 70
0
  0
VERTEX
  5
869
330
866
100
AcDbEntity
  8
0
370
0
100
AcDbVertex
100
AcDb2dVertex
 10
2265.287788524107
 20
1803.466636199368
 30
0.0
 70
0
  0
VERTEX
  5
86A
330
866
100
AcDbEntity
  8
0
370
0
100
AcDbVertex
100
AcDb2dVertex
 10
2267.528633524107
 20
1800.878013199368
 30
0.0
 70
0
  0
VERTEX
  5
86B
330
866
100
AcDbEntity
  8
0
370
0
100
AcDbVertex
100
AcDb2dVertex
 10
2267.892158524107
 20
1800.435630199368
 30
0.0
 70
0
  0
SEQEND
  5
86C
330
1F
100
AcDbEntity
  8
0
370
0
  0
LINE
  5
86D
330
1F
100
AcDbEntity
  8
0
 62
7
370
35
 48
0.300435
100
AcDbLine
 10
2273.060066524108
 20
1807.935630199368
 30
0.0
 11
2261.042671524107
 21
1807.935630199368
 31
0.0
  0
LINE
  5
86E
330
1F
100
AcDbEntity
  8
0
 62
7
370
35
 48
0.025
100
AcDbLine
 10
2273.060066524108
 20
1808.935630199368
 30
0.0
 11
2273.060066524108
 21
1807.935630199368
 31
0.0
  0
LINE
  5
86F
330
1F
100
AcDbEntity
  8
0
 62
7
370
35
 48
0.324976
100
AcDbLine
 10
2273.060066524108
 20
1808.935630199368
 30
0.0
 11
2260.061042524107
 21
1808.935630199368
 31
0.0
  0
POLYLINE
  5
870
330
1F
100
AcDbEntity
  8
0
 62
7
370
35
100
AcDb2dPolyline
 66
1
 10
0.0
 20
0.0
 30
0.0
 70
0
  0
VERTEX
  5
871
330
870
100
AcDbEntity
  8
0
370
0
100
AcDbVertex
100
AcDb2dVertex
 10
2253.324958524107
 20
1818.400810199369
 30
0.0
 70
0
  0
VERTEX
  5
872
330
870
100
AcDbEntity
  8
0
370
0
100
AcDbVertex
100
AcDb2dVertex
 10
2253.476875524107
 20
1817.616355199367
 30
0.0
 70
0
  0
VERTEX
  5
873
330
870
100
AcDbEntity
  8
0
370
0
100
AcDbVertex
100
AcDb2dVertex
 10
2253.638374524107
 20
1817.109184199368
 30
0.0
 70
0
  0
VERTEX
  5
874
330
870
100
AcDbEntity
  8
0
370
0
100
AcDbVertex
100
AcDb2dVertex
 10
2253.887641524107
 20
1816.507377199368
 30
0.0
 70
0
  0
VERTEX
  5
875
330
870
100
AcDbEntity
  8
0
370
0
100
AcDbVertex
100
AcDb2dVertex
 10
2254.186592524107
 20
1815.917472199368
 30
0.0
 70
0
  0
VERTEX
  5
876
330
870
100
AcDbEntity
  8
0
370
0
100
AcDbVertex
100
AcDb2dVertex
 10
2254.525703524107
 20
1815.340110199368
 30
0.0
 70
0
  0
VERTEX
  5
877
330
870
100
AcDbEntity
  8
0
370
0
100
AcDbVertex
100
AcDb2dVertex
 10
2254.896919524107
 20
1814.775230199368
 30
0.0
 70
0
  0
VERTEX
  5
878
330
870
100
AcDbEntity
  8
0
370
0
100
AcDbVertex
100
AcDb2dVertex
 10
2255.415351524107
 20
1814.060630199368
 30
0.0
 70
0
  0
VERTEX
  5
879
330
870
100
AcDbEntity
  8
0
370
0
100
AcDbVertex
100
AcDb2dVertex
 10
2255.965888524107
 20
1813.363609199369
 30
0.0
 70
0
  0
VERTEX
  5
87A
330
870
100
AcDbEntity
  8
0
370
0
100
AcDbVertex
100
AcDb2dVertex
 10
2256.698310524107
 20
1812.499839199368
 30
0.0
 70
0
  0
VERTEX
  5
87B
330
870
100
AcDbEntity
  8
0
370
0
100
AcDbVertex
100
AcDb2dVertex
 10
2257.456794524107
 20
1811.655082199368
 30
0.0
 70
0
  0
VERTEX
  5
87C
330
870
100
AcDbEntity
  8
0
370
0
100
AcDbVertex
100
AcDb2dVertex
 10
2258.514595524107
 20
1810.528282199368
 30
0.0
 70
0
  0
VERTEX
  5
87D
330
870
100
AcDbEntity
  8
0
370
0
100
AcDbVertex
100
AcDb2dVertex
 10
2260.061042524107
 20
1808.935630199368
 30
0.0
 70
0
  0
SEQEND
  5
87E
330
1F
100
AcDbEntity
  8
0
370
0
  0
LINE
  5
87F
330
1F
100
AcDbEntity
  8
0
 62
7
370
35
 48
0.297311
100
AcDbLine
 10
2265.217414524107
 20
1818.400810199369
 30
0.0
 11
2253.324958524107
 21
1818.400810199369
 31
0.0
  0
LINE
  5
880
330
1F
100
AcDbEntity
  8
0
 62
7
370
35
 48
0.025
100
AcDbLine
 10
2265.217414524107
 20
1819.400810199368
 30
0.0
 11
2265.217414524107
 21
1818.400810199369
 31
0.0
  0
LINE
  5
881
330
1F
100
AcDbEntity
  8
0
 62
7
370
35
 48
0.297188
100
AcDbLine
 10
2265.217414524107
 20
1819.400810199368
 30
0.0
 11
2253.329902524107
 21
1819.400810199368
 31
0.0
  0
POLYLINE
  5
882
330
1F
100
AcDbEntity
  8
0
 62
7
370
35
100
AcDb2dPolyline
 66
1
 10
0.0
 20
0.0
 30
0.0
 70
0
  0
VERTEX
  5
883
330
882
100
AcDbEntity
  8
0
370
0
100
AcDbVertex
100
AcDb2dVertex
 10
2270.849861524107
 20
1827.701561199368
 30
0.0
 70
0
  0
VERTEX
  5
884
330
882
100
AcDbEntity
  8
0
370
0
100
AcDbVertex
100
AcDb2dVertex
 10
2267.095039524107
 20
1826.706291199369
 30
0.0
 70
0
  0
VERTEX
  5
885
330
882
100
AcDbEntity
  8
0
370
0
100
AcDbVertex
100
AcDb2dVertex
 10
2265.204658524107
 20
1826.158897199368
 30
0.0
 70
0
  0
VERTEX
  5
886
330
882
100
AcDbEntity
  8
0
370
0
100
AcDbVertex
100
AcDb2dVertex
 10
2263.313789524107
 20
1825.572044199368
 30
0.0
 70
0
  0
VERTEX
  5
887
330
882
100
AcDbEntity
  8
0
370
0
100
AcDbVertex
100
AcDb2dVertex
 10
2260.816841524107
 20
1824.716240199368
 30
0.0
 70
0
  0
VERTEX
  5
888
330
882
100
AcDbEntity
  8
0
370
0
100
AcDbVertex
100
AcDb2dVertex
 10
2259.166267524107
 20
1824.077781199369
 30
0.0
 70
0
  0
VERTEX
  5
889
330
882
100
AcDbEntity
  8
0
370
0
100
AcDbVertex
100
AcDb2dVertex
 10
2257.579170524107
 20
1823.377647199368
 30
0.0
 70
0
  0
VERTEX
  5
88A
330
882
100
AcDbEntity
  8
0
370
0
100
AcDbVertex
100
AcDb2dVertex
 10
2256.781196524107
 20
1822.976982199368
 30
0.0
 70
0
  0
VERTEX
  5
88B
330
882
100
AcDbEntity
  8
0
370
0
100
AcDbVertex
100
AcDb2dVertex
 10
2255.635322524107
 20
1822.308372199369
 30
0.0
 70
0
  0
VERTEX
  5
88C
330
882
100
AcDbEntity
  8
0
370
0
100
AcDbVertex
100
AcDb2dVertex
 10
2255.054145524107
 20
1821.901084199368
 30
0.0
 70
0
  0
VERTEX
  5
88D
330
882
100
AcDbEntity
  8
0
370
0
100
AcDbVertex
100
AcDb2dVertex
 10
2254.518013524107
 20
1821.453392199369
 30
0.0
 70
0
  0
VERTEX
  5
88E
330
882
100
AcDbEntity
  8
0
370
0
100
AcDbVertex
100
AcDb2dVertex
 10
2254.049018524107
 20
1820.959587199368
 30
0.0
 70
0
  0
VERTEX
  5
88F
330
882
100
AcDbEntity
  8
0
370
0
100
AcDbVertex
100
AcDb2dVertex
 10
2253.671211524107
 20
1820.409904199368
 30
0.0
 70
0
  0
VERTEX
  5
890
330
882
100
AcDbEntity
  8
0
370
0
100
AcDbVertex
100
AcDb2dVertex
 10
2253.420295524107
 20
1819.816276199368
 30
0.0
 70
0
  0
VERTEX
  5
891
330
882
100
AcDbEntity
  8
0
370
0
100
AcDbVertex
100
AcDb2dVertex
 10
2253.329902524107
 20
1819.400810199368
 30
0.0
 70
0
  0
SEQEND
  5
892
330
1F
100
AcDbEntity
  8
0
370
0
  0
LINE
  5
893
330
1F
100
AcDbEntity
  8
0
 62
7
370
35
 48
0.320792
100
AcDbLine
 10
2270.849861524107
 20
1827.701561199368
 30
0.0
 11
2283.296394524107
 21
1830.821769199368
 31
0.0
  0
LINE
  5
894
330
1F
100
AcDbEntity
  8
0
 62
7
370
35
 48
0.320792
100
AcDbLine
 10
2295.742927524107
 20
1827.701561199368
 30
0.0
 11
2283.296394524107
 21
1830.821769199368
 31
0.0
  0
ELLIPSE
  5
895
330
1F
100
AcDbEntity
  8
0
 62
7
370
35
100
AcDbEllipse
 10
2318.959279535115
 20
1786.3534116636
 30
0.0
 11
30.00048828125
 21
-6.103515625e-05
 31
0.0
210
0.0
220
0.0
230
-0.9999999999999998
 40
0.080453
 41
1.60412959788011
 42
4.679055313863745
  0
LINE
  5
896
330
1F
100
AcDbEntity
  8
0
 62
7
370
35
 48
0.047807
100
AcDbLine
 10
2317.959462535115
 20
1786.8534116636
 30
0.0
 11
2317.959462535115
 21
1788.7657036636
 31
0.0
  0
LINE
  5
897
330
1F
100
AcDbEntity
  8
0
 62
7
370
35
 48
0.426974
100
AcDbLine
 10
2300.880482535115
 20
1786.8534116636
 30
0.0
 11
2317.959462535115
 21
1786.8534116636
 31
0.0
  0
LINE
  5
898
330
1F
100
AcDbEntity
  8
0
 62
7
370
35
 48
0.025
100
AcDbLine
 10
2300.880482535115
 20
1785.8534116636
 30
0.0
 11
2300.880482535115
 21
1786.8534116636
 31
0.0
  0
LINE
  5
899
330
1F
100
AcDbEntity
  8
0
 62
7
370
35
 48
0.426974
100
AcDbLine
 10
2300.880482535115
 20
1785.8534116636
 30
0.0
 11
2317.959462535115
 21
1785.8534116636
 31
0.0
  0
LINE
  5
89A
330
1F
100
AcDbEntity
  8
0
 62
7
370
35
 48
0.047807
100
AcDbLine
 10
2317.959462535115
 20
1783.9411186636
 30
0.0
 11
2317.959462535115
 21
1785.8534116636
 31
0.0
  0
POLYLINE
  5
89B
330
1F
100
AcDbEntity
  8
0
 62
7
370
35
100
AcDb2dPolyline
 66
1
 10
0.0
 20
0.0
 30
0.0
 70
0
  0
VERTEX
  5
89C
330
89B
100
AcDbEntity
  8
0
370
0
100
AcDbVertex
100
AcDb2dVertex
 10
2297.926035740901
 20
1792.395799271105
 30
0.0
 70
0
  0
VERTEX
  5
89D
330
89B
100
AcDbEntity
  8
0
370
0
100
AcDbVertex
100
AcDb2dVertex
 10
2297.417429740901
 20
1792.593004271105
 30
0.0
 70
0
  0
VERTEX
  5
89E
330
89B
100
AcDbEntity
  8
0
370
0
100
AcDbVertex
100
AcDb2dVertex
 10
2297.173410740901
 20
1792.709917271105
 30
0.0
 70
0
  0
VERTEX
  5
89F
330
89B
100
AcDbEntity
  8
0
370
0
100
AcDbVertex
100
AcDb2dVertex
 10
2296.897837740901
 20
1792.874651271105
 30
0.0
 70
0
  0
VERTEX
  5
8A0
330
89B
100
AcDbEntity
  8
0
370
0
100
AcDbVertex
100
AcDb2dVertex
 10
2296.772043740901
 20
1792.971147271105
 30
0.0
 70
0
  0
VERTEX
  5
8A1
330
89B
100
AcDbEntity
  8
0
370
0
100
AcDbVertex
100
AcDb2dVertex
 10
2296.613474740901
 20
1793.139726271105
 30
0.0
 70
0
  0
VERTEX
  5
8A2
330
89B
100
AcDbEntity
  8
0
370
0
100
AcDbVertex
100
AcDb2dVertex
 10
2296.518686740901
 20
1793.370317271105
 30
0.0
 70
0
  0
VERTEX
  5
8A3
330
89B
100
AcDbEntity
  8
0
370
0
100
AcDbVertex
100
AcDb2dVertex
 10
2296.555002740901
 20
1793.585283271105
 30
0.0
 70
0
  0
VERTEX
  5
8A4
330
89B
100
AcDbEntity
  8
0
370
0
100
AcDbVertex
100
AcDb2dVertex
 10
2296.665476740901
 20
1793.751787271105
 30
0.0
 70
0
  0
VERTEX
  5
8A5
330
89B
100
AcDbEntity
  8
0
370
0
100
AcDbVertex
100
AcDb2dVertex
 10
2296.858286740901
 20
1793.925523271105
 30
0.0
 70
0
  0
VERTEX
  5
8A6
330
89B
100
AcDbEntity
  8
0
370
0
100
AcDbVertex
100
AcDb2dVertex
 10
2297.313547740901
 20
1794.192400271105
 30
0.0
 70
0
  0
VERTEX
  5
8A7
330
89B
100
AcDbEntity
  8
0
370
0
100
AcDbVertex
100
AcDb2dVertex
 10
2298.042551740901
 20
1794.482927271106
 30
0.0
 70
0
  0
VERTEX
  5
8A8
330
89B
100
AcDbEntity
  8
0
370
0
100
AcDbVertex
100
AcDb2dVertex
 10
2299.177194740901
 20
1794.806657271105
 30
0.0
 70
0
  0
VERTEX
  5
8A9
330
89B
100
AcDbEntity
  8
0
370
0
100
AcDbVertex
100
AcDb2dVertex
 10
2300.770212740901
 20
1795.138963271105
 30
0.0
 70
0
  0
VERTEX
  5
8AA
330
89B
100
AcDbEntity
  8
0
370
0
100
AcDbVertex
100
AcDb2dVertex
 10
2302.734812740901
 20
1795.442735271105
 30
0.0
 70
0
  0
VERTEX
  5
8AB
330
89B
100
AcDbEntity
  8
0
370
0
100
AcDbVertex
100
AcDb2dVertex
 10
2305.046945740901
 20
1795.707353271106
 30
0.0
 70
0
  0
VERTEX
  5
8AC
330
89B
100
AcDbEntity
  8
0
370
0
100
AcDbVertex
100
AcDb2dVertex
 10
2307.196787740902
 20
1795.889543271105
 30
0.0
 70
0
  0
VERTEX
  5
8AD
330
89B
100
AcDbEntity
  8
0
370
0
100
AcDbVertex
100
AcDb2dVertex
 10
2309.351389740901
 20
1796.023485271106
 30
0.0
 70
0
  0
SEQEND
  5
8AE
330
1F
100
AcDbEntity
  8
0
370
0
  0
POLYLINE
  5
8AF
330
1F
100
AcDbEntity
  8
0
 62
7
370
35
100
AcDb2dPolyline
 66
1
 10
0.0
 20
0.0
 30
0.0
 70
0
  0
VERTEX
  5
8B0
330
8AF
100
AcDbEntity
  8
0
370
0
100
AcDbVertex
100
AcDb2dVertex
 10
2317.916391740901
 20
1796.430711271105
 30
0.0
 70
0
  0
VERTEX
  5
8B1
330
8AF
100
AcDbEntity
  8
0
370
0
100
AcDbVertex
100
AcDb2dVertex
 10
2316.193918740901
 20
1796.311388271105
 30
0.0
 70
0
  0
VERTEX
  5
8B2
330
8AF
100
AcDbEntity
  8
0
370
0
100
AcDbVertex
100
AcDb2dVertex
 10
2312.742136740902
 20
1796.159471271105
 30
0.0
 70
0
  0
VERTEX
  5
8B3
330
8AF
100
AcDbEntity
  8
0
370
0
100
AcDbVertex
100
AcDb2dVertex
 10
2309.351389740901
 20
1796.023485271106
 30
0.0
 70
0
  0
SEQEND
  5
8B4
330
1F
100
AcDbEntity
  8
0
370
0
  0
LINE
  5
8B5
330
1F
100
AcDbEntity
  8
0
 62
7
370
35
 48
0.002298
100
AcDbLine
 10
2317.916391740901
 20
1796.430711271105
 30
0.0
 11
2318.008066740901
 21
1796.437151271105
 31
0.0
  0
LINE
  5
8B6
330
1F
100
AcDbEntity
  8
0
 62
7
370
35
 48
0.00288
100
AcDbLine
 10
2318.008066740901
 20
1796.437151271105
 30
0.0
 11
2318.123056740901
 21
1796.443773271105
 31
0.0
  0
LINE
  5
8B7
330
1F
100
AcDbEntity
  8
0
 62
7
370
35
 48
0.060487
100
AcDbLine
 10
2318.123056740901
 20
1796.443773271105
 30
0.0
 11
2318.123056740901
 21
1794.024309271105
 31
0.0
  0
LINE
  5
8B8
330
1F
100
AcDbEntity
  8
0
 62
7
370
35
 48
0.230908
100
AcDbLine
 10
2308.886728740901
 20
1794.024309271105
 30
0.0
 11
2318.123056740901
 21
1794.024309271105
 31
0.0
  0
LINE
  5
8B9
330
1F
100
AcDbEntity
  8
0
 62
7
370
35
 48
0.025
100
AcDbLine
 10
2308.886728740901
 20
1793.024309271105
 30
0.0
 11
2308.886728740901
 21
1794.024309271105
 31
0.0
  0
LINE
  5
8BA
330
1F
100
AcDbEntity
  8
0
 62
7
370
35
 48
0.230908
100
AcDbLine
 10
2308.886728740901
 20
1793.024309271105
 30
0.0
 11
2318.123056740901
 21
1793.024309271105
 31
0.0
  0
LINE
  5
8BB
330
1F
100
AcDbEntity
  8
0
 62
7
370
35
 48
0.061814
100
AcDbLine
 10
2318.123056740901
 20
1793.024309271105
 30
0.0
 11
2318.123056740901
 21
1790.551744271105
 31
0.0
  0
ARC
  5
8BC
330
1F
100
AcDbEntity
  8
0
 62
7
370
35
100
AcDbCircle
 10
2317.973032740901
 20
1855.451799271105
 30
0.0
 40
64.900253
100
AcDbArc
 50
269.4286660000026
 51
270.1324349999895
  0
POLYLINE
  5
8BD
330
1F
100
AcDbEntity
  8
0
 62
7
370
35
100
AcDb2dPolyline
 66
1
 10
0.0
 20
0.0
 30
0.0
 70
0
  0
VERTEX
  5
8BE
330
8BD
100
AcDbEntity
  8
0
370
0
100
AcDbVertex
100
AcDb2dVertex
 10
2297.926035740901
 20
1792.395799271105
 30
0.0
 70
0
  0
VERTEX
  5
8BF
330
8BD
100
AcDbEntity
  8
0
370
0
100
AcDbVertex
100
AcDb2dVertex
 10
2298.814157740901
 20
1792.133104271105
 30
0.0
 70
0
  0
VERTEX
  5
8C0
330
8BD
100
AcDbEntity
  8
0
370
0
100
AcDbVertex
100
AcDb2dVertex
 10
2299.636301740902
 20
1791.940782271105
 30
0.0
 70
0
  0
VERTEX
  5
8C1
330
8BD
100
AcDbEntity
  8
0
370
0
100
AcDbVertex
100
AcDb2dVertex
 10
2301.304026740901
 20
1791.633806271105
 30
0.0
 70
0
  0
VERTEX
  5
8C2
330
8BD
100
AcDbEntity
  8
0
370
0
100
AcDbVertex
100
AcDb2dVertex
 10
2302.989023740901
 20
1791.393480271105
 30
0.0
 70
0
  0
VERTEX
  5
8C3
330
8BD
100
AcDbEntity
  8
0
370
0
100
AcDbVertex
100
AcDb2dVertex
 10
2304.683664740901
 20
1791.198564271105
 30
0.0
 70
0
  0
VERTEX
  5
8C4
330
8BD
100
AcDbEntity
  8
0
370
0
100
AcDbVertex
100
AcDb2dVertex
 10
2306.751718740901
 20
1791.007494271105
 30
0.0
 70
0
  0
VERTEX
  5
8C5
330
8BD
100
AcDbEntity
  8
0
370
0
100
AcDbVertex
100
AcDb2dVertex
 10
2308.825144740901
 20
1790.856554271105
 30
0.0
 70
0
  0
VERTEX
  5
8C6
330
8BD
100
AcDbEntity
  8
0
370
0
100
AcDbVertex
100
AcDb2dVertex
 10
2311.183237740902
 20
1790.725725271105
 30
0.0
 70
0
  0
VERTEX
  5
8C7
330
8BD
100
AcDbEntity
  8
0
370
0
100
AcDbVertex
100
AcDb2dVertex
 10
2313.544199740902
 20
1790.632677271105
 30
0.0
 70
0
  0
VERTEX
  5
8C8
330
8BD
100
AcDbEntity
  8
0
370
0
100
AcDbVertex
100
AcDb2dVertex
 10
2317.325876740902
 20
1790.554765271106
 30
0.0
 70
0
  0
SEQEND
  5
8C9
330
1F
100
AcDbEntity
  8
0
370
0
  0
ELLIPSE
  5
8CA
330
1F
100
AcDbEntity
  8
0
 62
7
370
35
100
AcDbEllipse
 10
2319.157443806274
 20
1800.469117258707
 30
0.0
 11
15.0
 21
-3.0517578125e-05
 31
0.0
210
0.0
220
0.0
230
-1.0
 40
0.191011
 41
1.637505999245538
 42
4.645678879106037
  0
LINE
  5
8CB
330
1F
100
AcDbEntity
  8
0
 62
7
370
35
 48
0.05897
100
AcDbLine
 10
2318.157565806274
 20
1803.327912258707
 30
0.0
 11
2318.157565806274
 21
1800.969117258707
 31
0.0
  0
LINE
  5
8CC
330
1F
100
AcDbEntity
  8
0
 62
7
370
35
 48
0.115262
100
AcDbLine
 10
2313.547091806274
 20
1800.969117258707
 30
0.0
 11
2318.157565806274
 21
1800.969117258707
 31
0.0
  0
LINE
  5
8CD
330
1F
100
AcDbEntity
  8
0
 62
7
370
35
 48
0.025
100
AcDbLine
 10
2313.547091806274
 20
1799.969117258707
 30
0.0
 11
2313.547091806274
 21
1800.969117258707
 31
0.0
  0
LINE
  5
8CE
330
1F
100
AcDbEntity
  8
0
 62
7
370
35
 48
0.115262
100
AcDbLine
 10
2313.547091806274
 20
1799.969117258707
 30
0.0
 11
2318.157565806274
 21
1799.969117258707
 31
0.0
  0
LINE
  5
8CF
330
1F
100
AcDbEntity
  8
0
 62
7
370
35
 48
0.05897
100
AcDbLine
 10
2318.157565806274
 20
1799.969117258707
 30
0.0
 11
2318.157565806274
 21
1797.610322258707
 31
0.0
  0
ARC
  5
8D0
330
1F
100
AcDbEntity
  8
0
 62
7
370
35
100
AcDbCircle
 10
2318.702405037218
 20
1825.614477549041
 30
0.0
 40
5.707641999999997
100
AcDbArc
 50
280.0905160000052
 51
11.05533199999492
  0
LINE
  5
8D1
330
1F
100
AcDbEntity
  8
0
 62
7
370
35
 48
0.057127
100
AcDbLine
 10
2322.019055037218
 20
1826.708960549041
 30
0.0
 11
2324.304151037218
 21
1826.708960549041
 31
0.0
  0
LINE
  5
8D2
330
1F
100
AcDbEntity
  8
0
 62
7
370
35
 48
0.025
100
AcDbLine
 10
2322.019055037218
 20
1827.708960549041
 30
0.0
 11
2322.019055037218
 21
1826.708960549041
 31
0.0
  0
LINE
  5
8D3
330
1F
100
AcDbEntity
  8
0
 62
7
370
35
 48
0.04982
100
AcDbLine
 10
2322.019055037218
 20
1827.708960549041
 30
0.0
 11
2324.011853037218
 21
1827.708960549041
 31
0.0
  0
ARC
  5
8D4
330
1F
100
AcDbEntity
  8
0
 62
7
370
35
100
AcDbCircle
 10
2318.702405037218
 20
1825.614477549041
 30
0.0
 40
5.707641999999997
100
AcDbArc
 50
21.52829199999477
 51
158.4717129999975
  0
LINE
  5
8D5
330
1F
100
AcDbEntity
  8
0
 62
7
370
35
 48
0.04982
100
AcDbLine
 10
2315.385755037218
 20
1827.708960549041
 30
0.0
 11
2313.392957037219
 21
1827.708960549041
 31
0.0
  0
LINE
  5
8D6
330
1F
100
AcDbEntity
  8
0
 62
7
370
35
 48
0.025
100
AcDbLine
 10
2315.385755037218
 20
1827.708960549041
 30
0.0
 11
2315.385755037218
 21
1826.708960549041
 31
0.0
  0
LINE
  5
8D7
330
1F
100
AcDbEntity
  8
0
 62
7
370
35
 48
0.057127
100
AcDbLine
 10
2315.385755037218
 20
1826.708960549041
 30
0.0
 11
2313.100659037218
 21
1826.708960549041
 31
0.0
  0
ARC
  5
8D8
330
1F
100
AcDbEntity
  8
0
 62
7
370
35
100
AcDbCircle
 10
2318.702405037218
 20
1825.614477549041
 30
0.0
 40
5.707641999999997
100
AcDbArc
 50
168.9446739999987
 51
259.9094859999927
  0
LINE
  5
8D9
330
1F
100
AcDbEntity
  8
0
 62
7
370
35
 48
0.140484
100
AcDbLine
 10
2317.702405037218
 20
1825.614477549041
 30
0.0
 11
2317.702405037218
 21
1819.995123549041
 31
0.0
  0
LINE
  5
8DA
330
1F
100
AcDbEntity
  8
0
 62
7
370
35
 48
0.05
100
AcDbLine
 10
2319.702405037219
 20
1825.614477549041
 30
0.0
 11
2317.702405037218
 21
1825.614477549041
 31
0.0
  0
LINE
  5
8DB
330
1F
100
AcDbEntity
  8
0
 62
7
370
35
 48
0.140484
100
AcDbLine
 10
2319.702405037219
 20
1825.614477549041
 30
0.0
 11
2319.702405037219
 21
1819.995123549041
 31
0.0
  0
ARC
  5
8DC
330
1F
100
AcDbEntity
  8
0
 62
7
370
35
100
AcDbCircle
 10
2328.086992699602
 20
1810.900199518215
 30
0.0
 40
9.440128999999997
100
AcDbArc
 50
276.0807919999937
 51
313.1979149999994
  0
LINE
  5
8DD
330
1F
100
AcDbEntity
  8
0
 62
7
370
35
 48
0.034366
100
AcDbLine
 10
2333.174334699602
 20
1804.018393518215
 30
0.0
 11
2334.548967699602
 21
1804.018393518215
 31
0.0
  0
LINE
  5
8DE
330
1F
100
AcDbEntity
  8
0
 62
7
370
35
 48
0.025
100
AcDbLine
 10
2333.174334699602
 20
1805.018393518215
 30
0.0
 11
2333.174334699602
 21
1804.018393518215
 31
0.0
  0
LINE
  5
8DF
330
1F
100
AcDbEntity
  8
0
 62
7
370
35
 48
0.057411
100
AcDbLine
 10
2333.174334699602
 20
1805.018393518215
 30
0.0
 11
2335.470781699601
 21
1805.018393518215
 31
0.0
  0
ARC
  5
8E0
330
1F
100
AcDbEntity
  8
0
 62
7
370
35
100
AcDbCircle
 10
2328.086992699602
 20
1810.900199518215
 30
0.0
 40
9.440128999999997
100
AcDbArc
 50
321.4598620000042
 51
12.96661599999486
  0
LINE
  5
8E1
330
1F
100
AcDbEntity
  8
0
 62
7
370
35
 48
0.102802
100
AcDbLine
 10
2333.174334699602
 20
1813.018393518215
 30
0.0
 11
2337.286394699602
 21
1813.018393518215
 31
0.0
  0
LINE
  5
8E2
330
1F
100
AcDbEntity
  8
0
 62
7
370
35
 48
0.025
100
AcDbLine
 10
2333.174334699602
 20
1814.018393518215
 30
0.0
 11
2333.174334699602
 21
1813.018393518215
 31
0.0
  0
LINE
  5
8E3
330
1F
100
AcDbEntity
  8
0
 62
7
370
35
 48
0.095573
100
AcDbLine
 10
2333.174334699602
 20
1814.018393518215
 30
0.0
 11
2336.997271699602
 21
1814.018393518215
 31
0.0
  0
ARC
  5
8E4
330
1F
100
AcDbEntity
  8
0
 62
7
370
35
100
AcDbCircle
 10
2328.086992699602
 20
1810.900199518215
 30
0.0
 40
9.440128999999997
100
AcDbArc
 50
19.28783799999507
 51
160.7121659999966
  0
LINE
  5
8E5
330
1F
100
AcDbEntity
  8
0
 62
7
370
35
 48
0.095573
100
AcDbLine
 10
2322.999651699602
 20
1814.018393518215
 30
0.0
 11
2319.176714699602
 21
1814.018393518215
 31
0.0
  0
LINE
  5
8E6
330
1F
100
AcDbEntity
  8
0
 62
7
370
35
 48
0.025
100
AcDbLine
 10
2322.999651699602
 20
1814.018393518215
 30
0.0
 11
2322.999651699602
 21
1813.018393518215
 31
0.0
  0
LINE
  5
8E7
330
1F
100
AcDbEntity
  8
0
 62
7
370
35
 48
0.102802
100
AcDbLine
 10
2322.999651699602
 20
1813.018393518215
 30
0.0
 11
2318.887590699603
 21
1813.018393518215
 31
0.0
  0
ARC
  5
8E8
330
1F
100
AcDbEntity
  8
0
 62
7
370
35
100
AcDbCircle
 10
2328.086992699602
 20
1810.900199518215
 30
0.0
 40
9.440128999999997
100
AcDbArc
 50
167.0333829999927
 51
218.5401430000059
  0
LINE
  5
8E9
330
1F
100
AcDbEntity
  8
0
 62
7
370
35
 48
0.057411
100
AcDbLine
 10
2322.999651699602
 20
1805.018393518215
 30
0.0
 11
2320.703203699602
 21
1805.018393518215
 31
0.0
  0
LINE
  5
8EA
330
1F
100
AcDbEntity
  8
0
 62
7
370
35
 48
0.025
100
AcDbLine
 10
2322.999651699602
 20
1805.018393518215
 30
0.0
 11
2322.999651699602
 21
1804.018393518215
 31
0.0
  0
LINE
  5
8EB
330
1F
100
AcDbEntity
  8
0
 62
7
370
35
 48
0.034366
100
AcDbLine
 10
2322.999651699602
 20
1804.018393518215
 30
0.0
 11
2321.625017699602
 21
1804.018393518215
 31
0.0
  0
ARC
  5
8EC
330
1F
100
AcDbEntity
  8
0
 62
7
370
35
100
AcDbCircle
 10
2328.086992699602
 20
1810.900199518215
 30
0.0
 40
9.440128999999997
100
AcDbArc
 50
226.8020900000062
 51
263.9192029999867
  0
LINE
  5
8ED
330
1F
100
AcDbEntity
  8
0
 62
7
370
35
 48
0.234676
100
AcDbLine
 10
2327.086992699602
 20
1810.900199518215
 30
0.0
 11
2327.086992699602
 21
1801.513175518215
 31
0.0
  0
LINE
  5
8EE
330
1F
100
AcDbEntity
  8
0
 62
7
370
35
 48
0.05
100
AcDbLine
 10
2329.086992699602
 20
1810.900199518215
 30
0.0
 11
2327.086992699602
 21
1810.900199518215
 31
0.0
  0
LINE
  5
8EF
330
1F
100
AcDbEntity
  8
0
 62
7
370
35
 48
0.234676
100
AcDbLine
 10
2329.086992699602
 20
1810.900199518215
 30
0.0
 11
2329.086992699602
 21
1801.513175518215
 31
0.0
  0
ARC
  5
8F0
330
1F
100
AcDbEntity
  8
0
 62
7
370
35
100
AcDbCircle
 10
2193.962553964024
 20
1747.287003098847
 30
0.0
 40
5.147834999999997
100
AcDbArc
 50
281.2012890000117
 51
12.06978900000621
  0
LINE
  5
8F1
330
1F
100
AcDbEntity
  8
0
 62
7
370
35
 48
0.051273
100
AcDbLine
 10
2196.945708964024
 20
1748.363435098847
 30
0.0
 11
2198.996611964024
 21
1748.363435098847
 31
0.0
  0
LINE
  5
8F2
330
1F
100
AcDbEntity
  8
0
 62
7
370
35
 48
0.025
100
AcDbLine
 10
2196.945708964024
 20
1749.363435098847
 30
0.0
 11
2196.945708964024
 21
1748.363435098847
 31
0.0
  0
LINE
  5
8F3
330
1F
100
AcDbEntity
  8
0
 62
7
370
35
 48
0.043184
100
AcDbLine
 10
2196.945708964024
 20
1749.363435098847
 30
0.0
 11
2198.673064964024
 21
1749.363435098847
 31
0.0
  0
ARC
  5
8F4
330
1F
100
AcDbEntity
  8
0
 62
7
370
35
100
AcDbCircle
 10
2193.962553964024
 20
1747.287003098847
 30
0.0
 40
5.147834999999997
100
AcDbArc
 50
23.78835899999888
 51
156.2116450000046
  0
LINE
  5
8F5
330
1F
100
AcDbEntity
  8
0
 62
7
370
35
 48
0.043184
100
AcDbLine
 10
2190.979399964023
 20
1749.363435098847
 30
0.0
 11
2189.252043964023
 21
1749.363435098847
 31
0.0
  0
LINE
  5
8F6
330
1F
100
AcDbEntity
  8
0
 62
7
370
35
 48
0.025
100
AcDbLine
 10
2190.979399964023
 20
1749.363435098847
 30
0.0
 11
2190.979399964023
 21
1748.363435098847
 31
0.0
  0
LINE
  5
8F7
330
1F
100
AcDbEntity
  8
0
 62
7
370
35
 48
0.051273
100
AcDbLine
 10
2190.979399964023
 20
1748.363435098847
 30
0.0
 11
2188.928496964024
 21
1748.363435098847
 31
0.0
  0
ARC
  5
8F8
330
1F
100
AcDbEntity
  8
0
 62
7
370
35
100
AcDbCircle
 10
2193.962553964024
 20
1747.287003098847
 30
0.0
 40
5.147834999999997
100
AcDbArc
 50
167.9302139999987
 51
258.7987130000104
  0
LINE
  5
8F9
330
1F
100
AcDbEntity
  8
0
 62
7
370
35
 48
0.126244
100
AcDbLine
 10
2192.962553964024
 20
1747.287003098847
 30
0.0
 11
2192.962553964024
 21
1742.237237098847
 31
0.0
  0
LINE
  5
8FA
330
1F
100
AcDbEntity
  8
0
 62
7
370
35
 48
0.05
100
AcDbLine
 10
2194.962553964024
 20
1747.287003098847
 30
0.0
 11
2192.962553964024
 21
1747.287003098847
 31
0.0
  0
LINE
  5
8FB
330
1F
100
AcDbEntity
  8
0
 62
7
370
35
 48
0.126244
100
AcDbLine
 10
2194.962553964024
 20
1747.287003098847
 30
0.0
 11
2194.962553964024
 21
1742.237237098847
 31
0.0
  0
ARC
  5
8FC
330
1F
100
AcDbEntity
  8
0
 62
7
370
35
100
AcDbCircle
 10
2179.845085906944
 20
1755.299576967788
 30
0.0
 40
5.929176999999997
100
AcDbArc
 50
279.7097670000029
 51
357.0103589999965
  0
LINE
  5
8FD
330
1F
100
AcDbEntity
  8
0
 62
7
370
35
 48
0.061983
100
AcDbLine
 10
2183.286857906943
 20
1754.990341967788
 30
0.0
 11
2185.766166906943
 21
1754.990341967788
 31
0.0
  0
LINE
  5
8FE
330
1F
100
AcDbEntity
  8
0
 62
7
370
35
 48
0.025
100
AcDbLine
 10
2183.286857906943
 20
1755.990341967788
 30
0.0
 11
2183.286857906943
 21
1754.990341967788
 31
0.0
  0
LINE
  5
8FF
330
1F
100
AcDbEntity
  8
0
 62
7
370
35
 48
0.061176
100
AcDbLine
 10
2183.286857906943
 20
1755.990341967788
 30
0.0
 11
2185.733879906943
 21
1755.990341967788
 31
0.0
  0
ARC
  5
900
330
1F
100
AcDbEntity
  8
0
 62
7
370
35
100
AcDbCircle
 10
2179.845085906944
 20
1755.299576967788
 30
0.0
 40
5.929176999999997
100
AcDbArc
 50
6.690269000006161
 51
173.3097249999959
  0
LINE
  5
901
330
1F
100
AcDbEntity
  8
0
 62
7
370
35
 48
0.061176
100
AcDbLine
 10
2176.403312906943
 20
1755.990341967788
 30
0.0
 11
2173.956291906943
 21
1755.990341967788
 31
0.0
  0
LINE
  5
902
330
1F
100
AcDbEntity
  8
0
 62
7
370
35
 48
0.025
100
AcDbLine
 10
2176.403312906943
 20
1755.990341967788
 30
0.0
 11
2176.403312906943
 21
1754.990341967788
 31
0.0
  0
LINE
  5
903
330
1F
100
AcDbEntity
  8
0
 62
7
370
35
 48
0.061983
100
AcDbLine
 10
2176.403312906943
 20
1754.990341967788
 30
0.0
 11
2173.924003906943
 21
1754.990341967788
 31
0.0
  0
ARC
  5
904
330
1F
100
AcDbEntity
  8
0
 62
7
370
35
100
AcDbCircle
 10
2179.845085906944
 20
1755.299576967788
 30
0.0
 40
5.929176999999997
100
AcDbArc
 50
182.9896369999995
 51
260.2902279999956
  0
LINE
  5
905
330
1F
100
AcDbEntity
  8
0
 62
7
370
35
 48
0.146106
100
AcDbLine
 10
2178.845085906944
 20
1755.299576967788
 30
0.0
 11
2178.845085906944
 21
1749.455337967788
 31
0.0
  0
LINE
  5
906
330
1F
100
AcDbEntity
  8
0
 62
7
370
35
 48
0.05
100
AcDbLine
 10
2180.845085906943
 20
1755.299576967788
 30
0.0
 11
2178.845085906944
 21
1755.299576967788
 31
0.0
  0
LINE
  5
907
330
1F
100
AcDbEntity
  8
0
 62
7
370
35
 48
0.146106
100
AcDbLine
 10
2180.845085906943
 20
1755.299576967788
 30
0.0
 11
2180.845085906943
 21
1749.455337967788
 31
0.0
  0
ARC
  5
908
330
1F
100
AcDbEntity
  8
0
 62
7
370
35
100
AcDbCircle
 10
2193.510873838635
 20
1761.854734110308
 30
0.0
 40
5.944474999999997
100
AcDbArc
 50
279.6845429999966
 51
351.1642429999994
  0
LINE
  5
909
330
1F
100
AcDbEntity
  8
0
 62
7
370
35
 48
0.06111
100
AcDbLine
 10
2196.940377838635
 20
1760.941648110309
 30
0.0
 11
2199.384774838635
 21
1760.941648110309
 31
0.0
  0
LINE
  5
90A
330
1F
100
AcDbEntity
  8
0
 62
7
370
35
 48
0.025
100
AcDbLine
 10
2196.940377838635
 20
1761.941648110308
 30
0.0
 11
2196.940377838635
 21
1760.941648110309
 31
0.0
  0
LINE
  5
90B
330
1F
100
AcDbEntity
  8
0
 62
7
370
35
 48
0.062859
100
AcDbLine
 10
2196.940377838635
 20
1761.941648110308
 30
0.0
 11
2199.454721838635
 21
1761.941648110308
 31
0.0
  0
ARC
  5
90C
330
1F
100
AcDbEntity
  8
0
 62
7
370
35
100
AcDbCircle
 10
2193.510873838635
 20
1761.854734110308
 30
0.0
 40
5.944474999999997
100
AcDbArc
 50
0.8377459999984147
 51
179.162254999999
  0
LINE
  5
90D
330
1F
100
AcDbEntity
  8
0
 62
7
370
35
 48
0.062859
100
AcDbLine
 10
2190.081369838635
 20
1761.941648110308
 30
0.0
 11
2187.567025838635
 21
1761.941648110308
 31
0.0
  0
LINE
  5
90E
330
1F
100
AcDbEntity
  8
0
 62
7
370
35
 48
0.025
100
AcDbLine
 10
2190.081369838635
 20
1761.941648110308
 30
0.0
 11
2190.081369838635
 21
1760.941648110309
 31
0.0
  0
LINE
  5
90F
330
1F
100
AcDbEntity
  8
0
 62
7
370
35
 48
0.06111
100
AcDbLine
 10
2190.081369838635
 20
1760.941648110309
 30
0.0
 11
2187.636972838635
 21
1760.941648110309
 31
0.0
  0
ARC
  5
910
330
1F
100
AcDbEntity
  8
0
 62
7
370
35
100
AcDbCircle
 10
2193.510873838635
 20
1761.854734110308
 30
0.0
 40
5.944474999999997
100
AcDbArc
 50
188.8357599999969
 51
260.3154589999909
  0
LINE
  5
911
330
1F
100
AcDbEntity
  8
0
 62
7
370
35
 48
0.146494
100
AcDbLine
 10
2192.510873838635
 20
1761.854734110308
 30
0.0
 11
2192.510873838635
 21
1755.994977110308
 31
0.0
  0
LINE
  5
912
330
1F
100
AcDbEntity
  8
0
 62
7
370
35
 48
0.05
100
AcDbLine
 10
2194.510873838635
 20
1761.854734110308
 30
0.0
 11
2192.510873838635
 21
1761.854734110308
 31
0.0
  0
LINE
  5
913
330
1F
100
AcDbEntity
  8
0
 62
7
370
35
 48
0.146494
100
AcDbLine
 10
2194.510873838635
 20
1761.854734110308
 30
0.0
 11
2194.510873838635
 21
1755.994977110308
 31
0.0
  0
ARC
  5
914
330
1F
100
AcDbEntity
  8
0
 62
7
370
35
100
AcDbCircle
 10
2205.818628244047
 20
1773.857781647647
 30
0.0
 40
4.156676
100
AcDbArc
 50
283.9205860000075
 51
353.695064999998
  0
LINE
  5
915
330
1F
100
AcDbEntity
  8
0
 62
7
370
35
 48
0.042532
100
AcDbLine
 10
2208.248864244047
 20
1773.401292647647
 30
0.0
 11
2209.950158244047
 21
1773.401292647647
 31
0.0
  0
LINE
  5
916
330
1F
100
AcDbEntity
  8
0
 62
7
370
35
 48
0.025
100
AcDbLine
 10
2208.248864244047
 20
1774.401292647647
 30
0.0
 11
2208.248864244047
 21
1773.401292647647
 31
0.0
  0
LINE
  5
917
330
1F
100
AcDbEntity
  8
0
 62
7
370
35
 48
0.042268
100
AcDbLine
 10
2208.248864244047
 20
1774.401292647647
 30
0.0
 11
2209.939599244047
 21
1774.401292647647
 31
0.0
  0
ARC
  5
918
330
1F
100
AcDbEntity
  8
0
 62
7
370
35
100
AcDbCircle
 10
2205.818628244047
 20
1773.857781647647
 30
0.0
 40
4.156676
100
AcDbArc
 50
7.513333999995653
 51
172.4866599999931
  0
LINE
  5
919
330
1F
100
AcDbEntity
  8
0
 62
7
370
35
 48
0.042268
100
AcDbLine
 10
2203.388391244047
 20
1774.401292647647
 30
0.0
 11
2201.697656244047
 21
1774.401292647647
 31
0.0
  0
LINE
  5
91A
330
1F
100
AcDbEntity
  8
0
 62
7
370
35
 48
0.025
100
AcDbLine
 10
2203.388391244047
 20
1774.401292647647
 30
0.0
 11
2203.388391244047
 21
1773.401292647647
 31
0.0
  0
LINE
  5
91B
330
1F
100
AcDbEntity
  8
0
 62
7
370
35
 48
0.042532
100
AcDbLine
 10
2203.388391244047
 20
1773.401292647647
 30
0.0
 11
2201.687097244047
 21
1773.401292647647
 31
0.0
  0
ARC
  5
91C
330
1F
100
AcDbEntity
  8
0
 62
7
370
35
100
AcDbCircle
 10
2205.818628244047
 20
1773.857781647647
 30
0.0
 40
4.156676
100
AcDbArc
 50
186.3049289999981
 51
256.0794089999891
  0
LINE
  5
91D
330
1F
100
AcDbEntity
  8
0
 62
7
370
35
 48
0.100865
100
AcDbLine
 10
2204.818628244047
 20
1773.857781647647
 30
0.0
 11
2204.818628244047
 21
1769.823182647647
 31
0.0
  0
LINE
  5
91E
330
1F
100
AcDbEntity
  8
0
 62
7
370
35
 48
0.05
100
AcDbLine
 10
2206.818628244047
 20
1773.857781647647
 30
0.0
 11
2204.818628244047
 21
1773.857781647647
 31
0.0
  0
LINE
  5
91F
330
1F
100
AcDbEntity
  8
0
 62
7
370
35
 48
0.100865
100
AcDbLine
 10
2206.818628244047
 20
1773.857781647647
 30
0.0
 11
2206.818628244047
 21
1769.823182647647
 31
0.0
  0
ARC
  5
920
330
1F
100
AcDbEntity
  8
0
 62
7
370
35
100
AcDbCircle
 10
2193.332802660101
 20
1773.505359654798
 30
0.0
 40
3.057028999999998
100
AcDbArc
 50
289.0937639999913
 51
1.295670999997267
  0
LINE
  5
921
330
1F
100
AcDbEntity
  8
0
 62
7
370
35
 48
0.029626
100
AcDbLine
 10
2195.204017660101
 20
1773.574482654798
 30
0.0
 11
2196.389076660101
 21
1773.574482654798
 31
0.0
  0
LINE
  5
922
330
1F
100
AcDbEntity
  8
0
 62
7
370
35
 48
0.025
100
AcDbLine
 10
2195.204017660101
 20
1774.574482654798
 30
0.0
 11
2195.204017660101
 21
1773.574482654798
 31
0.0
  0
LINE
  5
923
330
1F
100
AcDbEntity
  8
0
 62
7
370
35
 48
0.024818
100
AcDbLine
 10
2195.204017660101
 20
1774.574482654798
 30
0.0
 11
2196.196754660102
 21
1774.574482654798
 31
0.0
  0
ARC
  5
924
330
1F
100
AcDbEntity
  8
0
 62
7
370
35
100
AcDbCircle
 10
2193.332802660101
 20
1773.505359654798
 30
0.0
 40
3.057028999999998
100
AcDbArc
 50
20.4706060000052
 51
159.5293950000019
  0
LINE
  5
925
330
1F
100
AcDbEntity
  8
0
 62
7
370
35
 48
0.024818
100
AcDbLine
 10
2191.461586660101
 20
1774.574482654798
 30
0.0
 11
2190.468849660101
 21
1774.574482654798
 31
0.0
  0
LINE
  5
926
330
1F
100
AcDbEntity
  8
0
 62
7
370
35
 48
0.025
100
AcDbLine
 10
2191.461586660101
 20
1774.574482654798
 30
0.0
 11
2191.461586660101
 21
1773.574482654798
 31
0.0
  0
LINE
  5
927
330
1F
100
AcDbEntity
  8
0
 62
7
370
35
 48
0.029626
100
AcDbLine
 10
2191.461586660101
 20
1773.574482654798
 30
0.0
 11
2190.276527660101
 21
1773.574482654798
 31
0.0
  0
ARC
  5
928
330
1F
100
AcDbEntity
  8
0
 62
7
370
35
100
AcDbCircle
 10
2193.332802660101
 20
1773.505359654798
 30
0.0
 40
3.057028999999998
100
AcDbArc
 50
178.7043319999988
 51
250.9062379999981
  0
LINE
  5
929
330
1F
100
AcDbEntity
  8
0
 62
7
370
35
 48
0.072221
100
AcDbLine
 10
2192.332802660101
 20
1773.505359654798
 30
0.0
 11
2192.332802660101
 21
1770.616512654798
 31
0.0
  0
LINE
  5
92A
330
1F
100
AcDbEntity
  8
0
 62
7
370
35
 48
0.05
100
AcDbLine
 10
2194.332802660101
 20
1773.505359654798
 30
0.0
 11
2192.332802660101
 21
1773.505359654798
 31
0.0
  0
LINE
  5
92B
330
1F
100
AcDbEntity
  8
0
 62
7
370
35
 48
0.072221
100
AcDbLine
 10
2194.332802660101
 20
1773.505359654798
 30
0.0
 11
2194.332802660101
 21
1770.616512654798
 31
0.0
  0
POLYLINE
  5
92C
330
1F
100
AcDbEntity
  8
0
 62
7
370
35
100
AcDb2dPolyline
 66
1
 10
0.0
 20
0.0
 30
0.0
 70
0
  0
VERTEX
  5
92D
330
92C
100
AcDbEntity
  8
0
370
0
100
AcDbVertex
100
AcDb2dVertex
 10
2187.305615893902
 20
1825.115009082528
 30
0.0
 70
0
  0
VERTEX
  5
92E
330
92C
100
AcDbEntity
  8
0
370
0
100
AcDbVertex
100
AcDb2dVertex
 10
2184.696118893902
 20
1825.630329082528
 30
0.0
 70
0
  0
VERTEX
  5
92F
330
92C
100
AcDbEntity
  8
0
370
0
100
AcDbVertex
100
AcDb2dVertex
 10
2183.126050893902
 20
1825.986836082529
 30
0.0
 70
0
  0
SEQEND
  5
930
330
1F
100
AcDbEntity
  8
0
370
0
  0
LINE
  5
931
330
1F
100
AcDbEntity
  8
0
 62
7
370
35
 48
0.065546
100
AcDbLine
 10
2182.675122893902
 20
1823.404057082528
 30
0.0
 11
2183.126050893902
 21
1825.986836082529
 31
0.0
  0
LINE
  5
932
330
1F
100
AcDbEntity
  8
0
 62
7
370
35
 48
0.025
100
AcDbLine
 10
2181.690320893902
 20
1823.577702082528
 30
0.0
 11
2182.675122893902
 21
1823.404057082528
 31
0.0
  0
LINE
  5
933
330
1F
100
AcDbEntity
  8
0
 62
7
370
35
 48
0.066994
100
AcDbLine
 10
2181.690320893902
 20
1823.577702082528
 30
0.0
 11
2182.151196893902
 21
1826.217533082528
 31
0.0
  0
POLYLINE
  5
934
330
1F
100
AcDbEntity
  8
0
 62
7
370
35
100
AcDb2dPolyline
 66
1
 10
0.0
 20
0.0
 30
0.0
 70
0
  0
VERTEX
  5
935
330
934
100
AcDbEntity
  8
0
370
0
100
AcDbVertex
100
AcDb2dVertex
 10
2182.151196893902
 20
1826.217533082528
 30
0.0
 70
0
  0
VERTEX
  5
936
330
934
100
AcDbEntity
  8
0
370
0
100
AcDbVertex
100
AcDb2dVertex
 10
2179.915356893902
 20
1826.744419082529
 30
0.0
 70
0
  0
VERTEX
  5
937
330
934
100
AcDbEntity
  8
0
370
0
100
AcDbVertex
100
AcDb2dVertex
 10
2177.668957893903
 20
1827.229557082528
 30
0.0
 70
0
  0
VERTEX
  5
938
330
934
100
AcDbEntity
  8
0
370
0
100
AcDbVertex
100
AcDb2dVertex
 10
2175.177136893902
 20
1827.668431082528
 30
0.0
 70
0
  0
VERTEX
  5
939
330
934
100
AcDbEntity
  8
0
370
0
100
AcDbVertex
100
AcDb2dVertex
 10
2173.808240893902
 20
1827.850956082529
 30
0.0
 70
0
  0
VERTEX
  5
93A
330
934
100
AcDbEntity
  8
0
370
0
100
AcDbVertex
100
AcDb2dVertex
 10
2171.640698893902
 20
1828.037937082529
 30
0.0
 70
0
  0
VERTEX
  5
93B
330
934
100
AcDbEntity
  8
0
370
0
100
AcDbVertex
100
AcDb2dVertex
 10
2169.795483893902
 20
1828.082569082528
 30
0.0
 70
0
  0
VERTEX
  5
93C
330
934
100
AcDbEntity
  8
0
370
0
100
AcDbVertex
100
AcDb2dVertex
 10
2167.953808893901
 20
1828.004795082529
 30
0.0
 70
0
  0
VERTEX
  5
93D
330
934
100
AcDbEntity
  8
0
370
0
100
AcDbVertex
100
AcDb2dVertex
 10
2167.616711893902
 20
1827.976002082528
 30
0.0
 70
0
  0
SEQEND
  5
93E
330
1F
100
AcDbEntity
  8
0
370
0
  0
LINE
  5
93F
330
1F
100
AcDbEntity
  8
0
 62
7
370
35
 48
0.045934
100
AcDbLine
 10
2167.776867893902
 20
1826.145634082529
 30
0.0
 11
2167.616711893902
 21
1827.976002082528
 31
0.0
  0
LINE
  5
940
330
1F
100
AcDbEntity
  8
0
 62
7
370
35
 48
0.025001
100
AcDbLine
 10
2166.780652893902
 20
1826.058476082528
 30
0.0
 11
2167.776867893902
 21
1826.145634082529
 31
0.0
  0
LINE
  5
941
330
1F
100
AcDbEntity
  8
0
 62
7
370
35
 48
0.045282
100
AcDbLine
 10
2166.780652893902
 20
1826.058476082528
 30
0.0
 11
2166.622815893902
 21
1827.862873082528
 31
0.0
  0
POLYLINE
  5
942
330
1F
100
AcDbEntity
  8
0
 62
7
370
35
100
AcDb2dPolyline
 66
1
 10
0.0
 20
0.0
 30
0.0
 70
0
  0
VERTEX
  5
943
330
942
100
AcDbEntity
  8
0
370
0
100
AcDbVertex
100
AcDb2dVertex
 10
2166.622815893902
 20
1827.862873082528
 30
0.0
 70
0
  0
VERTEX
  5
944
330
942
100
AcDbEntity
  8
0
370
0
100
AcDbVertex
100
AcDb2dVertex
 10
2165.400158893902
 20
1827.659626082528
 30
0.0
 70
0
  0
VERTEX
  5
945
330
942
100
AcDbEntity
  8
0
370
0
100
AcDbVertex
100
AcDb2dVertex
 10
2164.493725893902
 20
1827.458546082528
 30
0.0
 70
0
  0
VERTEX
  5
946
330
942
100
AcDbEntity
  8
0
370
0
100
AcDbVertex
100
AcDb2dVertex
 10
2163.575940893902
 20
1827.209522082528
 30
0.0
 70
0
  0
VERTEX
  5
947
330
942
100
AcDbEntity
  8
0
370
0
100
AcDbVertex
100
AcDb2dVertex
 10
2162.669812893902
 20
1826.919026082529
 30
0.0
 70
0
  0
VERTEX
  5
948
330
942
100
AcDbEntity
  8
0
370
0
100
AcDbVertex
100
AcDb2dVertex
 10
2161.621838893902
 20
1826.529896082528
 30
0.0
 70
0
  0
VERTEX
  5
949
330
942
100
AcDbEntity
  8
0
370
0
100
AcDbVertex
100
AcDb2dVertex
 10
2160.591137893902
 20
1826.095234082529
 30
0.0
 70
0
  0
VERTEX
  5
94A
330
942
100
AcDbEntity
  8
0
370
0
100
AcDbVertex
100
AcDb2dVertex
 10
2159.480298893902
 20
1825.575062082528
 30
0.0
 70
0
  0
VERTEX
  5
94B
330
942
100
AcDbEntity
  8
0
370
0
100
AcDbVertex
100
AcDb2dVertex
 10
2157.562146893901
 20
1824.574101082529
 30
0.0
 70
0
  0
VERTEX
  5
94C
330
942
100
AcDbEntity
  8
0
370
0
100
AcDbVertex
100
AcDb2dVertex
 10
2155.928601893902
 20
1823.653950082529
 30
0.0
 70
0
  0
VERTEX
  5
94D
330
942
100
AcDbEntity
  8
0
370
0
100
AcDbVertex
100
AcDb2dVertex
 10
2154.118908893902
 20
1822.615238082528
 30
0.0
 70
0
  0
VERTEX
  5
94E
330
942
100
AcDbEntity
  8
0
370
0
100
AcDbVertex
100
AcDb2dVertex
 10
2151.024914893902
 20
1820.939640082528
 30
0.0
 70
0
  0
VERTEX
  5
94F
330
942
100
AcDbEntity
  8
0
370
0
100
AcDbVertex
100
AcDb2dVertex
 10
2148.675793893902
 20
1819.771702082528
 30
0.0
 70
0
  0
VERTEX
  5
950
330
942
100
AcDbEntity
  8
0
370
0
100
AcDbVertex
100
AcDb2dVertex
 10
2147.150769893902
 20
1819.003910082528
 30
0.0
 70
0
  0
VERTEX
  5
951
330
942
100
AcDbEntity
  8
0
370
0
100
AcDbVertex
100
AcDb2dVertex
 10
2146.574963893902
 20
1818.686451082528
 30
0.0
 70
0
  0
VERTEX
  5
952
330
942
100
AcDbEntity
  8
0
370
0
100
AcDbVertex
100
AcDb2dVertex
 10
2146.344067893902
 20
1818.543186082528
 30
0.0
 70
0
  0
VERTEX
  5
953
330
942
100
AcDbEntity
  8
0
370
0
100
AcDbVertex
100
AcDb2dVertex
 10
2146.145642893902
 20
1818.394062082528
 30
0.0
 70
0
  0
VERTEX
  5
954
330
942
100
AcDbEntity
  8
0
370
0
100
AcDbVertex
100
AcDb2dVertex
 10
2146.088330893902
 20
1818.332295082528
 30
0.0
 70
0
  0
VERTEX
  5
955
330
942
100
AcDbEntity
  8
0
370
0
100
AcDbVertex
100
AcDb2dVertex
 10
2146.067334893902
 20
1818.293888082529
 30
0.0
 70
0
  0
VERTEX
  5
956
330
942
100
AcDbEntity
  8
0
370
0
100
AcDbVertex
100
AcDb2dVertex
 10
2146.063855893902
 20
1818.277043082528
 30
0.0
 70
0
  0
VERTEX
  5
957
330
942
100
AcDbEntity
  8
0
370
0
100
AcDbVertex
100
AcDb2dVertex
 10
2146.067639893902
 20
1818.254872082529
 30
0.0
 70
0
  0
VERTEX
  5
958
330
942
100
AcDbEntity
  8
0
370
0
100
AcDbVertex
100
AcDb2dVertex
 10
2146.082287893902
 20
1818.236515082529
 30
0.0
 70
0
  0
VERTEX
  5
959
330
942
100
AcDbEntity
  8
0
370
0
100
AcDbVertex
100
AcDb2dVertex
 10
2146.143567893902
 20
1818.211430082529
 30
0.0
 70
0
  0
VERTEX
  5
95A
330
942
100
AcDbEntity
  8
0
370
0
100
AcDbVertex
100
AcDb2dVertex
 10
2146.290845893902
 20
1818.201191082528
 30
0.0
 70
0
  0
VERTEX
  5
95B
330
942
100
AcDbEntity
  8
0
370
0
100
AcDbVertex
100
AcDb2dVertex
 10
2146.750073893902
 20
1818.249317082529
 30
0.0
 70
0
  0
VERTEX
  5
95C
330
942
100
AcDbEntity
  8
0
370
0
100
AcDbVertex
100
AcDb2dVertex
 10
2147.977002893902
 20
1818.502766082528
 30
0.0
 70
0
  0
VERTEX
  5
95D
330
942
100
AcDbEntity
  8
0
370
0
100
AcDbVertex
100
AcDb2dVertex
 10
2150.028088893902
 20
1819.054554082528
 30
0.0
 70
0
  0
VERTEX
  5
95E
330
942
100
AcDbEntity
  8
0
370
0
100
AcDbVertex
100
AcDb2dVertex
 10
2152.267712893902
 20
1819.780003082528
 30
0.0
 70
0
  0
VERTEX
  5
95F
330
942
100
AcDbEntity
  8
0
370
0
100
AcDbVertex
100
AcDb2dVertex
 10
2153.105420893902
 20
1820.085575082529
 30
0.0
 70
0
  0
VERTEX
  5
960
330
942
100
AcDbEntity
  8
0
370
0
100
AcDbVertex
100
AcDb2dVertex
 10
2155.631909893902
 20
1821.085682082528
 30
0.0
 70
0
  0
VERTEX
  5
961
330
942
100
AcDbEntity
  8
0
370
0
100
AcDbVertex
100
AcDb2dVertex
 10
2157.353955893902
 20
1821.778065082528
 30
0.0
 70
0
  0
VERTEX
  5
962
330
942
100
AcDbEntity
  8
0
370
0
100
AcDbVertex
100
AcDb2dVertex
 10
2158.709729893902
 20
1822.296925082529
 30
0.0
 70
0
  0
VERTEX
  5
963
330
942
100
AcDbEntity
  8
0
370
0
100
AcDbVertex
100
AcDb2dVertex
 10
2160.080456893902
 20
1822.780552082528
 30
0.0
 70
0
  0
VERTEX
  5
964
330
942
100
AcDbEntity
  8
0
370
0
100
AcDbVertex
100
AcDb2dVertex
 10
2162.055249893902
 20
1823.383549082528
 30
0.0
 70
0
  0
VERTEX
  5
965
330
942
100
AcDbEntity
  8
0
370
0
100
AcDbVertex
100
AcDb2dVertex
 10
2163.851269893902
 20
1823.818592082528
 30
0.0
 70
0
  0
VERTEX
  5
966
330
942
100
AcDbEntity
  8
0
370
0
100
AcDbVertex
100
AcDb2dVertex
 10
2165.681470893902
 20
1824.136936082528
 30
0.0
 70
0
  0
VERTEX
  5
967
330
942
100
AcDbEntity
  8
0
370
0
100
AcDbVertex
100
AcDb2dVertex
 10
2167.349988893902
 20
1824.307911082528
 30
0.0
 70
0
  0
VERTEX
  5
968
330
942
100
AcDbEntity
  8
0
370
0
100
AcDbVertex
100
AcDb2dVertex
 10
2168.946057893902
 20
1824.354817082528
 30
0.0
 70
0
  0
VERTEX
  5
969
330
942
100
AcDbEntity
  8
0
370
0
100
AcDbVertex
100
AcDb2dVertex
 10
2169.823193893902
 20
1824.325215082528
 30
0.0
 70
0
  0
VERTEX
  5
96A
330
942
100
AcDbEntity
  8
0
370
0
100
AcDbVertex
100
AcDb2dVertex
 10
2170.697033893902
 20
1824.254276082529
 30
0.0
 70
0
  0
VERTEX
  5
96B
330
942
100
AcDbEntity
  8
0
370
0
100
AcDbVertex
100
AcDb2dVertex
 10
2171.605298893902
 20
1824.136463082528
 30
0.0
 70
0
  0
VERTEX
  5
96C
330
942
100
AcDbEntity
  8
0
370
0
100
AcDbVertex
100
AcDb2dVertex
 10
2172.506970893902
 20
1823.976139082528
 30
0.0
 70
0
  0
VERTEX
  5
96D
330
942
100
AcDbEntity
  8
0
370
0
100
AcDbVertex
100
AcDb2dVertex
 10
2173.556164893902
 20
1823.738133082528
 30
0.0
 70
0
  0
VERTEX
  5
96E
330
942
100
AcDbEntity
  8
0
370
0
100
AcDbVertex
100
AcDb2dVertex
 10
2174.592480893903
 20
1823.453526082528
 30
0.0
 70
0
  0
VERTEX
  5
96F
330
942
100
AcDbEntity
  8
0
370
0
100
AcDbVertex
100
AcDb2dVertex
 10
2176.285718893902
 20
1822.900913082528
 30
0.0
 70
0
  0
VERTEX
  5
970
330
942
100
AcDbEntity
  8
0
370
0
100
AcDbVertex
100
AcDb2dVertex
 10
2177.399853893902
 20
1822.495167082528
 30
0.0
 70
0
  0
VERTEX
  5
971
330
942
100
AcDbEntity
  8
0
370
0
100
AcDbVertex
100
AcDb2dVertex
 10
2179.622326893902
 20
1821.649922082528
 30
0.0
 70
0
  0
VERTEX
  5
972
330
942
100
AcDbEntity
  8
0
370
0
100
AcDbVertex
100
AcDb2dVertex
 10
2182.452160893902
 20
1820.629063082528
 30
0.0
 70
0
  0
VERTEX
  5
973
330
942
100
AcDbEntity
  8
0
370
0
100
AcDbVertex
100
AcDb2dVertex
 10
2185.342419893902
 20
1819.717854082529
 30
0.0
 70
0
  0
SEQEND
  5
974
330
1F
100
AcDbEntity
  8
0
370
0
  0
ARC
  5
975
330
1F
100
AcDbEntity
  8
0
 62
7
370
35
100
AcDbCircle
 10
2197.088147893902
 20
1818.501240082528
 30
0.0
 40
11.808528
100
AcDbArc
 50
174.0865229999986
 51
205.7955159999985
  0
LINE
  5
976
330
1F
100
AcDbEntity
  8
0
 62
7
370
35
 48
0.12276
100
AcDbLine
 10
2191.366711893902
 20
1813.362644082528
 30
0.0
 11
2186.456311893902
 21
1813.362644082528
 31
0.0
  0
LINE
  5
977
330
1F
100
AcDbEntity
  8
0
 62
7
370
35
 48
0.025
100
AcDbLine
 10
2191.366711893902
 20
1813.362644082528
 30
0.0
 11
2191.366711893902
 21
1812.362644082529
 31
0.0
  0
LINE
  5
978
330
1F
100
AcDbEntity
  8
0
 62
7
370
35
 48
0.109154
100
AcDbLine
 10
2191.366711893902
 20
1812.362644082529
 30
0.0
 11
2187.000561893902
 21
1812.362644082529
 31
0.0
  0
ARC
  5
979
330
1F
100
AcDbEntity
  8
0
 62
7
370
35
100
AcDbCircle
 10
2197.088147893902
 20
1818.501240082528
 30
0.0
 40
11.808528
100
AcDbArc
 50
211.3218490000008
 51
265.1421689999868
  0
LINE
  5
97A
330
1F
100
AcDbEntity
  8
0
 62
7
370
35
 48
0.303885
100
AcDbLine
 10
2196.088147893902
 20
1818.890537082529
 30
0.0
 11
2196.088147893902
 21
1806.735142082528
 31
0.0
  0
LINE
  5
97B
330
1F
100
AcDbEntity
  8
0
 62
7
370
35
 48
0.05
100
AcDbLine
 10
2198.088147893902
 20
1818.890537082529
 30
0.0
 11
2196.088147893902
 21
1818.890537082529
 31
0.0
  0
LINE
  5
97C
330
1F
100
AcDbEntity
  8
0
 62
7
370
35
 48
0.303885
100
AcDbLine
 10
2198.088147893902
 20
1818.890537082529
 30
0.0
 11
2198.088147893902
 21
1806.735142082528
 31
0.0
  0
ARC
  5
97D
330
1F
100
AcDbEntity
  8
0
 62
7
370
35
100
AcDbCircle
 10
2197.088147893902
 20
1818.501240082528
 30
0.0
 40
11.808528
100
AcDbArc
 50
274.8579420000049
 51
328.6781560000059
  0
LINE
  5
97E
330
1F
100
AcDbEntity
  8
0
 62
7
370
35
 48
0.109154
100
AcDbLine
 10
2202.809582893902
 20
1812.362644082529
 30
0.0
 11
2207.175732893902
 21
1812.362644082529
 31
0.0
  0
LINE
  5
97F
330
1F
100
AcDbEntity
  8
0
 62
7
370
35
 48
0.025
100
AcDbLine
 10
2202.809582893902
 20
1813.362644082528
 30
0.0
 11
2202.809582893902
 21
1812.362644082529
 31
0.0
  0
LINE
  5
980
330
1F
100
AcDbEntity
  8
0
 62
7
370
35
 48
0.12276
100
AcDbLine
 10
2202.809582893902
 20
1813.362644082528
 30
0.0
 11
2207.719983893902
 21
1813.362644082528
 31
0.0
  0
ARC
  5
981
330
1F
100
AcDbEntity
  8
0
 62
7
370
35
100
AcDbCircle
 10
2197.088147893902
 20
1818.501240082528
 30
0.0
 40
11.808528
100
AcDbArc
 50
334.2044830000022
 51
5.913449000000871
  0
POLYLINE
  5
982
330
1F
100
AcDbEntity
  8
0
 62
7
370
35
100
AcDb2dPolyline
 66
1
 10
0.0
 20
0.0
 30
0.0
 70
0
  0
VERTEX
  5
983
330
982
100
AcDbEntity
  8
0
370
0
100
AcDbVertex
100
AcDb2dVertex
 10
2227.553479893902
 20
1827.862873082528
 30
0.0
 70
0
  0
VERTEX
  5
984
330
982
100
AcDbEntity
  8
0
370
0
100
AcDbVertex
100
AcDb2dVertex
 10
2228.776135893902
 20
1827.659626082528
 30
0.0
 70
0
  0
VERTEX
  5
985
330
982
100
AcDbEntity
  8
0
370
0
100
AcDbVertex
100
AcDb2dVertex
 10
2229.682568893902
 20
1827.458546082528
 30
0.0
 70
0
  0
VERTEX
  5
986
330
982
100
AcDbEntity
  8
0
370
0
100
AcDbVertex
100
AcDb2dVertex
 10
2230.600354893902
 20
1827.209522082528
 30
0.0
 70
0
  0
VERTEX
  5
987
330
982
100
AcDbEntity
  8
0
370
0
100
AcDbVertex
100
AcDb2dVertex
 10
2231.506482893902
 20
1826.919026082529
 30
0.0
 70
0
  0
VERTEX
  5
988
330
982
100
AcDbEntity
  8
0
370
0
100
AcDbVertex
100
AcDb2dVertex
 10
2232.554455893902
 20
1826.529896082528
 30
0.0
 70
0
  0
VERTEX
  5
989
330
982
100
AcDbEntity
  8
0
370
0
100
AcDbVertex
100
AcDb2dVertex
 10
2233.585156893902
 20
1826.095234082529
 30
0.0
 70
0
  0
VERTEX
  5
98A
330
982
100
AcDbEntity
  8
0
370
0
100
AcDbVertex
100
AcDb2dVertex
 10
2234.695996893902
 20
1825.575062082528
 30
0.0
 70
0
  0
VERTEX
  5
98B
330
982
100
AcDbEntity
  8
0
370
0
100
AcDbVertex
100
AcDb2dVertex
 10
2236.614148893902
 20
1824.574101082529
 30
0.0
 70
0
  0
VERTEX
  5
98C
330
982
100
AcDbEntity
  8
0
370
0
100
AcDbVertex
100
AcDb2dVertex
 10
2238.247693893902
 20
1823.653950082529
 30
0.0
 70
0
  0
VERTEX
  5
98D
330
982
100
AcDbEntity
  8
0
370
0
100
AcDbVertex
100
AcDb2dVertex
 10
2240.057385893902
 20
1822.615238082528
 30
0.0
 70
0
  0
VERTEX
  5
98E
330
982
100
AcDbEntity
  8
0
370
0
100
AcDbVertex
100
AcDb2dVertex
 10
2243.151379893902
 20
1820.939640082528
 30
0.0
 70
0
  0
VERTEX
  5
98F
330
982
100
AcDbEntity
  8
0
370
0
100
AcDbVertex
100
AcDb2dVertex
 10
2245.500500893902
 20
1819.771702082528
 30
0.0
 70
0
  0
VERTEX
  5
990
330
982
100
AcDbEntity
  8
0
370
0
100
AcDbVertex
100
AcDb2dVertex
 10
2247.025525893902
 20
1819.003910082528
 30
0.0
 70
0
  0
VERTEX
  5
991
330
982
100
AcDbEntity
  8
0
370
0
100
AcDbVertex
100
AcDb2dVertex
 10
2247.601330893902
 20
1818.686451082528
 30
0.0
 70
0
  0
VERTEX
  5
992
330
982
100
AcDbEntity
  8
0
370
0
100
AcDbVertex
100
AcDb2dVertex
 10
2247.832226893902
 20
1818.543186082528
 30
0.0
 70
0
  0
VERTEX
  5
993
330
982
100
AcDbEntity
  8
0
370
0
100
AcDbVertex
100
AcDb2dVertex
 10
2248.030652893902
 20
1818.394062082528
 30
0.0
 70
0
  0
VERTEX
  5
994
330
982
100
AcDbEntity
  8
0
370
0
100
AcDbVertex
100
AcDb2dVertex
 10
2248.087964893902
 20
1818.332295082528
 30
0.0
 70
0
  0
VERTEX
  5
995
330
982
100
AcDbEntity
  8
0
370
0
100
AcDbVertex
100
AcDb2dVertex
 10
2248.108960893902
 20
1818.293888082529
 30
0.0
 70
0
  0
VERTEX
  5
996
330
982
100
AcDbEntity
  8
0
370
0
100
AcDbVertex
100
AcDb2dVertex
 10
2248.112439893902
 20
1818.277043082528
 30
0.0
 70
0
  0
VERTEX
  5
997
330
982
100
AcDbEntity
  8
0
370
0
100
AcDbVertex
100
AcDb2dVertex
 10
2248.108655893902
 20
1818.254872082529
 30
0.0
 70
0
  0
VERTEX
  5
998
330
982
100
AcDbEntity
  8
0
370
0
100
AcDbVertex
100
AcDb2dVertex
 10
2248.094006893902
 20
1818.236515082529
 30
0.0
 70
0
  0
VERTEX
  5
999
330
982
100
AcDbEntity
  8
0
370
0
100
AcDbVertex
100
AcDb2dVertex
 10
2248.032727893902
 20
1818.211430082529
 30
0.0
 70
0
  0
VERTEX
  5
99A
330
982
100
AcDbEntity
  8
0
370
0
100
AcDbVertex
100
AcDb2dVertex
 10
2247.885449893902
 20
1818.201191082528
 30
0.0
 70
0
  0
VERTEX
  5
99B
330
982
100
AcDbEntity
  8
0
370
0
100
AcDbVertex
100
AcDb2dVertex
 10
2247.426221893902
 20
1818.249317082529
 30
0.0
 70
0
  0
VERTEX
  5
99C
330
982
100
AcDbEntity
  8
0
370
0
100
AcDbVertex
100
AcDb2dVertex
 10
2246.199292893902
 20
1818.502766082528
 30
0.0
 70
0
  0
VERTEX
  5
99D
330
982
100
AcDbEntity
  8
0
370
0
100
AcDbVertex
100
AcDb2dVertex
 10
2244.148205893902
 20
1819.054554082528
 30
0.0
 70
0
  0
VERTEX
  5
99E
330
982
100
AcDbEntity
  8
0
370
0
100
AcDbVertex
100
AcDb2dVertex
 10
2241.908581893902
 20
1819.780003082528
 30
0.0
 70
0
  0
VERTEX
  5
99F
330
982
100
AcDbEntity
  8
0
370
0
100
AcDbVertex
100
AcDb2dVertex
 10
2241.070874893902
 20
1820.085575082529
 30
0.0
 70
0
  0
VERTEX
  5
9A0
330
982
100
AcDbEntity
  8
0
370
0
100
AcDbVertex
100
AcDb2dVertex
 10
2238.544385893902
 20
1821.085682082528
 30
0.0
 70
0
  0
VERTEX
  5
9A1
330
982
100
AcDbEntity
  8
0
370
0
100
AcDbVertex
100
AcDb2dVertex
 10
2236.822339893902
 20
1821.778065082528
 30
0.0
 70
0
  0
VERTEX
  5
9A2
330
982
100
AcDbEntity
  8
0
370
0
100
AcDbVertex
100
AcDb2dVertex
 10
2235.466565893902
 20
1822.296925082529
 30
0.0
 70
0
  0
VERTEX
  5
9A3
330
982
100
AcDbEntity
  8
0
370
0
100
AcDbVertex
100
AcDb2dVertex
 10
2234.095837893902
 20
1822.780552082528
 30
0.0
 70
0
  0
VERTEX
  5
9A4
330
982
100
AcDbEntity
  8
0
370
0
100
AcDbVertex
100
AcDb2dVertex
 10
2232.121045893902
 20
1823.383549082528
 30
0.0
 70
0
  0
VERTEX
  5
9A5
330
982
100
AcDbEntity
  8
0
370
0
100
AcDbVertex
100
AcDb2dVertex
 10
2230.325024893902
 20
1823.818592082528
 30
0.0
 70
0
  0
VERTEX
  5
9A6
330
982
100
AcDbEntity
  8
0
370
0
100
AcDbVertex
100
AcDb2dVertex
 10
2228.494824893902
 20
1824.136936082528
 30
0.0
 70
0
  0
VERTEX
  5
9A7
330
982
100
AcDbEntity
  8
0
370
0
100
AcDbVertex
100
AcDb2dVertex
 10
2226.826306893902
 20
1824.307911082528
 30
0.0
 70
0
  0
VERTEX
  5
9A8
330
982
100
AcDbEntity
  8
0
370
0
100
AcDbVertex
100
AcDb2dVertex
 10
2225.230237893902
 20
1824.354817082528
 30
0.0
 70
0
  0
VERTEX
  5
9A9
330
982
100
AcDbEntity
  8
0
370
0
100
AcDbVertex
100
AcDb2dVertex
 10
2224.353100893901
 20
1824.325215082528
 30
0.0
 70
0
  0
VERTEX
  5
9AA
330
982
100
AcDbEntity
  8
0
370
0
100
AcDbVertex
100
AcDb2dVertex
 10
2223.479260893902
 20
1824.254276082529
 30
0.0
 70
0
  0
VERTEX
  5
9AB
330
982
100
AcDbEntity
  8
0
370
0
100
AcDbVertex
100
AcDb2dVertex
 10
2222.570996893902
 20
1824.136463082528
 30
0.0
 70
0
  0
VERTEX
  5
9AC
330
982
100
AcDbEntity
  8
0
370
0
100
AcDbVertex
100
AcDb2dVertex
 10
2221.669324893902
 20
1823.976139082528
 30
0.0
 70
0
  0
VERTEX
  5
9AD
330
982
100
AcDbEntity
  8
0
370
0
100
AcDbVertex
100
AcDb2dVertex
 10
2220.620129893902
 20
1823.738133082528
 30
0.0
 70
0
  0
VERTEX
  5
9AE
330
982
100
AcDbEntity
  8
0
370
0
100
AcDbVertex
100
AcDb2dVertex
 10
2219.583813893902
 20
1823.453526082528
 30
0.0
 70
0
  0
VERTEX
  5
9AF
330
982
100
AcDbEntity
  8
0
370
0
100
AcDbVertex
100
AcDb2dVertex
 10
2217.890576893902
 20
1822.900913082528
 30
0.0
 70
0
  0
VERTEX
  5
9B0
330
982
100
AcDbEntity
  8
0
370
0
100
AcDbVertex
100
AcDb2dVertex
 10
2216.776440893902
 20
1822.495167082528
 30
0.0
 70
0
  0
VERTEX
  5
9B1
330
982
100
AcDbEntity
  8
0
370
0
100
AcDbVertex
100
AcDb2dVertex
 10
2214.553967893902
 20
1821.649922082528
 30
0.0
 70
0
  0
VERTEX
  5
9B2
330
982
100
AcDbEntity
  8
0
370
0
100
AcDbVertex
100
AcDb2dVertex
 10
2211.724133893902
 20
1820.629063082528
 30
0.0
 70
0
  0
VERTEX
  5
9B3
330
982
100
AcDbEntity
  8
0
370
0
100
AcDbVertex
100
AcDb2dVertex
 10
2208.833874893902
 20
1819.717854082529
 30
0.0
 70
0
  0
SEQEND
  5
9B4
330
1F
100
AcDbEntity
  8
0
370
0
  0
LINE
  5
9B5
330
1F
100
AcDbEntity
  8
0
 62
7
370
35
 48
0.045282
100
AcDbLine
 10
2227.395642893902
 20
1826.058476082528
 30
0.0
 11
2227.553479893902
 21
1827.862873082528
 31
0.0
  0
LINE
  5
9B6
330
1F
100
AcDbEntity
  8
0
 62
7
370
35
 48
0.025001
100
AcDbLine
 10
2227.395642893902
 20
1826.058476082528
 30
0.0
 11
2226.399426893902
 21
1826.145634082529
 31
0.0
  0
LINE
  5
9B7
330
1F
100
AcDbEntity
  8
0
 62
7
370
35
 48
0.045934
100
AcDbLine
 10
2226.399426893902
 20
1826.145634082529
 30
0.0
 11
2226.559582893901
 21
1827.976002082528
 31
0.0
  0
POLYLINE
  5
9B8
330
1F
100
AcDbEntity
  8
0
 62
7
370
35
100
AcDb2dPolyline
 66
1
 10
0.0
 20
0.0
 30
0.0
 70
0
  0
VERTEX
  5
9B9
330
9B8
100
AcDbEntity
  8
0
370
0
100
AcDbVertex
100
AcDb2dVertex
 10
2212.025097893902
 20
1826.217533082528
 30
0.0
 70
0
  0
VERTEX
  5
9BA
330
9B8
100
AcDbEntity
  8
0
370
0
100
AcDbVertex
100
AcDb2dVertex
 10
2214.260937893902
 20
1826.744419082529
 30
0.0
 70
0
  0
VERTEX
  5
9BB
330
9B8
100
AcDbEntity
  8
0
370
0
100
AcDbVertex
100
AcDb2dVertex
 10
2216.507336893902
 20
1827.229557082528
 30
0.0
 70
0
  0
VERTEX
  5
9BC
330
9B8
100
AcDbEntity
  8
0
370
0
100
AcDbVertex
100
AcDb2dVertex
 10
2218.999158893902
 20
1827.668431082528
 30
0.0
 70
0
  0
VERTEX
  5
9BD
330
9B8
100
AcDbEntity
  8
0
370
0
100
AcDbVertex
100
AcDb2dVertex
 10
2220.368054893902
 20
1827.850956082529
 30
0.0
 70
0
  0
VERTEX
  5
9BE
330
9B8
100
AcDbEntity
  8
0
370
0
100
AcDbVertex
100
AcDb2dVertex
 10
2222.535596893902
 20
1828.037937082529
 30
0.0
 70
0
  0
VERTEX
  5
9BF
330
9B8
100
AcDbEntity
  8
0
370
0
100
AcDbVertex
100
AcDb2dVertex
 10
2224.380810893902
 20
1828.082569082528
 30
0.0
 70
0
  0
VERTEX
  5
9C0
330
9B8
100
AcDbEntity
  8
0
370
0
100
AcDbVertex
100
AcDb2dVertex
 10
2226.222485893902
 20
1828.004795082529
 30
0.0
 70
0
  0
VERTEX
  5
9C1
330
9B8
100
AcDbEntity
  8
0
370
0
100
AcDbVertex
100
AcDb2dVertex
 10
2226.559582893901
 20
1827.976002082528
 30
0.0
 70
0
  0
SEQEND
  5
9C2
330
1F
100
AcDbEntity
  8
0
370
0
  0
LINE
  5
9C3
330
1F
100
AcDbEntity
  8
0
 62
7
370
35
 48
0.066994
100
AcDbLine
 10
2212.485974893902
 20
1823.577702082528
 30
0.0
 11
2212.025097893902
 21
1826.217533082528
 31
0.0
  0
LINE
  5
9C4
330
1F
100
AcDbEntity
  8
0
 62
7
370
35
 48
0.025
100
AcDbLine
 10
2212.485974893902
 20
1823.577702082528
 30
0.0
 11
2211.501172893902
 21
1823.404057082528
 31
0.0
  0
LINE
  5
9C5
330
1F
100
AcDbEntity
  8
0
 62
7
370
35
 48
0.065546
100
AcDbLine
 10
2211.501172893902
 20
1823.404057082528
 30
0.0
 11
2211.050244893902
 21
1825.986836082529
 31
0.0
  0
POLYLINE
  5
9C6
330
1F
100
AcDbEntity
  8
0
 62
7
370
35
100
AcDb2dPolyline
 66
1
 10
0.0
 20
0.0
 30
0.0
 70
0
  0
VERTEX
  5
9C7
330
9C6
100
AcDbEntity
  8
0
370
0
100
AcDbVertex
100
AcDb2dVertex
 10
2206.870679893902
 20
1825.115009082528
 30
0.0
 70
0
  0
VERTEX
  5
9C8
330
9C6
100
AcDbEntity
  8
0
370
0
100
AcDbVertex
100
AcDb2dVertex
 10
2209.480176893902
 20
1825.630329082528
 30
0.0
 70
0
  0
VERTEX
  5
9C9
330
9C6
100
AcDbEntity
  8
0
370
0
100
AcDbVertex
100
AcDb2dVertex
 10
2211.050244893902
 20
1825.986836082529
 30
0.0
 70
0
  0
SEQEND
  5
9CA
330
1F
100
AcDbEntity
  8
0
370
0
  0
ARC
  5
9CB
330
1F
100
AcDbEntity
  8
0
 62
7
370
35
100
AcDbCircle
 10
2197.088147893902
 20
1818.501240082528
 30
0.0
 40
11.808528
100
AcDbArc
 50
34.0616549999931
 51
145.938330000003
  0
ARC
  5
9CC
330
1F
100
AcDbEntity
  8
0
 62
7
370
35
100
AcDbCircle
 10
2197.222533753074
 20
1791.386487295503
 30
0.0
 40
11.483274
100
AcDbArc
 50
43.20706599999776
 51
136.792952000003
  0
POLYLINE
  5
9CD
330
1F
100
AcDbEntity
  8
0
 62
7
370
35
100
AcDb2dPolyline
 66
1
 10
0.0
 20
0.0
 30
0.0
 70
0
  0
VERTEX
  5
9CE
330
9CD
100
AcDbEntity
  8
0
370
0
100
AcDbVertex
100
AcDb2dVertex
 10
2183.391540753075
 20
1800.271207295503
 30
0.0
 70
0
  0
VERTEX
  5
9CF
330
9CD
100
AcDbEntity
  8
0
370
0
100
AcDbVertex
100
AcDb2dVertex
 10
2185.338378753074
 20
1799.853513295503
 30
0.0
 70
0
  0
VERTEX
  5
9D0
330
9CD
100
AcDbEntity
  8
0
370
0
100
AcDbVertex
100
AcDb2dVertex
 10
2187.095275753074
 20
1799.522550295504
 30
0.0
 70
0
  0
VERTEX
  5
9D1
330
9CD
100
AcDbEntity
  8
0
370
0
100
AcDbVertex
100
AcDb2dVertex
 10
2188.852599753074
 20
1799.248350295503
 30
0.0
 70
0
  0
SEQEND
  5
9D2
330
1F
100
AcDbEntity
  8
0
370
0
  0
LINE
  5
9D3
330
1F
100
AcDbEntity
  8
0
 62
7
370
35
 48
0.0838
100
AcDbLine
 10
2182.809508753074
 20
1796.970136295503
 30
0.0
 11
2183.391540753075
 21
1800.271207295503
 31
0.0
  0
LINE
  5
9D4
330
1F
100
AcDbEntity
  8
0
 62
7
370
35
 48
0.025
100
AcDbLine
 10
2181.824706753074
 20
1797.143781295503
 30
0.0
 11
2182.809508753074
 21
1796.970136295503
 31
0.0
  0
LINE
  5
9D5
330
1F
100
AcDbEntity
  8
0
 62
7
370
35
 48
0.084981
100
AcDbLine
 10
2181.824706753074
 20
1797.143781295503
 30
0.0
 11
2182.414977753074
 21
1800.491376295503
 31
0.0
  0
POLYLINE
  5
9D6
330
1F
100
AcDbEntity
  8
0
 62
7
370
35
100
AcDb2dPolyline
 66
1
 10
0.0
 20
0.0
 30
0.0
 70
0
  0
VERTEX
  5
9D7
330
9D6
100
AcDbEntity
  8
0
370
0
100
AcDbVertex
100
AcDb2dVertex
 10
2167.695434753074
 20
1802.178510295503
 30
0.0
 70
0
  0
VERTEX
  5
9D8
330
9D6
100
AcDbEntity
  8
0
370
0
100
AcDbVertex
100
AcDb2dVertex
 10
2168.453307753074
 20
1802.221692295503
 30
0.0
 70
0
  0
VERTEX
  5
9D9
330
9D6
100
AcDbEntity
  8
0
370
0
100
AcDbVertex
100
AcDb2dVertex
 10
2170.407653753074
 20
1802.246610295503
 30
0.0
 70
0
  0
VERTEX
  5
9DA
330
9D6
100
AcDbEntity
  8
0
370
0
100
AcDbVertex
100
AcDb2dVertex
 10
2172.363036753075
 20
1802.161863295503
 30
0.0
 70
0
  0
VERTEX
  5
9DB
330
9D6
100
AcDbEntity
  8
0
370
0
100
AcDbVertex
100
AcDb2dVertex
 10
2173.770629753075
 20
1802.041440295503
 30
0.0
 70
0
  0
VERTEX
  5
9DC
330
9D6
100
AcDbEntity
  8
0
370
0
100
AcDbVertex
100
AcDb2dVertex
 10
2175.324157753074
 20
1801.856885295504
 30
0.0
 70
0
  0
VERTEX
  5
9DD
330
9D6
100
AcDbEntity
  8
0
370
0
100
AcDbVertex
100
AcDb2dVertex
 10
2176.872985753075
 20
1801.623563295503
 30
0.0
 70
0
  0
VERTEX
  5
9DE
330
9D6
100
AcDbEntity
  8
0
370
0
100
AcDbVertex
100
AcDb2dVertex
 10
2178.567565753074
 20
1801.318250295503
 30
0.0
 70
0
  0
VERTEX
  5
9DF
330
9D6
100
AcDbEntity
  8
0
370
0
100
AcDbVertex
100
AcDb2dVertex
 10
2180.254271753074
 20
1800.972211295503
 30
0.0
 70
0
  0
VERTEX
  5
9E0
330
9D6
100
AcDbEntity
  8
0
370
0
100
AcDbVertex
100
AcDb2dVertex
 10
2182.414977753074
 20
1800.491376295503
 30
0.0
 70
0
  0
SEQEND
  5
9E1
330
1F
100
AcDbEntity
  8
0
370
0
  0
LINE
  5
9E2
330
1F
100
AcDbEntity
  8
0
 62
7
370
35
 48
0.061905
100
AcDbLine
 10
2167.911254753075
 20
1799.711713295504
 30
0.0
 11
2167.695434753074
 21
1802.178510295503
 31
0.0
  0
LINE
  5
9E3
330
1F
100
AcDbEntity
  8
0
 62
7
370
35
 48
0.025001
100
AcDbLine
 10
2166.915038753074
 20
1799.624555295503
 30
0.0
 11
2167.911254753075
 21
1799.711713295504
 31
0.0
  0
LINE
  5
9E4
330
1F
100
AcDbEntity
  8
0
 62
7
370
35
 48
0.061863
100
AcDbLine
 10
2166.915038753074
 20
1799.624555295503
 30
0.0
 11
2166.699401753074
 21
1802.089658295503
 31
0.0
  0
POLYLINE
  5
9E5
330
1F
100
AcDbEntity
  8
0
 62
7
370
35
100
AcDb2dPolyline
 66
1
 10
0.0
 20
0.0
 30
0.0
 70
0
  0
VERTEX
  5
9E6
330
9E5
100
AcDbEntity
  8
0
370
0
100
AcDbVertex
100
AcDb2dVertex
 10
2152.291503753074
 20
1795.855497295503
 30
0.0
 70
0
  0
VERTEX
  5
9E7
330
9E5
100
AcDbEntity
  8
0
370
0
100
AcDbVertex
100
AcDb2dVertex
 10
2154.758056753074
 20
1797.183744295503
 30
0.0
 70
0
  0
VERTEX
  5
9E8
330
9E5
100
AcDbEntity
  8
0
370
0
100
AcDbVertex
100
AcDb2dVertex
 10
2155.835875753074
 20
1797.803068295503
 30
0.0
 70
0
  0
VERTEX
  5
9E9
330
9E5
100
AcDbEntity
  8
0
370
0
100
AcDbVertex
100
AcDb2dVertex
 10
2158.002074753074
 20
1799.045637295504
 30
0.0
 70
0
  0
VERTEX
  5
9EA
330
9E5
100
AcDbEntity
  8
0
370
0
100
AcDbVertex
100
AcDb2dVertex
 10
2159.101684753074
 20
1799.640653295503
 30
0.0
 70
0
  0
VERTEX
  5
9EB
330
9E5
100
AcDbEntity
  8
0
370
0
100
AcDbVertex
100
AcDb2dVertex
 10
2160.671752753074
 20
1800.409192295504
 30
0.0
 70
0
  0
VERTEX
  5
9EC
330
9E5
100
AcDbEntity
  8
0
370
0
100
AcDbVertex
100
AcDb2dVertex
 10
2162.033629753075
 20
1800.976117295504
 30
0.0
 70
0
  0
VERTEX
  5
9ED
330
9E5
100
AcDbEntity
  8
0
370
0
100
AcDbVertex
100
AcDb2dVertex
 10
2162.874206753075
 20
1801.272886295503
 30
0.0
 70
0
  0
VERTEX
  5
9EE
330
9E5
100
AcDbEntity
  8
0
370
0
100
AcDbVertex
100
AcDb2dVertex
 10
2163.725585753074
 20
1801.529752295504
 30
0.0
 70
0
  0
VERTEX
  5
9EF
330
9E5
100
AcDbEntity
  8
0
370
0
100
AcDbVertex
100
AcDb2dVertex
 10
2164.586913753074
 20
1801.744306295503
 30
0.0
 70
0
  0
VERTEX
  5
9F0
330
9E5
100
AcDbEntity
  8
0
370
0
100
AcDbVertex
100
AcDb2dVertex
 10
2165.456603753074
 20
1801.915998295503
 30
0.0
 70
0
  0
VERTEX
  5
9F1
330
9E5
100
AcDbEntity
  8
0
370
0
100
AcDbVertex
100
AcDb2dVertex
 10
2166.699401753074
 20
1802.089658295503
 30
0.0
 70
0
  0
SEQEND
  5
9F2
330
1F
100
AcDbEntity
  8
0
370
0
  0
LINE
  5
9F3
330
1F
100
AcDbEntity
  8
0
 62
7
370
35
 48
0.039317
100
AcDbLine
 10
2152.291503753074
 20
1795.855497295503
 30
0.0
 11
2152.829406753074
 21
1794.377683295504
 31
0.0
  0
LINE
  5
9F4
330
1F
100
AcDbEntity
  8
0
 62
7
370
35
 48
0.025
100
AcDbLine
 10
2151.889708753075
 20
1794.035657295503
 30
0.0
 11
2152.829406753074
 21
1794.377683295504
 31
0.0
  0
LINE
  5
9F5
330
1F
100
AcDbEntity
  8
0
 62
7
370
35
 48
0.036558
100
AcDbLine
 10
2151.389586753074
 20
1795.409803295503
 30
0.0
 11
2151.889708753075
 21
1794.035657295503
 31
0.0
  0
POLYLINE
  5
9F6
330
1F
100
AcDbEntity
  8
0
 62
7
370
35
100
AcDb2dPolyline
 66
1
 10
0.0
 20
0.0
 30
0.0
 70
0
  0
VERTEX
  5
9F7
330
9F6
100
AcDbEntity
  8
0
370
0
100
AcDbVertex
100
AcDb2dVertex
 10
2146.748717753074
 20
1793.320997295503
 30
0.0
 70
0
  0
VERTEX
  5
9F8
330
9F6
100
AcDbEntity
  8
0
370
0
100
AcDbVertex
100
AcDb2dVertex
 10
2149.850646753074
 20
1794.688932295503
 30
0.0
 70
0
  0
VERTEX
  5
9F9
330
9F6
100
AcDbEntity
  8
0
370
0
100
AcDbVertex
100
AcDb2dVertex
 10
2151.389586753074
 20
1795.409803295503
 30
0.0
 70
0
  0
SEQEND
  5
9FA
330
1F
100
AcDbEntity
  8
0
370
0
  0
LINE
  5
9FB
330
1F
100
AcDbEntity
  8
0
 62
7
370
35
 48
0.014669
100
AcDbLine
 10
2146.748717753074
 20
1793.320997295503
 30
0.0
 11
2146.949401753074
 21
1792.769620295503
 31
0.0
  0
LINE
  5
9FC
330
1F
100
AcDbEntity
  8
0
 62
7
370
35
 48
0.063442
100
AcDbLine
 10
2149.334044753074
 20
1793.637571295503
 30
0.0
 11
2146.949401753074
 21
1792.769620295503
 31
0.0
  0
LINE
  5
9FD
330
1F
100
AcDbEntity
  8
0
 62
7
370
35
 48
0.025
100
AcDbLine
 10
2149.334044753074
 20
1793.637571295503
 30
0.0
 11
2149.676024753074
 21
1792.697873295503
 31
0.0
  0
LINE
  5
9FE
330
1F
100
AcDbEntity
  8
0
 62
7
370
35
 48
0.063442
100
AcDbLine
 10
2149.676024753074
 20
1792.697873295503
 30
0.0
 11
2147.291381753074
 21
1791.829923295503
 31
0.0
  0
LINE
  5
9FF
330
1F
100
AcDbEntity
  8
0
 62
7
370
35
 48
0.020178
100
AcDbLine
 10
2147.291381753074
 20
1791.829923295503
 30
0.0
 11
2147.567443753074
 21
1791.071485295503
 31
0.0
  0
POLYLINE
  5
A00
330
1F
100
AcDbEntity
  8
0
 62
7
370
35
100
AcDb2dPolyline
 66
1
 10
0.0
 20
0.0
 30
0.0
 70
0
  0
VERTEX
  5
A01
330
A00
100
AcDbEntity
  8
0
370
0
100
AcDbVertex
100
AcDb2dVertex
 10
2147.567443753074
 20
1791.071485295503
 30
0.0
 70
0
  0
VERTEX
  5
A02
330
A00
100
AcDbEntity
  8
0
370
0
100
AcDbVertex
100
AcDb2dVertex
 10
2149.147887753074
 20
1791.534421295503
 30
0.0
 70
0
  0
VERTEX
  5
A03
330
A00
100
AcDbEntity
  8
0
370
0
100
AcDbVertex
100
AcDb2dVertex
 10
2150.724975753074
 20
1792.029874295504
 30
0.0
 70
0
  0
VERTEX
  5
A04
330
A00
100
AcDbEntity
  8
0
370
0
100
AcDbVertex
100
AcDb2dVertex
 10
2153.080687753075
 20
1792.859342295503
 30
0.0
 70
0
  0
VERTEX
  5
A05
330
A00
100
AcDbEntity
  8
0
370
0
100
AcDbVertex
100
AcDb2dVertex
 10
2155.405517753075
 20
1793.790098295503
 30
0.0
 70
0
  0
VERTEX
  5
A06
330
A00
100
AcDbEntity
  8
0
370
0
100
AcDbVertex
100
AcDb2dVertex
 10
2157.699096753074
 20
1794.731275295503
 30
0.0
 70
0
  0
VERTEX
  5
A07
330
A00
100
AcDbEntity
  8
0
370
0
100
AcDbVertex
100
AcDb2dVertex
 10
2159.025939753075
 20
1795.246366295504
 30
0.0
 70
0
  0
VERTEX
  5
A08
330
A00
100
AcDbEntity
  8
0
370
0
100
AcDbVertex
100
AcDb2dVertex
 10
2160.366637753074
 20
1795.725294295503
 30
0.0
 70
0
  0
VERTEX
  5
A09
330
A00
100
AcDbEntity
  8
0
370
0
100
AcDbVertex
100
AcDb2dVertex
 10
2161.457580753074
 20
1796.076703295504
 30
0.0
 70
0
  0
VERTEX
  5
A0A
330
A00
100
AcDbEntity
  8
0
370
0
100
AcDbVertex
100
AcDb2dVertex
 10
2162.562865753074
 20
1796.392713295503
 30
0.0
 70
0
  0
VERTEX
  5
A0B
330
A00
100
AcDbEntity
  8
0
370
0
100
AcDbVertex
100
AcDb2dVertex
 10
2164.336425753075
 20
1796.806257295504
 30
0.0
 70
0
  0
VERTEX
  5
A0C
330
A00
100
AcDbEntity
  8
0
370
0
100
AcDbVertex
100
AcDb2dVertex
 10
2166.144469753074
 20
1797.098050295504
 30
0.0
 70
0
  0
VERTEX
  5
A0D
330
A00
100
AcDbEntity
  8
0
370
0
100
AcDbVertex
100
AcDb2dVertex
 10
2167.127379753075
 20
1797.197629295503
 30
0.0
 70
0
  0
SEQEND
  5
A0E
330
1F
100
AcDbEntity
  8
0
370
0
  0
ARC
  5
A0F
330
1F
100
AcDbEntity
  8
0
 62
7
370
35
100
AcDbCircle
 10
2168.831725753074
 20
1775.805677295504
 30
0.0
 40
21.45972
100
AcDbArc
 50
91.88377599999268
 51
94.5552330000088
  0
POLYLINE
  5
A10
330
1F
100
AcDbEntity
  8
0
 62
7
370
35
100
AcDb2dPolyline
 66
1
 10
0.0
 20
0.0
 30
0.0
 70
0
  0
VERTEX
  5
A11
330
A10
100
AcDbEntity
  8
0
370
0
100
AcDbVertex
100
AcDb2dVertex
 10
2168.126281753075
 20
1797.253766295503
 30
0.0
 70
0
  0
VERTEX
  5
A12
330
A10
100
AcDbEntity
  8
0
370
0
100
AcDbVertex
100
AcDb2dVertex
 10
2169.434752753074
 20
1797.251890295503
 30
0.0
 70
0
  0
VERTEX
  5
A13
330
A10
100
AcDbEntity
  8
0
370
0
100
AcDbVertex
100
AcDb2dVertex
 10
2170.737609753075
 20
1797.157712295503
 30
0.0
 70
0
  0
VERTEX
  5
A14
330
A10
100
AcDbEntity
  8
0
370
0
100
AcDbVertex
100
AcDb2dVertex
 10
2171.767943753074
 20
1797.016675295503
 30
0.0
 70
0
  0
VERTEX
  5
A15
330
A10
100
AcDbEntity
  8
0
370
0
100
AcDbVertex
100
AcDb2dVertex
 10
2172.788329753075
 20
1796.820814295503
 30
0.0
 70
0
  0
VERTEX
  5
A16
330
A10
100
AcDbEntity
  8
0
370
0
100
AcDbVertex
100
AcDb2dVertex
 10
2173.834227753074
 20
1796.565687295503
 30
0.0
 70
0
  0
VERTEX
  5
A17
330
A10
100
AcDbEntity
  8
0
370
0
100
AcDbVertex
100
AcDb2dVertex
 10
2175.631652753074
 20
1796.015729295504
 30
0.0
 70
0
  0
VERTEX
  5
A18
330
A10
100
AcDbEntity
  8
0
370
0
100
AcDbVertex
100
AcDb2dVertex
 10
2177.144530753075
 20
1795.471052295503
 30
0.0
 70
0
  0
VERTEX
  5
A19
330
A10
100
AcDbEntity
  8
0
370
0
100
AcDbVertex
100
AcDb2dVertex
 10
2180.104186753075
 20
1794.331113295504
 30
0.0
 70
0
  0
VERTEX
  5
A1A
330
A10
100
AcDbEntity
  8
0
370
0
100
AcDbVertex
100
AcDb2dVertex
 10
2181.253478753074
 20
1793.904355295504
 30
0.0
 70
0
  0
SEQEND
  5
A1B
330
1F
100
AcDbEntity
  8
0
370
0
  0
ARC
  5
A1C
330
1F
100
AcDbEntity
  8
0
 62
7
370
35
100
AcDbCircle
 10
2206.753600753074
 20
1864.189924295503
 30
0.0
 40
74.76842399999998
100
AcDbArc
 50
250.0588500000087
 51
250.8359420000117
  0
ARC
  5
A1D
330
1F
100
AcDbEntity
  8
0
 62
7
370
35
100
AcDbCircle
 10
2204.538085753074
 20
1857.651746295503
 30
0.0
 40
67.865112
100
AcDbArc
 50
250.7907390000127
 51
253.960186000008
  0
ARC
  5
A1E
330
1F
100
AcDbEntity
  8
0
 62
7
370
35
100
AcDbCircle
 10
2197.222533753074
 20
1791.386487295503
 30
0.0
 40
11.483274
100
AcDbArc
 50
174.7923139999995
 51
202.842332999995
  0
LINE
  5
A1F
330
1F
100
AcDbEntity
  8
0
 62
7
370
35
 48
0.124193
100
AcDbLine
 10
2191.607543753074
 20
1786.928724295503
 30
0.0
 11
2186.639831753074
 21
1786.928724295503
 31
0.0
  0
LINE
  5
A20
330
1F
100
AcDbEntity
  8
0
 62
7
370
35
 48
0.025
100
AcDbLine
 10
2191.607543753074
 20
1786.928724295503
 30
0.0
 11
2191.607543753074
 21
1785.928724295503
 31
0.0
  0
LINE
  5
A21
330
1F
100
AcDbEntity
  8
0
 62
7
370
35
 48
0.11221
100
AcDbLine
 10
2191.607543753074
 20
1785.928724295503
 30
0.0
 11
2187.119140753074
 21
1785.928724295503
 31
0.0
  0
ARC
  5
A22
330
1F
100
AcDbEntity
  8
0
 62
7
370
35
100
AcDbCircle
 10
2197.222533753074
 20
1791.386487295503
 30
0.0
 40
11.483274
100
AcDbArc
 50
208.3775730000053
 51
265.0041720000001
  0
LINE
  5
A23
330
1F
100
AcDbEntity
  8
0
 62
7
370
35
 48
0.285991
100
AcDbLine
 10
2196.222533753074
 20
1791.386487295503
 30
0.0
 11
2196.222533753074
 21
1779.946836295503
 31
0.0
  0
LINE
  5
A24
330
1F
100
AcDbEntity
  8
0
 62
7
370
35
 48
0.05
100
AcDbLine
 10
2198.222533753074
 20
1791.386487295503
 30
0.0
 11
2196.222533753074
 21
1791.386487295503
 31
0.0
  0
LINE
  5
A25
330
1F
100
AcDbEntity
  8
0
 62
7
370
35
 48
0.285991
100
AcDbLine
 10
2198.222533753074
 20
1791.386487295503
 30
0.0
 11
2198.222533753074
 21
1779.946836295503
 31
0.0
  0
ARC
  5
A26
330
1F
100
AcDbEntity
  8
0
 62
7
370
35
100
AcDbCircle
 10
2197.222533753074
 20
1791.386487295503
 30
0.0
 40
11.483274
100
AcDbArc
 50
274.9958300000055
 51
331.6224289999996
  0
LINE
  5
A27
330
1F
100
AcDbEntity
  8
0
 62
7
370
35
 48
0.11221
100
AcDbLine
 10
2202.837523753074
 20
1785.928724295503
 30
0.0
 11
2207.325927753074
 21
1785.928724295503
 31
0.0
  0
LINE
  5
A28
330
1F
100
AcDbEntity
  8
0
 62
7
370
35
 48
0.025
100
AcDbLine
 10
2202.837523753074
 20
1786.928724295503
 30
0.0
 11
2202.837523753074
 21
1785.928724295503
 31
0.0
  0
LINE
  5
A29
330
1F
100
AcDbEntity
  8
0
 62
7
370
35
 48
0.124193
100
AcDbLine
 10
2202.837523753074
 20
1786.928724295503
 30
0.0
 11
2207.805236753074
 21
1786.928724295503
 31
0.0
  0
ARC
  5
A2A
330
1F
100
AcDbEntity
  8
0
 62
7
370
35
100
AcDbCircle
 10
2197.222533753074
 20
1791.386487295503
 30
0.0
 40
11.483274
100
AcDbArc
 50
337.1576700000067
 51
5.207587999997523
  0
ARC
  5
A2B
330
1F
100
AcDbEntity
  8
0
 62
7
370
35
100
AcDbCircle
 10
2189.906981753074
 20
1857.651746295503
 30
0.0
 40
67.865112
100
AcDbArc
 50
286.0398159999893
 51
289.2092620000064
  0
ARC
  5
A2C
330
1F
100
AcDbEntity
  8
0
 62
7
370
35
100
AcDbCircle
 10
2187.691466753074
 20
1864.189924295503
 30
0.0
 40
74.76842399999998
100
AcDbArc
 50
289.1640600000014
 51
289.9411449999986
  0
POLYLINE
  5
A2D
330
1F
100
AcDbEntity
  8
0
 62
7
370
35
100
AcDb2dPolyline
 66
1
 10
0.0
 20
0.0
 30
0.0
 70
0
  0
VERTEX
  5
A2E
330
A2D
100
AcDbEntity
  8
0
370
0
100
AcDbVertex
100
AcDb2dVertex
 10
2226.318786753075
 20
1797.253766295503
 30
0.0
 70
0
  0
VERTEX
  5
A2F
330
A2D
100
AcDbEntity
  8
0
370
0
100
AcDbVertex
100
AcDb2dVertex
 10
2225.010314753074
 20
1797.251890295503
 30
0.0
 70
0
  0
VERTEX
  5
A30
330
A2D
100
AcDbEntity
  8
0
370
0
100
AcDbVertex
100
AcDb2dVertex
 10
2223.707457753075
 20
1797.157712295503
 30
0.0
 70
0
  0
VERTEX
  5
A31
330
A2D
100
AcDbEntity
  8
0
370
0
100
AcDbVertex
100
AcDb2dVertex
 10
2222.677123753074
 20
1797.016675295503
 30
0.0
 70
0
  0
VERTEX
  5
A32
330
A2D
100
AcDbEntity
  8
0
370
0
100
AcDbVertex
100
AcDb2dVertex
 10
2221.656737753074
 20
1796.820814295503
 30
0.0
 70
0
  0
VERTEX
  5
A33
330
A2D
100
AcDbEntity
  8
0
370
0
100
AcDbVertex
100
AcDb2dVertex
 10
2220.610839753074
 20
1796.565687295503
 30
0.0
 70
0
  0
VERTEX
  5
A34
330
A2D
100
AcDbEntity
  8
0
370
0
100
AcDbVertex
100
AcDb2dVertex
 10
2218.813415753075
 20
1796.015729295504
 30
0.0
 70
0
  0
VERTEX
  5
A35
330
A2D
100
AcDbEntity
  8
0
370
0
100
AcDbVertex
100
AcDb2dVertex
 10
2217.300536753075
 20
1795.471052295503
 30
0.0
 70
0
  0
VERTEX
  5
A36
330
A2D
100
AcDbEntity
  8
0
370
0
100
AcDbVertex
100
AcDb2dVertex
 10
2214.340880753075
 20
1794.331113295504
 30
0.0
 70
0
  0
VERTEX
  5
A37
330
A2D
100
AcDbEntity
  8
0
370
0
100
AcDbVertex
100
AcDb2dVertex
 10
2213.191588753074
 20
1793.904355295504
 30
0.0
 70
0
  0
SEQEND
  5
A38
330
1F
100
AcDbEntity
  8
0
370
0
  0
ARC
  5
A39
330
1F
100
AcDbEntity
  8
0
 62
7
370
35
100
AcDbCircle
 10
2225.613341753074
 20
1775.805677295504
 30
0.0
 40
21.45972
100
AcDbArc
 50
85.44476499998923
 51
88.11622299999306
  0
POLYLINE
  5
A3A
330
1F
100
AcDbEntity
  8
0
 62
7
370
35
100
AcDb2dPolyline
 66
1
 10
0.0
 20
0.0
 30
0.0
 70
0
  0
VERTEX
  5
A3B
330
A3A
100
AcDbEntity
  8
0
370
0
100
AcDbVertex
100
AcDb2dVertex
 10
2246.877623753074
 20
1791.071485295503
 30
0.0
 70
0
  0
VERTEX
  5
A3C
330
A3A
100
AcDbEntity
  8
0
370
0
100
AcDbVertex
100
AcDb2dVertex
 10
2245.297179753075
 20
1791.534421295503
 30
0.0
 70
0
  0
VERTEX
  5
A3D
330
A3A
100
AcDbEntity
  8
0
370
0
100
AcDbVertex
100
AcDb2dVertex
 10
2243.720092753074
 20
1792.029874295504
 30
0.0
 70
0
  0
VERTEX
  5
A3E
330
A3A
100
AcDbEntity
  8
0
370
0
100
AcDbVertex
100
AcDb2dVertex
 10
2241.364379753075
 20
1792.859342295503
 30
0.0
 70
0
  0
VERTEX
  5
A3F
330
A3A
100
AcDbEntity
  8
0
370
0
100
AcDbVertex
100
AcDb2dVertex
 10
2239.039550753075
 20
1793.790098295503
 30
0.0
 70
0
  0
VERTEX
  5
A40
330
A3A
100
AcDbEntity
  8
0
370
0
100
AcDbVertex
100
AcDb2dVertex
 10
2236.745971753074
 20
1794.731275295503
 30
0.0
 70
0
  0
VERTEX
  5
A41
330
A3A
100
AcDbEntity
  8
0
370
0
100
AcDbVertex
100
AcDb2dVertex
 10
2235.419127753074
 20
1795.246366295504
 30
0.0
 70
0
  0
VERTEX
  5
A42
330
A3A
100
AcDbEntity
  8
0
370
0
100
AcDbVertex
100
AcDb2dVertex
 10
2234.078429753075
 20
1795.725294295503
 30
0.0
 70
0
  0
VERTEX
  5
A43
330
A3A
100
AcDbEntity
  8
0
370
0
100
AcDbVertex
100
AcDb2dVertex
 10
2232.987487753074
 20
1796.076703295504
 30
0.0
 70
0
  0
VERTEX
  5
A44
330
A3A
100
AcDbEntity
  8
0
370
0
100
AcDbVertex
100
AcDb2dVertex
 10
2231.882201753074
 20
1796.392713295503
 30
0.0
 70
0
  0
VERTEX
  5
A45
330
A3A
100
AcDbEntity
  8
0
370
0
100
AcDbVertex
100
AcDb2dVertex
 10
2230.108642753074
 20
1796.806257295504
 30
0.0
 70
0
  0
VERTEX
  5
A46
330
A3A
100
AcDbEntity
  8
0
370
0
100
AcDbVertex
100
AcDb2dVertex
 10
2228.300597753074
 20
1797.098050295504
 30
0.0
 70
0
  0
VERTEX
  5
A47
330
A3A
100
AcDbEntity
  8
0
370
0
100
AcDbVertex
100
AcDb2dVertex
 10
2227.317687753075
 20
1797.197629295503
 30
0.0
 70
0
  0
SEQEND
  5
A48
330
1F
100
AcDbEntity
  8
0
370
0
  0
LINE
  5
A49
330
1F
100
AcDbEntity
  8
0
 62
7
370
35
 48
0.020178
100
AcDbLine
 10
2247.153686753074
 20
1791.829923295503
 30
0.0
 11
2246.877623753074
 21
1791.071485295503
 31
0.0
  0
LINE
  5
A4A
330
1F
100
AcDbEntity
  8
0
 62
7
370
35
 48
0.063442
100
AcDbLine
 10
2244.769042753074
 20
1792.697873295503
 30
0.0
 11
2247.153686753074
 21
1791.829923295503
 31
0.0
  0
LINE
  5
A4B
330
1F
100
AcDbEntity
  8
0
 62
7
370
35
 48
0.025
100
AcDbLine
 10
2245.111022753075
 20
1793.637571295503
 30
0.0
 11
2244.769042753074
 21
1792.697873295503
 31
0.0
  0
LINE
  5
A4C
330
1F
100
AcDbEntity
  8
0
 62
7
370
35
 48
0.063442
100
AcDbLine
 10
2245.111022753075
 20
1793.637571295503
 30
0.0
 11
2247.495665753074
 21
1792.769620295503
 31
0.0
  0
LINE
  5
A4D
330
1F
100
AcDbEntity
  8
0
 62
7
370
35
 48
0.014669
100
AcDbLine
 10
2247.696349753074
 20
1793.320997295503
 30
0.0
 11
2247.495665753074
 21
1792.769620295503
 31
0.0
  0
POLYLINE
  5
A4E
330
1F
100
AcDbEntity
  8
0
 62
7
370
35
100
AcDb2dPolyline
 66
1
 10
0.0
 20
0.0
 30
0.0
 70
0
  0
VERTEX
  5
A4F
330
A4E
100
AcDbEntity
  8
0
370
0
100
AcDbVertex
100
AcDb2dVertex
 10
2247.696349753074
 20
1793.320997295503
 30
0.0
 70
0
  0
VERTEX
  5
A50
330
A4E
100
AcDbEntity
  8
0
370
0
100
AcDbVertex
100
AcDb2dVertex
 10
2244.594420753074
 20
1794.688932295503
 30
0.0
 70
0
  0
VERTEX
  5
A51
330
A4E
100
AcDbEntity
  8
0
370
0
100
AcDbVertex
100
AcDb2dVertex
 10
2243.055480753074
 20
1795.409803295503
 30
0.0
 70
0
  0
SEQEND
  5
A52
330
1F
100
AcDbEntity
  8
0
370
0
  0
LINE
  5
A53
330
1F
100
AcDbEntity
  8
0
 62
7
370
35
 48
0.036558
100
AcDbLine
 10
2243.055480753074
 20
1795.409803295503
 30
0.0
 11
2242.555358753074
 21
1794.035657295503
 31
0.0
  0
LINE
  5
A54
330
1F
100
AcDbEntity
  8
0
 62
7
370
35
 48
0.025
100
AcDbLine
 10
2242.555358753074
 20
1794.035657295503
 30
0.0
 11
2241.615661753074
 21
1794.377683295504
 31
0.0
  0
LINE
  5
A55
330
1F
100
AcDbEntity
  8
0
 62
7
370
35
 48
0.039317
100
AcDbLine
 10
2242.153563753074
 20
1795.855497295503
 30
0.0
 11
2241.615661753074
 21
1794.377683295504
 31
0.0
  0
POLYLINE
  5
A56
330
1F
100
AcDbEntity
  8
0
 62
7
370
35
100
AcDb2dPolyline
 66
1
 10
0.0
 20
0.0
 30
0.0
 70
0
  0
VERTEX
  5
A57
330
A56
100
AcDbEntity
  8
0
370
0
100
AcDbVertex
100
AcDb2dVertex
 10
2242.153563753074
 20
1795.855497295503
 30
0.0
 70
0
  0
VERTEX
  5
A58
330
A56
100
AcDbEntity
  8
0
370
0
100
AcDbVertex
100
AcDb2dVertex
 10
2239.687011753074
 20
1797.183744295503
 30
0.0
 70
0
  0
VERTEX
  5
A59
330
A56
100
AcDbEntity
  8
0
370
0
100
AcDbVertex
100
AcDb2dVertex
 10
2238.609191753075
 20
1797.803068295503
 30
0.0
 70
0
  0
VERTEX
  5
A5A
330
A56
100
AcDbEntity
  8
0
370
0
100
AcDbVertex
100
AcDb2dVertex
 10
2236.442992753074
 20
1799.045637295504
 30
0.0
 70
0
  0
VERTEX
  5
A5B
330
A56
100
AcDbEntity
  8
0
370
0
100
AcDbVertex
100
AcDb2dVertex
 10
2235.343383753074
 20
1799.640653295503
 30
0.0
 70
0
  0
VERTEX
  5
A5C
330
A56
100
AcDbEntity
  8
0
370
0
100
AcDbVertex
100
AcDb2dVertex
 10
2233.773314753074
 20
1800.409192295504
 30
0.0
 70
0
  0
VERTEX
  5
A5D
330
A56
100
AcDbEntity
  8
0
370
0
100
AcDbVertex
100
AcDb2dVertex
 10
2232.411437753075
 20
1800.976117295504
 30
0.0
 70
0
  0
VERTEX
  5
A5E
330
A56
100
AcDbEntity
  8
0
370
0
100
AcDbVertex
100
AcDb2dVertex
 10
2231.570861753075
 20
1801.272886295503
 30
0.0
 70
0
  0
VERTEX
  5
A5F
330
A56
100
AcDbEntity
  8
0
370
0
100
AcDbVertex
100
AcDb2dVertex
 10
2230.719481753075
 20
1801.529752295504
 30
0.0
 70
0
  0
VERTEX
  5
A60
330
A56
100
AcDbEntity
  8
0
370
0
100
AcDbVertex
100
AcDb2dVertex
 10
2229.858153753074
 20
1801.744306295503
 30
0.0
 70
0
  0
VERTEX
  5
A61
330
A56
100
AcDbEntity
  8
0
370
0
100
AcDbVertex
100
AcDb2dVertex
 10
2228.988463753074
 20
1801.915998295503
 30
0.0
 70
0
  0
VERTEX
  5
A62
330
A56
100
AcDbEntity
  8
0
370
0
100
AcDbVertex
100
AcDb2dVertex
 10
2227.745665753074
 20
1802.089658295503
 30
0.0
 70
0
  0
SEQEND
  5
A63
330
1F
100
AcDbEntity
  8
0
370
0
  0
LINE
  5
A64
330
1F
100
AcDbEntity
  8
0
 62
7
370
35
 48
0.061863
100
AcDbLine
 10
2227.530028753074
 20
1799.624555295503
 30
0.0
 11
2227.745665753074
 21
1802.089658295503
 31
0.0
  0
LINE
  5
A65
330
1F
100
AcDbEntity
  8
0
 62
7
370
35
 48
0.025001
100
AcDbLine
 10
2227.530028753074
 20
1799.624555295503
 30
0.0
 11
2226.533812753075
 21
1799.711713295504
 31
0.0
  0
LINE
  5
A66
330
1F
100
AcDbEntity
  8
0
 62
7
370
35
 48
0.061905
100
AcDbLine
 10
2226.533812753075
 20
1799.711713295504
 30
0.0
 11
2226.749633753074
 21
1802.178510295503
 31
0.0
  0
POLYLINE
  5
A67
330
1F
100
AcDbEntity
  8
0
 62
7
370
35
100
AcDb2dPolyline
 66
1
 10
0.0
 20
0.0
 30
0.0
 70
0
  0
VERTEX
  5
A68
330
A67
100
AcDbEntity
  8
0
370
0
100
AcDbVertex
100
AcDb2dVertex
 10
2226.749633753074
 20
1802.178510295503
 30
0.0
 70
0
  0
VERTEX
  5
A69
330
A67
100
AcDbEntity
  8
0
370
0
100
AcDbVertex
100
AcDb2dVertex
 10
2225.991759753075
 20
1802.221692295503
 30
0.0
 70
0
  0
VERTEX
  5
A6A
330
A67
100
AcDbEntity
  8
0
370
0
100
AcDbVertex
100
AcDb2dVertex
 10
2224.037414753075
 20
1802.246610295503
 30
0.0
 70
0
  0
VERTEX
  5
A6B
330
A67
100
AcDbEntity
  8
0
370
0
100
AcDbVertex
100
AcDb2dVertex
 10
2222.082030753075
 20
1802.161863295503
 30
0.0
 70
0
  0
VERTEX
  5
A6C
330
A67
100
AcDbEntity
  8
0
370
0
100
AcDbVertex
100
AcDb2dVertex
 10
2220.674437753075
 20
1802.041440295503
 30
0.0
 70
0
  0
VERTEX
  5
A6D
330
A67
100
AcDbEntity
  8
0
370
0
100
AcDbVertex
100
AcDb2dVertex
 10
2219.120910753074
 20
1801.856885295504
 30
0.0
 70
0
  0
VERTEX
  5
A6E
330
A67
100
AcDbEntity
  8
0
370
0
100
AcDbVertex
100
AcDb2dVertex
 10
2217.572081753074
 20
1801.623563295503
 30
0.0
 70
0
  0
VERTEX
  5
A6F
330
A67
100
AcDbEntity
  8
0
370
0
100
AcDbVertex
100
AcDb2dVertex
 10
2215.877501753074
 20
1801.318250295503
 30
0.0
 70
0
  0
VERTEX
  5
A70
330
A67
100
AcDbEntity
  8
0
370
0
100
AcDbVertex
100
AcDb2dVertex
 10
2214.190795753074
 20
1800.972211295503
 30
0.0
 70
0
  0
VERTEX
  5
A71
330
A67
100
AcDbEntity
  8
0
370
0
100
AcDbVertex
100
AcDb2dVertex
 10
2212.030089753074
 20
1800.491376295503
 30
0.0
 70
0
  0
SEQEND
  5
A72
330
1F
100
AcDbEntity
  8
0
370
0
  0
LINE
  5
A73
330
1F
100
AcDbEntity
  8
0
 62
7
370
35
 48
0.084981
100
AcDbLine
 10
2212.620360753074
 20
1797.143781295503
 30
0.0
 11
2212.030089753074
 21
1800.491376295503
 31
0.0
  0
LINE
  5
A74
330
1F
100
AcDbEntity
  8
0
 62
7
370
35
 48
0.025
100
AcDbLine
 10
2212.620360753074
 20
1797.143781295503
 30
0.0
 11
2211.635558753075
 21
1796.970136295503
 31
0.0
  0
LINE
  5
A75
330
1F
100
AcDbEntity
  8
0
 62
7
370
35
 48
0.0838
100
AcDbLine
 10
2211.635558753075
 20
1796.970136295503
 30
0.0
 11
2211.053527753074
 21
1800.271207295503
 31
0.0
  0
POLYLINE
  5
A76
330
1F
100
AcDbEntity
  8
0
 62
7
370
35
100
AcDb2dPolyline
 66
1
 10
0.0
 20
0.0
 30
0.0
 70
0
  0
VERTEX
  5
A77
330
A76
100
AcDbEntity
  8
0
370
0
100
AcDbVertex
100
AcDb2dVertex
 10
2211.053527753074
 20
1800.271207295503
 30
0.0
 70
0
  0
VERTEX
  5
A78
330
A76
100
AcDbEntity
  8
0
370
0
100
AcDbVertex
100
AcDb2dVertex
 10
2209.106688753074
 20
1799.853513295503
 30
0.0
 70
0
  0
VERTEX
  5
A79
330
A76
100
AcDbEntity
  8
0
370
0
100
AcDbVertex
100
AcDb2dVertex
 10
2207.349791753074
 20
1799.522550295504
 30
0.0
 70
0
  0
VERTEX
  5
A7A
330
A76
100
AcDbEntity
  8
0
370
0
100
AcDbVertex
100
AcDb2dVertex
 10
2205.592467753074
 20
1799.248350295503
 30
0.0
 70
0
  0
SEQEND
  5
A7B
330
1F
100
AcDbEntity
  8
0
370
0
  0
ARC
  5
A7C
330
1F
100
AcDbEntity
  8
0
 62
7
370
35
100
AcDbCircle
 10
2180.695248814664
 20
1740.61009839919
 30
0.0
 40
7.277292
100
AcDbArc
 50
277.8982170000055
 51
313.8010989999961
  0
LINE
  5
A7D
330
1F
100
AcDbEntity
  8
0
 62
7
370
35
 48
0.041962
100
AcDbLine
 10
2184.053829814664
 20
1735.35773339919
 30
0.0
 11
2185.732296814663
 21
1735.35773339919
 31
0.0
  0
LINE
  5
A7E
330
1F
100
AcDbEntity
  8
0
 62
7
370
35
 48
0.025
100
AcDbLine
 10
2184.053829814664
 20
1736.35773339919
 30
0.0
 11
2184.053829814664
 21
1735.35773339919
 31
0.0
  0
LINE
  5
A7F
330
1F
100
AcDbEntity
  8
0
 62
7
370
35
 48
0.063676
100
AcDbLine
 10
2184.053829814664
 20
1736.35773339919
 30
0.0
 11
2186.600887814664
 21
1736.35773339919
 31
0.0
  0
ARC
  5
A80
330
1F
100
AcDbEntity
  8
0
 62
7
370
35
100
AcDbCircle
 10
2180.695248814664
 20
1740.61009839919
 30
0.0
 40
7.277292
100
AcDbArc
 50
324.24410300001
 51
30.99590000000563
  0
LINE
  5
A81
330
1F
100
AcDbEntity
  8
0
 62
7
370
35
 48
0.071988
100
AcDbLine
 10
2184.053829814664
 20
1744.35773339919
 30
0.0
 11
2186.933346814663
 21
1744.35773339919
 31
0.0
  0
LINE
  5
A82
330
1F
100
AcDbEntity
  8
0
 62
7
370
35
 48
0.025
100
AcDbLine
 10
2184.053829814664
 20
1745.35773339919
 30
0.0
 11
2184.053829814664
 21
1744.35773339919
 31
0.0
  0
LINE
  5
A83
330
1F
100
AcDbEntity
  8
0
 62
7
370
35
 48
0.053918
100
AcDbLine
 10
2184.053829814664
 20
1745.35773339919
 30
0.0
 11
2186.210567814663
 21
1745.35773339919
 31
0.0
  0
ARC
  5
A84
330
1F
100
AcDbEntity
  8
0
 62
7
370
35
100
AcDbCircle
 10
2180.695248814664
 20
1740.61009839919
 30
0.0
 40
7.277292
100
AcDbArc
 50
40.72207600000942
 51
139.2779249999971
  0
LINE
  5
A85
330
1F
100
AcDbEntity
  8
0
 62
7
370
35
 48
0.053918
100
AcDbLine
 10
2177.336666814663
 20
1745.35773339919
 30
0.0
 11
2175.179928814664
 21
1745.35773339919
 31
0.0
  0
LINE
  5
A86
330
1F
100
AcDbEntity
  8
0
 62
7
370
35
 48
0.025
100
AcDbLine
 10
2177.336666814663
 20
1745.35773339919
 30
0.0
 11
2177.336666814663
 21
1744.35773339919
 31
0.0
  0
LINE
  5
A87
330
1F
100
AcDbEntity
  8
0
 62
7
370
35
 48
0.071988
100
AcDbLine
 10
2177.336666814663
 20
1744.35773339919
 30
0.0
 11
2174.457149814664
 21
1744.35773339919
 31
0.0
  0
ARC
  5
A88
330
1F
100
AcDbEntity
  8
0
 62
7
370
35
100
AcDbCircle
 10
2180.695248814664
 20
1740.61009839919
 30
0.0
 40
7.277292
100
AcDbArc
 50
149.0041009999937
 51
215.755899000004
  0
LINE
  5
A89
330
1F
100
AcDbEntity
  8
0
 62
7
370
35
 48
0.063676
100
AcDbLine
 10
2177.336666814663
 20
1736.35773339919
 30
0.0
 11
2174.789608814663
 21
1736.35773339919
 31
0.0
  0
LINE
  5
A8A
330
1F
100
AcDbEntity
  8
0
 62
7
370
35
 48
0.025
100
AcDbLine
 10
2177.336666814663
 20
1736.35773339919
 30
0.0
 11
2177.336666814663
 21
1735.35773339919
 31
0.0
  0
LINE
  5
A8B
330
1F
100
AcDbEntity
  8
0
 62
7
370
35
 48
0.041962
100
AcDbLine
 10
2177.336666814663
 20
1735.35773339919
 30
0.0
 11
2175.658199814664
 21
1735.35773339919
 31
0.0
  0
ARC
  5
A8C
330
1F
100
AcDbEntity
  8
0
 62
7
370
35
100
AcDbCircle
 10
2180.695248814664
 20
1740.61009839919
 30
0.0
 40
7.277292
100
AcDbArc
 50
226.1989029999992
 51
262.1017849999885
  0
LINE
  5
A8D
330
1F
100
AcDbEntity
  8
0
 62
7
370
35
 48
0.180206
100
AcDbLine
 10
2179.695248814664
 20
1740.61009839919
 30
0.0
 11
2179.695248814664
 21
1733.40184639919
 31
0.0
  0
LINE
  5
A8E
330
1F
100
AcDbEntity
  8
0
 62
7
370
35
 48
0.05
100
AcDbLine
 10
2181.695248814664
 20
1740.61009839919
 30
0.0
 11
2179.695248814664
 21
1740.61009839919
 31
0.0
  0
LINE
  5
A8F
330
1F
100
AcDbEntity
  8
0
 62
7
370
35
 48
0.180206
100
AcDbLine
 10
2181.695248814664
 20
1740.61009839919
 30
0.0
 11
2181.695248814664
 21
1733.40184639919
 31
0.0
  0
POLYLINE
  5
AB3
330
1F
100
AcDbEntity
  8
0
 62
7
370
35
100
AcDb2dPolyline
 66
1
 10
0.0
 20
0.0
 30
0.0
 70
0
  0
VERTEX
  5
AB4
330
AB3
100
AcDbEntity
  8
0
370
0
100
AcDbVertex
100
AcDb2dVertex
 10
2248.477423834989
 20
1772.802961129709
 30
0.0
 70
0
  0
VERTEX
  5
AB5
330
AB3
100
AcDbEntity
  8
0
370
0
100
AcDbVertex
100
AcDb2dVertex
 10
2249.44666183499
 20
1772.486478129708
 30
0.0
 70
0
  0
VERTEX
  5
AB6
330
AB3
100
AcDbEntity
  8
0
370
0
100
AcDbVertex
100
AcDb2dVertex
 10
2250.171881834989
 20
1772.306135129708
 30
0.0
 70
0
  0
VERTEX
  5
AB7
330
AB3
100
AcDbEntity
  8
0
370
0
100
AcDbVertex
100
AcDb2dVertex
 10
2250.92719183499
 20
1772.161344129709
 30
0.0
 70
0
  0
VERTEX
  5
AB8
330
AB3
100
AcDbEntity
  8
0
370
0
100
AcDbVertex
100
AcDb2dVertex
 10
2251.70191083499
 20
1772.051282129709
 30
0.0
 70
0
  0
VERTEX
  5
AB9
330
AB3
100
AcDbEntity
  8
0
370
0
100
AcDbVertex
100
AcDb2dVertex
 10
2253.302496834989
 20
1771.919721129708
 30
0.0
 70
0
  0
VERTEX
  5
ABA
330
AB3
100
AcDbEntity
  8
0
370
0
100
AcDbVertex
100
AcDb2dVertex
 10
2254.34204783499
 20
1771.885007129708
 30
0.0
 70
0
  0
VERTEX
  5
ABB
330
AB3
100
AcDbEntity
  8
0
370
0
100
AcDbVertex
100
AcDb2dVertex
 10
2256.474554834989
 20
1771.889173129707
 30
0.0
 70
0
  0
SEQEND
  5
ABC
330
1F
100
AcDbEntity
  8
0
370
0
  0
LINE
  5
ABD
330
1F
100
AcDbEntity
  8
0
 62
7
370
35
 48
0.138966
100
AcDbLine
 10
2248.477423834989
 20
1772.802961129709
 30
0.0
 11
2248.477423834989
 21
1778.361616129708
 31
0.0
  0
LINE
  5
ABE
330
1F
100
AcDbEntity
  8
0
 62
7
370
35
 48
0.324052
100
AcDbLine
 10
2248.477423834989
 20
1778.361616129708
 30
0.0
 11
2261.43952083499
 21
1778.361616129708
 31
0.0
  0
LINE
  5
ABF
330
1F
100
AcDbEntity
  8
0
 62
7
370
35
 48
0.152547
100
AcDbLine
 10
2261.43952083499
 20
1778.361616129708
 30
0.0
 11
2261.43952083499
 21
1772.259733129708
 31
0.0
  0
LINE
  5
AC0
330
1F
100
AcDbEntity
  8
0
 62
7
370
35
 48
0.058965
100
AcDbLine
 10
2261.43952083499
 20
1772.259733129708
 30
0.0
 11
2259.080939834989
 21
1772.259733129708
 31
0.0
  0
LINE
  5
AC1
330
1F
100
AcDbEntity
  8
0
 62
7
370
35
 48
0.025
100
AcDbLine
 10
2259.080939834989
 20
1771.259733129708
 30
0.0
 11
2259.080939834989
 21
1772.259733129708
 31
0.0
  0
LINE
  5
AC2
330
1F
100
AcDbEntity
  8
0
 62
7
370
35
 48
0.058965
100
AcDbLine
 10
2261.43952083499
 20
1771.259733129708
 30
0.0
 11
2259.080939834989
 21
1771.259733129708
 31
0.0
  0
LINE
  5
AC3
330
1F
100
AcDbEntity
  8
0
 62
7
370
35
 48
0.08623
100
AcDbLine
 10
2261.43952083499
 20
1771.259733129708
 30
0.0
 11
2261.43952083499
 21
1767.810529129709
 31
0.0
  0
LINE
  5
AC4
330
1F
100
AcDbEntity
  8
0
 62
7
370
35
 48
0.049579
100
AcDbLine
 10
2261.43952083499
 20
1767.810529129709
 30
0.0
 11
2259.456366834989
 21
1767.810529129709
 31
0.0
  0
LINE
  5
AC5
330
1F
100
AcDbEntity
  8
0
 62
7
370
35
 48
0.025
100
AcDbLine
 10
2259.456366834989
 20
1766.810529129709
 30
0.0
 11
2259.456366834989
 21
1767.810529129709
 31
0.0
  0
LINE
  5
AC6
330
1F
100
AcDbEntity
  8
0
 62
7
370
35
 48
0.049579
100
AcDbLine
 10
2261.43952083499
 20
1766.810529129709
 30
0.0
 11
2259.456366834989
 21
1766.810529129709
 31
0.0
  0
LINE
  5
AC7
330
1F
100
AcDbEntity
  8
0
 62
7
370
35
 48
0.073843
100
AcDbLine
 10
2261.43952083499
 20
1766.810529129709
 30
0.0
 11
2261.43952083499
 21
1763.856794129709
 31
0.0
  0
LINE
  5
AC8
330
1F
100
AcDbEntity
  8
0
 62
7
370
35
 48
0.061044
100
AcDbLine
 10
2261.43952083499
 20
1763.856794129709
 30
0.0
 11
2258.997748834989
 21
1763.856794129709
 31
0.0
  0
LINE
  5
AC9
330
1F
100
AcDbEntity
  8
0
 62
7
370
35
 48
0.025
100
AcDbLine
 10
2258.997748834989
 20
1763.856794129709
 30
0.0
 11
2258.997748834989
 21
1762.856794129709
 31
0.0
  0
LINE
  5
ACA
330
1F
100
AcDbEntity
  8
0
 62
7
370
35
 48
0.061044
100
AcDbLine
 10
2261.43952083499
 20
1762.856794129709
 30
0.0
 11
2258.997748834989
 21
1762.856794129709
 31
0.0
  0
LINE
  5
ACB
330
1F
100
AcDbEntity
  8
0
 62
7
370
35
 48
0.089348
100
AcDbLine
 10
2261.43952083499
 20
1762.856794129709
 30
0.0
 11
2261.43952083499
 21
1759.282880129708
 31
0.0
  0
LINE
  5
ACC
330
1F
100
AcDbEntity
  8
0
 62
7
370
35
 48
0.060738
100
AcDbLine
 10
2261.43952083499
 20
1759.282880129708
 30
0.0
 11
2259.010016834989
 21
1759.282880129708
 31
0.0
  0
LINE
  5
ACD
330
1F
100
AcDbEntity
  8
0
 62
7
370
35
 48
0.025
100
AcDbLine
 10
2259.010016834989
 20
1758.282880129708
 30
0.0
 11
2259.010016834989
 21
1759.282880129708
 31
0.0
  0
LINE
  5
ACE
330
1F
100
AcDbEntity
  8
0
 62
7
370
35
 48
0.060738
100
AcDbLine
 10
2261.43952083499
 20
1758.282880129708
 30
0.0
 11
2259.010016834989
 21
1758.282880129708
 31
0.0
  0
LINE
  5
ACF
330
1F
100
AcDbEntity
  8
0
 62
7
370
35
 48
0.079658
100
AcDbLine
 10
2261.43952083499
 20
1758.282880129708
 30
0.0
 11
2261.43952083499
 21
1755.096570129708
 31
0.0
  0
LINE
  5
AD0
330
1F
100
AcDbEntity
  8
0
 62
7
370
35
 48
0.035756
100
AcDbLine
 10
2261.43952083499
 20
1755.096570129708
 30
0.0
 11
2260.009283834989
 21
1755.096570129708
 31
0.0
  0
LINE
  5
AD1
330
1F
100
AcDbEntity
  8
0
 62
7
370
35
 48
0.025
100
AcDbLine
 10
2260.009283834989
 20
1754.096570129708
 30
0.0
 11
2260.009283834989
 21
1755.096570129708
 31
0.0
  0
LINE
  5
AD2
330
1F
100
AcDbEntity
  8
0
 62
7
370
35
 48
0.035756
100
AcDbLine
 10
2261.43952083499
 20
1754.096570129708
 30
0.0
 11
2260.009283834989
 21
1754.096570129708
 31
0.0
  0
LINE
  5
AD3
330
1F
100
AcDbEntity
  8
0
 62
7
370
35
 48
0.017638
100
AcDbLine
 10
2261.43952083499
 20
1754.096570129708
 30
0.0
 11
2261.43952083499
 21
1753.391035129709
 31
0.0
  0
LINE
  5
AD4
330
1F
100
AcDbEntity
  8
0
 62
7
370
35
 48
0.02178
100
AcDbLine
 10
2261.43952083499
 20
1753.391035129709
 30
0.0
 11
2260.568304834989
 21
1753.391035129709
 31
0.0
  0
LINE
  5
AD5
330
1F
100
AcDbEntity
  8
0
 62
7
370
35
 48
0.025
100
AcDbLine
 10
2260.568304834989
 20
1752.391035129708
 30
0.0
 11
2260.568304834989
 21
1753.391035129709
 31
0.0
  0
LINE
  5
AD6
330
1F
100
AcDbEntity
  8
0
 62
7
370
35
 48
0.02178
100
AcDbLine
 10
2261.43952083499
 20
1752.391035129708
 30
0.0
 11
2260.568304834989
 21
1752.391035129708
 31
0.0
  0
LINE
  5
AD7
330
1F
100
AcDbEntity
  8
0
 62
7
370
35
 48
0.087161
100
AcDbLine
 10
2261.43952083499
 20
1752.391035129708
 30
0.0
 11
2261.43952083499
 21
1748.904600129708
 31
0.0
  0
POLYLINE
  5
AD8
330
1F
100
AcDbEntity
  8
0
 62
7
370
35
100
AcDb2dPolyline
 66
1
 10
0.0
 20
0.0
 30
0.0
 70
0
  0
VERTEX
  5
AD9
330
AD8
100
AcDbEntity
  8
0
370
0
100
AcDbVertex
100
AcDb2dVertex
 10
2261.43952083499
 20
1748.904600129708
 30
0.0
 70
0
  0
VERTEX
  5
ADA
330
AD8
100
AcDbEntity
  8
0
370
0
100
AcDbVertex
100
AcDb2dVertex
 10
2260.46173783499
 20
1750.888837129708
 30
0.0
 70
0
  0
VERTEX
  5
ADB
330
AD8
100
AcDbEntity
  8
0
370
0
100
AcDbVertex
100
AcDb2dVertex
 10
2259.648382834989
 20
1752.487653129708
 30
0.0
 70
0
  0
VERTEX
  5
ADC
330
AD8
100
AcDbEntity
  8
0
370
0
100
AcDbVertex
100
AcDb2dVertex
 10
2258.97931583499
 20
1753.568799129709
 30
0.0
 70
0
  0
VERTEX
  5
ADD
330
AD8
100
AcDbEntity
  8
0
370
0
100
AcDbVertex
100
AcDb2dVertex
 10
2258.15637883499
 20
1754.850385129708
 30
0.0
 70
0
  0
SEQEND
  5
ADE
330
1F
100
AcDbEntity
  8
0
370
0
  0
POLYLINE
  5
ADF
330
1F
100
AcDbEntity
  8
0
 62
7
370
35
100
AcDb2dPolyline
 66
1
 10
0.0
 20
0.0
 30
0.0
 70
0
  0
VERTEX
  5
AE0
330
ADF
100
AcDbEntity
  8
0
370
0
100
AcDbVertex
100
AcDb2dVertex
 10
2256.473700834989
 20
1762.203107129709
 30
0.0
 70
0
  0
VERTEX
  5
AE1
330
ADF
100
AcDbEntity
  8
0
370
0
100
AcDbVertex
100
AcDb2dVertex
 10
2256.447455834989
 20
1760.788038129708
 30
0.0
 70
0
  0
VERTEX
  5
AE2
330
ADF
100
AcDbEntity
  8
0
370
0
100
AcDbVertex
100
AcDb2dVertex
 10
2256.445379834989
 20
1760.079465129708
 30
0.0
 70
0
  0
VERTEX
  5
AE3
330
ADF
100
AcDbEntity
  8
0
370
0
100
AcDbVertex
100
AcDb2dVertex
 10
2256.484991834989
 20
1759.057996129708
 30
0.0
 70
0
  0
VERTEX
  5
AE4
330
ADF
100
AcDbEntity
  8
0
370
0
100
AcDbVertex
100
AcDb2dVertex
 10
2256.520575834989
 20
1758.679883129708
 30
0.0
 70
0
  0
VERTEX
  5
AE5
330
ADF
100
AcDbEntity
  8
0
370
0
100
AcDbVertex
100
AcDb2dVertex
 10
2256.620001834989
 20
1758.099531129708
 30
0.0
 70
0
  0
VERTEX
  5
AE6
330
ADF
100
AcDbEntity
  8
0
370
0
100
AcDbVertex
100
AcDb2dVertex
 10
2256.79303683499
 20
1757.541456129708
 30
0.0
 70
0
  0
VERTEX
  5
AE7
330
ADF
100
AcDbEntity
  8
0
370
0
100
AcDbVertex
100
AcDb2dVertex
 10
2257.00440083499
 20
1757.053983129708
 30
0.0
 70
0
  0
VERTEX
  5
AE8
330
ADF
100
AcDbEntity
  8
0
370
0
100
AcDbVertex
100
AcDb2dVertex
 10
2257.50141083499
 20
1756.115293129708
 30
0.0
 70
0
  0
VERTEX
  5
AE9
330
ADF
100
AcDbEntity
  8
0
370
0
100
AcDbVertex
100
AcDb2dVertex
 10
2258.15637883499
 20
1754.850385129708
 30
0.0
 70
0
  0
SEQEND
  5
AEA
330
1F
100
AcDbEntity
  8
0
370
0
  0
POLYLINE
  5
AEB
330
1F
100
AcDbEntity
  8
0
 62
7
370
35
100
AcDb2dPolyline
 66
1
 10
0.0
 20
0.0
 30
0.0
 70
0
  0
VERTEX
  5
AEC
330
AEB
100
AcDbEntity
  8
0
370
0
100
AcDbVertex
100
AcDb2dVertex
 10
2256.47461583499
 20
1771.889173129707
 30
0.0
 70
0
  0
VERTEX
  5
AED
330
AEB
100
AcDbEntity
  8
0
370
0
100
AcDbVertex
100
AcDb2dVertex
 10
2256.816168834989
 20
1770.978849129708
 30
0.0
 70
0
  0
VERTEX
  5
AEE
330
AEB
100
AcDbEntity
  8
0
370
0
100
AcDbVertex
100
AcDb2dVertex
 10
2257.12280983499
 20
1769.892957129708
 30
0.0
 70
0
  0
VERTEX
  5
AEF
330
AEB
100
AcDbEntity
  8
0
370
0
100
AcDbVertex
100
AcDb2dVertex
 10
2257.38123283499
 20
1768.829084129708
 30
0.0
 70
0
  0
VERTEX
  5
AF0
330
AEB
100
AcDbEntity
  8
0
370
0
100
AcDbVertex
100
AcDb2dVertex
 10
2257.46594883499
 20
1768.396909129708
 30
0.0
 70
0
  0
VERTEX
  5
AF1
330
AEB
100
AcDbEntity
  8
0
370
0
100
AcDbVertex
100
AcDb2dVertex
 10
2257.52435983499
 20
1767.968503129709
 30
0.0
 70
0
  0
VERTEX
  5
AF2
330
AEB
100
AcDbEntity
  8
0
370
0
100
AcDbVertex
100
AcDb2dVertex
 10
2257.54566083499
 20
1767.517057129708
 30
0.0
 70
0
  0
VERTEX
  5
AF3
330
AEB
100
AcDbEntity
  8
0
370
0
100
AcDbVertex
100
AcDb2dVertex
 10
2257.517950834989
 20
1767.080945129708
 30
0.0
 70
0
  0
VERTEX
  5
AF4
330
AEB
100
AcDbEntity
  8
0
370
0
100
AcDbVertex
100
AcDb2dVertex
 10
2257.46106583499
 20
1766.753660129708
 30
0.0
 70
0
  0
VERTEX
  5
AF5
330
AEB
100
AcDbEntity
  8
0
370
0
100
AcDbVertex
100
AcDb2dVertex
 10
2257.26557083499
 20
1766.107831129709
 30
0.0
 70
0
  0
VERTEX
  5
AF6
330
AEB
100
AcDbEntity
  8
0
370
0
100
AcDbVertex
100
AcDb2dVertex
 10
2256.882513834989
 20
1765.130292129708
 30
0.0
 70
0
  0
VERTEX
  5
AF7
330
AEB
100
AcDbEntity
  8
0
370
0
100
AcDbVertex
100
AcDb2dVertex
 10
2256.652716834989
 20
1764.392133129709
 30
0.0
 70
0
  0
VERTEX
  5
AF8
330
AEB
100
AcDbEntity
  8
0
370
0
100
AcDbVertex
100
AcDb2dVertex
 10
2256.52832683499
 20
1763.579343129709
 30
0.0
 70
0
  0
VERTEX
  5
AF9
330
AEB
100
AcDbEntity
  8
0
370
0
100
AcDbVertex
100
AcDb2dVertex
 10
2256.502508834989
 20
1763.141141129709
 30
0.0
 70
0
  0
VERTEX
  5
AFA
330
AEB
100
AcDbEntity
  8
0
370
0
100
AcDbVertex
100
AcDb2dVertex
 10
2256.473700834989
 20
1762.203107129709
 30
0.0
 70
0
  0
SEQEND
  5
AFB
330
1F
100
AcDbEntity
  8
0
370
0
  0
LINE
  5
AFC
330
1F
100
AcDbEntity
  8
0
 62
7
370
35
 48
0.024869
100
AcDbLine
 10
2278.978666221517
 20
1783.342245087418
 30
0.0
 11
2277.983915221517
 21
1783.342245087418
 31
0.0
  0
LINE
  5
AFD
330
1F
100
AcDbEntity
  8
0
 62
7
370
35
 48
0.185517
100
AcDbLine
 10
2278.978666221517
 20
1775.921560087418
 30
0.0
 11
2278.978666221517
 21
1783.342245087418
 31
0.0
  0
LINE
  5
AFE
330
1F
100
AcDbEntity
  8
0
 62
7
370
35
 48
0.102184
100
AcDbLine
 10
2274.891325221517
 20
1775.921560087418
 30
0.0
 11
2278.978666221517
 21
1775.921560087418
 31
0.0
  0
LINE
  5
AFF
330
1F
100
AcDbEntity
  8
0
 62
7
370
35
 48
0.025
100
AcDbLine
 10
2274.891325221517
 20
1774.921560087418
 30
0.0
 11
2274.891325221517
 21
1775.921560087418
 31
0.0
  0
LINE
  5
B00
330
1F
100
AcDbEntity
  8
0
 62
7
370
35
 48
0.102184
100
AcDbLine
 10
2274.891325221517
 20
1774.921560087418
 30
0.0
 11
2278.978666221517
 21
1774.921560087418
 31
0.0
  0
LINE
  5
B01
330
1F
100
AcDbEntity
  8
0
 62
7
370
35
 48
0.306416
100
AcDbLine
 10
2278.978666221517
 20
1762.664938087417
 30
0.0
 11
2278.978666221517
 21
1774.921560087418
 31
0.0
  0
LINE
  5
B02
330
1F
100
AcDbEntity
  8
0
 62
7
370
35
 48
0.118036
100
AcDbLine
 10
2274.257230221516
 20
1762.664938087417
 30
0.0
 11
2278.978666221517
 21
1762.664938087417
 31
0.0
  0
LINE
  5
B03
330
1F
100
AcDbEntity
  8
0
 62
7
370
35
 48
0.025
100
AcDbLine
 10
2274.257230221516
 20
1761.664938087418
 30
0.0
 11
2274.257230221516
 21
1762.664938087417
 31
0.0
  0
LINE
  5
B04
330
1F
100
AcDbEntity
  8
0
 62
7
370
35
 48
0.118036
100
AcDbLine
 10
2274.257230221516
 20
1761.664938087418
 30
0.0
 11
2278.978666221517
 21
1761.664938087418
 31
0.0
  0
LINE
  5
B05
330
1F
100
AcDbEntity
  8
0
 62
7
370
35
 48
0.238072
100
AcDbLine
 10
2278.978666221517
 20
1752.142065087418
 30
0.0
 11
2278.978666221517
 21
1761.664938087418
 31
0.0
  0
LINE
  5
B06
330
1F
100
AcDbEntity
  8
0
 62
7
370
35
 48
0.130244
100
AcDbLine
 10
2273.768888221517
 20
1752.142065087418
 30
0.0
 11
2278.978666221517
 21
1752.142065087418
 31
0.0
  0
LINE
  5
B07
330
1F
100
AcDbEntity
  8
0
 62
7
370
35
 48
0.05
100
AcDbLine
 10
2273.768888221517
 20
1750.142065087418
 30
0.0
 11
2273.768888221517
 21
1752.142065087418
 31
0.0
  0
LINE
  5
B08
330
1F
100
AcDbEntity
  8
0
 62
7
370
35
 48
0.130244
100
AcDbLine
 10
2273.768888221517
 20
1750.142065087418
 30
0.0
 11
2278.978666221517
 21
1750.142065087418
 31
0.0
  0
LINE
  5
B09
330
1F
100
AcDbEntity
  8
0
 62
7
370
35
 48
0.159953
100
AcDbLine
 10
2278.978666221517
 20
1743.743948087417
 30
0.0
 11
2278.978666221517
 21
1750.142065087418
 31
0.0
  0
LINE
  5
B0A
330
1F
100
AcDbEntity
  8
0
 62
7
370
35
 48
0.115375
100
AcDbLine
 10
2274.363676221518
 20
1743.743948087417
 30
0.0
 11
2278.978666221517
 21
1743.743948087417
 31
0.0
  0
LINE
  5
B0B
330
1F
100
AcDbEntity
  8
0
 62
7
370
35
 48
0.025
100
AcDbLine
 10
2274.363676221518
 20
1742.743948087417
 30
0.0
 11
2274.363676221518
 21
1743.743948087417
 31
0.0
  0
LINE
  5
B0C
330
1F
100
AcDbEntity
  8
0
 62
7
370
35
 48
0.115375
100
AcDbLine
 10
2274.363676221518
 20
1742.743948087417
 30
0.0
 11
2278.978666221517
 21
1742.743948087417
 31
0.0
  0
LINE
  5
B0D
330
1F
100
AcDbEntity
  8
0
 62
7
370
35
 48
0.152547
100
AcDbLine
 10
2278.978666221517
 20
1736.642065087418
 30
0.0
 11
2278.978666221517
 21
1742.743948087417
 31
0.0
  0
LINE
  5
B0E
330
1F
100
AcDbEntity
  8
0
 62
7
370
35
 48
0.058965
100
AcDbLine
 10
2278.978666221517
 20
1736.642065087418
 30
0.0
 11
2276.620085221517
 21
1736.642065087418
 31
0.0
  0
LINE
  5
B0F
330
1F
100
AcDbEntity
  8
0
 62
7
370
35
 48
0.025
100
AcDbLine
 10
2276.620085221517
 20
1735.642065087418
 30
0.0
 11
2276.620085221517
 21
1736.642065087418
 31
0.0
  0
LINE
  5
B10
330
1F
100
AcDbEntity
  8
0
 62
7
370
35
 48
0.058965
100
AcDbLine
 10
2278.978666221517
 20
1735.642065087418
 30
0.0
 11
2276.620085221517
 21
1735.642065087418
 31
0.0
  0
LINE
  5
B11
330
1F
100
AcDbEntity
  8
0
 62
7
370
35
 48
0.038461
100
AcDbLine
 10
2278.978666221517
 20
1734.103613087417
 30
0.0
 11
2278.978666221517
 21
1735.642065087418
 31
0.0
  0
POLYLINE
  5
B12
330
1F
100
AcDbEntity
  8
0
 62
7
370
35
100
AcDb2dPolyline
 66
1
 10
0.0
 20
0.0
 30
0.0
 70
0
  0
VERTEX
  5
B13
330
B12
100
AcDbEntity
  8
0
370
0
100
AcDbVertex
100
AcDb2dVertex
 10
2277.983915221517
 20
1783.342245087418
 30
0.0
 70
0
  0
VERTEX
  5
B14
330
B12
100
AcDbEntity
  8
0
370
0
100
AcDbVertex
100
AcDb2dVertex
 10
2277.583647221517
 20
1783.039907087417
 30
0.0
 70
0
  0
VERTEX
  5
B15
330
B12
100
AcDbEntity
  8
0
370
0
100
AcDbVertex
100
AcDb2dVertex
 10
2277.217436221517
 20
1782.717031087418
 30
0.0
 70
0
  0
VERTEX
  5
B16
330
B12
100
AcDbEntity
  8
0
370
0
100
AcDbVertex
100
AcDb2dVertex
 10
2276.470304221517
 20
1781.922491087417
 30
0.0
 70
0
  0
VERTEX
  5
B17
330
B12
100
AcDbEntity
  8
0
370
0
100
AcDbVertex
100
AcDb2dVertex
 10
2276.043119221518
 20
1781.385321087418
 30
0.0
 70
0
  0
VERTEX
  5
B18
330
B12
100
AcDbEntity
  8
0
370
0
100
AcDbVertex
100
AcDb2dVertex
 10
2275.649320221517
 20
1780.834890087417
 30
0.0
 70
0
  0
VERTEX
  5
B19
330
B12
100
AcDbEntity
  8
0
370
0
100
AcDbVertex
100
AcDb2dVertex
 10
2275.197477221517
 20
1780.133978087417
 30
0.0
 70
0
  0
VERTEX
  5
B1A
330
B12
100
AcDbEntity
  8
0
370
0
100
AcDbVertex
100
AcDb2dVertex
 10
2274.783293221517
 20
1779.420828087417
 30
0.0
 70
0
  0
VERTEX
  5
B1B
330
B12
100
AcDbEntity
  8
0
370
0
100
AcDbVertex
100
AcDb2dVertex
 10
2274.331083221518
 20
1778.555426087418
 30
0.0
 70
0
  0
VERTEX
  5
B1C
330
B12
100
AcDbEntity
  8
0
370
0
100
AcDbVertex
100
AcDb2dVertex
 10
2273.923734221517
 20
1777.687368087418
 30
0.0
 70
0
  0
VERTEX
  5
B1D
330
B12
100
AcDbEntity
  8
0
370
0
100
AcDbVertex
100
AcDb2dVertex
 10
2273.516569221517
 20
1776.724584087417
 30
0.0
 70
0
  0
VERTEX
  5
B1E
330
B12
100
AcDbEntity
  8
0
370
0
100
AcDbVertex
100
AcDb2dVertex
 10
2273.145475221517
 20
1775.759252087417
 30
0.0
 70
0
  0
VERTEX
  5
B1F
330
B12
100
AcDbEntity
  8
0
370
0
100
AcDbVertex
100
AcDb2dVertex
 10
2272.290312221517
 20
1773.276968087418
 30
0.0
 70
0
  0
VERTEX
  5
B20
330
B12
100
AcDbEntity
  8
0
370
0
100
AcDbVertex
100
AcDb2dVertex
 10
2272.151518221517
 20
1772.850958087418
 30
0.0
 70
0
  0
VERTEX
  5
B21
330
B12
100
AcDbEntity
  8
0
370
0
100
AcDbVertex
100
AcDb2dVertex
 10
2271.225919221517
 20
1769.856008087417
 30
0.0
 70
0
  0
VERTEX
  5
B22
330
B12
100
AcDbEntity
  8
0
370
0
100
AcDbVertex
100
AcDb2dVertex
 10
2270.779630221518
 20
1768.246099087418
 30
0.0
 70
0
  0
VERTEX
  5
B23
330
B12
100
AcDbEntity
  8
0
370
0
100
AcDbVertex
100
AcDb2dVertex
 10
2270.383878221517
 20
1766.625799087417
 30
0.0
 70
0
  0
VERTEX
  5
B24
330
B12
100
AcDbEntity
  8
0
370
0
100
AcDbVertex
100
AcDb2dVertex
 10
2269.987150221517
 20
1764.657125087418
 30
0.0
 70
0
  0
VERTEX
  5
B25
330
B12
100
AcDbEntity
  8
0
370
0
100
AcDbVertex
100
AcDb2dVertex
 10
2269.675016221517
 20
1762.680548087417
 30
0.0
 70
0
  0
VERTEX
  5
B26
330
B12
100
AcDbEntity
  8
0
370
0
100
AcDbVertex
100
AcDb2dVertex
 10
2269.458647221517
 20
1761.081121087417
 30
0.0
 70
0
  0
VERTEX
  5
B27
330
B12
100
AcDbEntity
  8
0
370
0
100
AcDbVertex
100
AcDb2dVertex
 10
2269.181608221517
 20
1758.887808087417
 30
0.0
 70
0
  0
VERTEX
  5
B28
330
B12
100
AcDbEntity
  8
0
370
0
100
AcDbVertex
100
AcDb2dVertex
 10
2268.927641221517
 20
1756.702978087417
 30
0.0
 70
0
  0
VERTEX
  5
B29
330
B12
100
AcDbEntity
  8
0
370
0
100
AcDbVertex
100
AcDb2dVertex
 10
2268.683561221517
 20
1754.129812087418
 30
0.0
 70
0
  0
VERTEX
  5
B2A
330
B12
100
AcDbEntity
  8
0
370
0
100
AcDbVertex
100
AcDb2dVertex
 10
2268.633146221517
 20
1753.419531087417
 30
0.0
 70
0
  0
VERTEX
  5
B2B
330
B12
100
AcDbEntity
  8
0
370
0
100
AcDbVertex
100
AcDb2dVertex
 10
2268.548368221517
 20
1751.291372087418
 30
0.0
 70
0
  0
VERTEX
  5
B2C
330
B12
100
AcDbEntity
  8
0
370
0
100
AcDbVertex
100
AcDb2dVertex
 10
2268.546781221516
 20
1750.751638087417
 30
0.0
 70
0
  0
VERTEX
  5
B2D
330
B12
100
AcDbEntity
  8
0
370
0
100
AcDbVertex
100
AcDb2dVertex
 10
2268.619291221517
 20
1749.131582087418
 30
0.0
 70
0
  0
VERTEX
  5
B2E
330
B12
100
AcDbEntity
  8
0
370
0
100
AcDbVertex
100
AcDb2dVertex
 10
2268.698820221517
 20
1748.359259087418
 30
0.0
 70
0
  0
VERTEX
  5
B2F
330
B12
100
AcDbEntity
  8
0
370
0
100
AcDbVertex
100
AcDb2dVertex
 10
2268.924589221517
 20
1746.823324087418
 30
0.0
 70
0
  0
VERTEX
  5
B30
330
B12
100
AcDbEntity
  8
0
370
0
100
AcDbVertex
100
AcDb2dVertex
 10
2269.377287221518
 20
1744.381277087417
 30
0.0
 70
0
  0
VERTEX
  5
B31
330
B12
100
AcDbEntity
  8
0
370
0
100
AcDbVertex
100
AcDb2dVertex
 10
2269.641264221517
 20
1743.157385087417
 30
0.0
 70
0
  0
VERTEX
  5
B32
330
B12
100
AcDbEntity
  8
0
370
0
100
AcDbVertex
100
AcDb2dVertex
 10
2269.757230221517
 20
1742.713934087417
 30
0.0
 70
0
  0
VERTEX
  5
B33
330
B12
100
AcDbEntity
  8
0
370
0
100
AcDbVertex
100
AcDb2dVertex
 10
2270.063749221518
 20
1741.870779087417
 30
0.0
 70
0
  0
VERTEX
  5
B34
330
B12
100
AcDbEntity
  8
0
370
0
100
AcDbVertex
100
AcDb2dVertex
 10
2270.429472221517
 20
1741.168966087418
 30
0.0
 70
0
  0
VERTEX
  5
B35
330
B12
100
AcDbEntity
  8
0
370
0
100
AcDbVertex
100
AcDb2dVertex
 10
2270.862577221517
 20
1740.511373087417
 30
0.0
 70
0
  0
VERTEX
  5
B36
330
B12
100
AcDbEntity
  8
0
370
0
100
AcDbVertex
100
AcDb2dVertex
 10
2271.480253221517
 20
1739.712301087417
 30
0.0
 70
0
  0
VERTEX
  5
B37
330
B12
100
AcDbEntity
  8
0
370
0
100
AcDbVertex
100
AcDb2dVertex
 10
2272.643644221517
 20
1738.338644087417
 30
0.0
 70
0
  0
VERTEX
  5
B38
330
B12
100
AcDbEntity
  8
0
370
0
100
AcDbVertex
100
AcDb2dVertex
 10
2273.505705221517
 20
1737.298498087417
 30
0.0
 70
0
  0
VERTEX
  5
B39
330
B12
100
AcDbEntity
  8
0
370
0
100
AcDbVertex
100
AcDb2dVertex
 10
2274.318632221517
 20
1736.310079087418
 30
0.0
 70
0
  0
VERTEX
  5
B3A
330
B12
100
AcDbEntity
  8
0
370
0
100
AcDbVertex
100
AcDb2dVertex
 10
2274.505644221517
 20
1736.100103087418
 30
0.0
 70
0
  0
VERTEX
  5
B3B
330
B12
100
AcDbEntity
  8
0
370
0
100
AcDbVertex
100
AcDb2dVertex
 10
2275.102995221518
 20
1735.534262087417
 30
0.0
 70
0
  0
VERTEX
  5
B3C
330
B12
100
AcDbEntity
  8
0
370
0
100
AcDbVertex
100
AcDb2dVertex
 10
2275.699735221516
 20
1735.122015087418
 30
0.0
 70
0
  0
VERTEX
  5
B3D
330
B12
100
AcDbEntity
  8
0
370
0
100
AcDbVertex
100
AcDb2dVertex
 10
2276.376127221517
 20
1734.776174087417
 30
0.0
 70
0
  0
VERTEX
  5
B3E
330
B12
100
AcDbEntity
  8
0
370
0
100
AcDbVertex
100
AcDb2dVertex
 10
2277.083341221517
 20
1734.505911087418
 30
0.0
 70
0
  0
VERTEX
  5
B3F
330
B12
100
AcDbEntity
  8
0
370
0
100
AcDbVertex
100
AcDb2dVertex
 10
2277.820280221517
 20
1734.299383087417
 30
0.0
 70
0
  0
VERTEX
  5
B40
330
B12
100
AcDbEntity
  8
0
370
0
100
AcDbVertex
100
AcDb2dVertex
 10
2278.978666221517
 20
1734.103613087417
 30
0.0
 70
0
  0
SEQEND
  5
B41
330
1F
100
AcDbEntity
  8
0
370
0
  0
ELLIPSE
  5
C5C
330
1F
100
AcDbEntity
  8
0
 62
7
370
35
100
AcDbEllipse
 10
2150.96998026803
 20
1749.769915949581
 30
0.0
 11
9e-16
 21
14.71728515625
 31
0.0
210
0.0
220
0.0
230
0.9999999999999998
 40
0.271789
 41
5.319661418308836
 42
10.09618199428915
  0
LINE
  5
C5D
330
1F
100
AcDbEntity
  8
0
 62
7
370
35
 48
0.082121
100
AcDbLine
 10
2154.25481626803
 20
1758.168048949581
 30
0.0
 11
2150.96998026803
 21
1758.168048949581
 31
0.0
  0
LINE
  5
C5E
330
1F
100
AcDbEntity
  8
0
 62
7
370
35
 48
0.025
100
AcDbLine
 10
2150.96998026803
 20
1757.168048949581
 30
0.0
 11
2150.96998026803
 21
1758.168048949581
 31
0.0
  0
LINE
  5
C5F
330
1F
100
AcDbEntity
  8
0
 62
7
370
35
 48
0.086447
100
AcDbLine
 10
2154.42786626803
 20
1757.168048949581
 30
0.0
 11
2150.96998026803
 21
1757.168048949581
 31
0.0
  0
ELLIPSE
  5
C60
330
1F
100
AcDbEntity
  8
0
 62
7
370
35
100
AcDbEllipse
 10
2150.96998026803
 20
1749.769915949581
 30
0.0
 11
9e-16
 21
14.71728515625
 31
0.0
210
0.0
220
0.0
230
0.9999999999999998
 40
0.271789
 41
4.780388717799048
 42
5.239087841962058
  0
LINE
  5
C61
330
1F
100
AcDbEntity
  8
0
 62
7
370
35
 48
0.099769
100
AcDbLine
 10
2150.96998026803
 20
1750.769915949581
 30
0.0
 11
2154.96073326803
 21
1750.769915949581
 31
0.0
  0
LINE
  5
C62
330
1F
100
AcDbEntity
  8
0
 62
7
370
35
 48
0.05
100
AcDbLine
 10
2150.96998026803
 20
1748.769915949581
 30
0.0
 11
2150.96998026803
 21
1750.769915949581
 31
0.0
  0
LINE
  5
C63
330
1F
100
AcDbEntity
  8
0
 62
7
370
35
 48
0.099769
100
AcDbLine
 10
2150.96998026803
 20
1748.769915949581
 30
0.0
 11
2154.96073326803
 21
1748.769915949581
 31
0.0
  0
ELLIPSE
  5
C64
330
1F
100
AcDbEntity
  8
0
 62
7
370
35
100
AcDbEllipse
 10
2150.96998026803
 20
1749.769915949581
 30
0.0
 11
9e-16
 21
14.71728515625
 31
0.0
210
0.0
220
0.0
230
0.9999999999999998
 40
0.271789
 41
3.915762494241858
 42
4.644389242977712
  0
LINE
  5
C65
330
1F
100
AcDbEntity
  8
0
 62
7
370
35
 48
0.069912
100
AcDbLine
 10
2150.96998026803
 20
1739.247027949581
 30
0.0
 11
2153.766473268031
 21
1739.247027949581
 31
0.0
  0
LINE
  5
C66
330
1F
100
AcDbEntity
  8
0
 62
7
370
35
 48
0.025
100
AcDbLine
 10
2150.96998026803
 20
1739.247027949581
 30
0.0
 11
2150.96998026803
 21
1738.247027949581
 31
0.0
  0
LINE
  5
C67
330
1F
100
AcDbEntity
  8
0
 62
7
370
35
 48
0.062209
100
AcDbLine
 10
2150.96998026803
 20
1738.247027949581
 30
0.0
 11
2153.458322268031
 21
1738.247027949581
 31
0.0
  0
LINE
  5
C68
330
1F
100
AcDbEntity
  8
0
 62
7
370
35
 48
0.074804
100
AcDbLine
 10
2160.405376819975
 20
1748.102315519601
 30
0.0
 11
2163.397533819976
 21
1748.102315519601
 31
0.0
  0
ELLIPSE
  5
C69
330
1F
100
AcDbEntity
  8
0
 62
7
370
35
100
AcDbEllipse
 10
2160.405376819975
 20
1749.102315519601
 30
0.0
 11
8e-16
 21
13.83447265625
 31
0.0
 40
0.216849
 41
3.848111595445968
 42
4.640042781686378
  0
LINE
  5
C6A
330
1F
100
AcDbEntity
  8
0
 62
7
370
35
 48
0.048261
100
AcDbLine
 10
2160.422496819975
 20
1738.579427519601
 30
0.0
 11
2162.352947819975
 21
1738.579427519601
 31
0.0
  0
LINE
  5
C6B
330
1F
100
AcDbEntity
  8
0
 62
7
370
35
 48
0.025
100
AcDbLine
 10
2160.422496819975
 20
1738.579427519601
 30
0.0
 11
2160.422496819975
 21
1737.579427519601
 31
0.0
  0
LINE
  5
C6C
330
1F
100
AcDbEntity
  8
0
 62
7
370
35
 48
0.041078
100
AcDbLine
 10
2160.422496819975
 20
1737.579427519601
 30
0.0
 11
2162.065609819975
 21
1737.579427519601
 31
0.0
  0
ELLIPSE
  5
C6D
330
1F
100
AcDbEntity
  8
0
 62
7
370
35
100
AcDbEllipse
 10
2160.405376819975
 20
1749.102315519601
 30
0.0
 11
8e-16
 21
13.83447265625
 31
0.0
 40
0.216849
 41
5.364721845350985
 42
10.01122988925072
  0
LINE
  5
C6E
330
1F
100
AcDbEntity
  8
0
 62
7
370
35
 48
0.059172
100
AcDbLine
 10
2160.422496819975
 20
1757.500447519601
 30
0.0
 11
2162.789394819975
 21
1757.500447519601
 31
0.0
  0
LINE
  5
C6F
330
1F
100
AcDbEntity
  8
0
 62
7
370
35
 48
0.025
100
AcDbLine
 10
2160.422496819975
 20
1756.500447519601
 30
0.0
 11
2160.422496819975
 21
1757.500447519601
 31
0.0
  0
LINE
  5
C70
330
1F
100
AcDbEntity
  8
0
 62
7
370
35
 48
0.062947
100
AcDbLine
 10
2160.422496819975
 20
1756.500447519601
 30
0.0
 11
2162.940395819975
 21
1756.500447519601
 31
0.0
  0
ELLIPSE
  5
C71
330
1F
100
AcDbEntity
  8
0
 62
7
370
35
100
AcDbEllipse
 10
2160.405376819975
 20
1749.102315519601
 30
0.0
 11
8e-16
 21
13.83447265625
 31
0.0
 40
0.216849
 41
4.784735179075096
 42
5.276611268677688
  0
LINE
  5
C72
330
1F
100
AcDbEntity
  8
0
 62
7
370
35
 48
0.074804
100
AcDbLine
 10
2160.405376819975
 20
1750.102315519601
 30
0.0
 11
2163.397533819976
 21
1750.102315519601
 31
0.0
  0
LINE
  5
C73
330
1F
100
AcDbEntity
  8
0
 62
7
370
35
 48
0.05
100
AcDbLine
 10
2160.405376819975
 20
1748.102315519601
 30
0.0
 11
2160.405376819975
 21
1750.102315519601
 31
0.0
  0
ELLIPSE
  5
C74
330
1F
100
AcDbEntity
  8
0
 62
7
370
35
100
AcDbEllipse
 10
2168.446825958166
 20
1745.616067103715
 30
0.0
 11
7e-16
 21
12.1002197265625
 31
0.0
 40
0.165286
 41
5.479481418847632
 42
8.908457382837685
  0
LINE
  5
C75
330
1F
100
AcDbEntity
  8
0
 62
7
370
35
 48
0.035997
100
AcDbLine
 10
2169.886690958166
 20
1754.014200103716
 30
0.0
 11
2168.446825958166
 21
1754.014200103716
 31
0.0
  0
LINE
  5
C76
330
1F
100
AcDbEntity
  8
0
 62
7
370
35
 48
0.025
100
AcDbLine
 10
2168.446825958166
 20
1753.014200103715
 30
0.0
 11
2168.446825958166
 21
1754.014200103716
 31
0.0
  0
LINE
  5
C77
330
1F
100
AcDbEntity
  8
0
 62
7
370
35
 48
0.039566
100
AcDbLine
 10
2170.029466958166
 20
1753.014200103715
 30
0.0
 11
2168.446825958166
 21
1753.014200103715
 31
0.0
  0
ELLIPSE
  5
C78
330
1F
100
AcDbEntity
  8
0
 62
7
370
35
100
AcDbEllipse
 10
2168.446825958166
 20
1745.616067103715
 30
0.0
 11
7e-16
 21
12.1002197265625
 31
0.0
 40
0.165286
 41
4.795126274757016
 42
5.370220082376659
  0
LINE
  5
C79
330
1F
100
AcDbEntity
  8
0
 62
7
370
35
 48
0.049829
100
AcDbLine
 10
2168.446825958166
 20
1746.616067103715
 30
0.0
 11
2170.439989958166
 21
1746.616067103715
 31
0.0
  0
LINE
  5
C7A
330
1F
100
AcDbEntity
  8
0
 62
7
370
35
 48
0.05
100
AcDbLine
 10
2168.446825958166
 20
1744.616067103715
 30
0.0
 11
2168.446825958166
 21
1746.616067103715
 31
0.0
  0
LINE
  5
C7B
330
1F
100
AcDbEntity
  8
0
 62
7
370
35
 48
0.049829
100
AcDbLine
 10
2168.446825958166
 20
1744.616067103715
 30
0.0
 11
2170.439989958166
 21
1744.616067103715
 31
0.0
  0
ELLIPSE
  5
C7C
330
1F
100
AcDbEntity
  8
0
 62
7
370
35
100
AcDbEllipse
 10
2168.446825958166
 20
1745.616067103715
 30
0.0
 11
7e-16
 21
12.1002197265625
 31
0.0
 40
0.165286
 41
3.657913231522676
 42
4.629651685976342
  0
LINE
  5
C7D
330
1F
100
AcDbEntity
  8
0
 62
7
370
35
 48
0.049369
100
AcDbLine
 10
2167.459459958166
 20
1735.093179103715
 30
0.0
 11
2169.434206958166
 21
1735.093179103715
 31
0.0
  0
LINE
  5
C7E
330
1F
100
AcDbEntity
  8
0
 62
7
370
35
 48
0.025
100
AcDbLine
 10
2167.946825958166
 20
1748.474221103714
 30
0.0
 11
2168.946825958166
 21
1748.474221103714
 31
0.0
  0
LINE
  5
C7F
330
1F
100
AcDbEntity
  8
0
 62
7
370
35
 48
0.075
100
AcDbLine
 10
2168.946825958166
 20
1751.474221103715
 30
0.0
 11
2168.946825958166
 21
1748.474221103714
 31
0.0
  0
LINE
  5
C80
330
1F
100
AcDbEntity
  8
0
 62
7
370
35
 48
0.025
100
AcDbLine
 10
2167.946825958166
 20
1751.474221103715
 30
0.0
 11
2168.946825958166
 21
1751.474221103715
 31
0.0
  0
LINE
  5
C81
330
1F
100
AcDbEntity
  8
0
 62
7
370
35
 48
0.075
100
AcDbLine
 10
2167.946825958166
 20
1751.474221103715
 30
0.0
 11
2167.946825958166
 21
1748.474221103714
 31
0.0
  0
LINE
  5
C82
330
1F
100
AcDbEntity
  8
0
 62
7
370
35
 48
0.025
100
AcDbLine
 10
2167.946825958166
 20
1738.030557103715
 30
0.0
 11
2168.946825958166
 21
1738.030557103715
 31
0.0
  0
LINE
  5
C83
330
1F
100
AcDbEntity
  8
0
 62
7
370
35
 48
0.075
100
AcDbLine
 10
2168.946825958166
 20
1741.030557103715
 30
0.0
 11
2168.946825958166
 21
1738.030557103715
 31
0.0
  0
LINE
  5
C84
330
1F
100
AcDbEntity
  8
0
 62
7
370
35
 48
0.025
100
AcDbLine
 10
2167.946825958166
 20
1741.030557103715
 30
0.0
 11
2168.946825958166
 21
1741.030557103715
 31
0.0
  0
LINE
  5
C85
330
1F
100
AcDbEntity
  8
0
 62
7
370
35
 48
0.075
100
AcDbLine
 10
2167.946825958166
 20
1741.030557103715
 30
0.0
 11
2167.946825958166
 21
1738.030557103715
 31
0.0
  0
ELLIPSE
  5
C92
330
1F
100
AcDbEntity
  8
0
 62
7
370
35
100
AcDbEllipse
 10
2236.604726280662
 20
1772.70977142499
 30
0.0
 11
-9e-16
 21
-14.71728515625
 31
0.0
210
0.0
220
0.0
230
0.9999999999999998
 40
0.271789
 41
5.319661418308836
 42
10.09618199428915
  0
LINE
  5
C93
330
1F
100
AcDbEntity
  8
0
 62
7
370
35
 48
0.082121
100
AcDbLine
 10
2233.319890280661
 20
1764.31163842499
 30
0.0
 11
2236.604726280662
 21
1764.31163842499
 31
0.0
  0
LINE
  5
C94
330
1F
100
AcDbEntity
  8
0
 62
7
370
35
 48
0.025
100
AcDbLine
 10
2236.604726280662
 20
1765.31163842499
 30
0.0
 11
2236.604726280662
 21
1764.31163842499
 31
0.0
  0
LINE
  5
C95
330
1F
100
AcDbEntity
  8
0
 62
7
370
35
 48
0.086447
100
AcDbLine
 10
2233.146840280662
 20
1765.31163842499
 30
0.0
 11
2236.604726280662
 21
1765.31163842499
 31
0.0
  0
ELLIPSE
  5
C96
330
1F
100
AcDbEntity
  8
0
 62
7
370
35
100
AcDbEllipse
 10
2236.604726280662
 20
1772.70977142499
 30
0.0
 11
-9e-16
 21
-14.71728515625
 31
0.0
210
0.0
220
0.0
230
0.9999999999999998
 40
0.271789
 41
4.780388717799048
 42
5.239087841962058
  0
LINE
  5
C97
330
1F
100
AcDbEntity
  8
0
 62
7
370
35
 48
0.099769
100
AcDbLine
 10
2236.604726280662
 20
1771.70977142499
 30
0.0
 11
2232.613973280662
 21
1771.70977142499
 31
0.0
  0
LINE
  5
C98
330
1F
100
AcDbEntity
  8
0
 62
7
370
35
 48
0.05
100
AcDbLine
 10
2236.604726280662
 20
1773.70977142499
 30
0.0
 11
2236.604726280662
 21
1771.70977142499
 31
0.0
  0
LINE
  5
C99
330
1F
100
AcDbEntity
  8
0
 62
7
370
35
 48
0.099769
100
AcDbLine
 10
2236.604726280662
 20
1773.70977142499
 30
0.0
 11
2232.613973280662
 21
1773.70977142499
 31
0.0
  0
ELLIPSE
  5
C9A
330
1F
100
AcDbEntity
  8
0
 62
7
370
35
100
AcDbEllipse
 10
2236.604726280662
 20
1772.70977142499
 30
0.0
 11
-9e-16
 21
-14.71728515625
 31
0.0
210
0.0
220
0.0
230
0.9999999999999998
 40
0.271789
 41
3.915762494241858
 42
4.644389242977712
  0
LINE
  5
C9B
330
1F
100
AcDbEntity
  8
0
 62
7
370
35
 48
0.069912
100
AcDbLine
 10
2236.604726280662
 20
1783.23265942499
 30
0.0
 11
2233.808233280661
 21
1783.23265942499
 31
0.0
  0
LINE
  5
C9C
330
1F
100
AcDbEntity
  8
0
 62
7
370
35
 48
0.025
100
AcDbLine
 10
2236.604726280662
 20
1783.23265942499
 30
0.0
 11
2236.604726280662
 21
1784.232659424989
 31
0.0
  0
LINE
  5
C9D
330
1F
100
AcDbEntity
  8
0
 62
7
370
35
 48
0.062209
100
AcDbLine
 10
2236.604726280662
 20
1784.232659424989
 30
0.0
 11
2234.116384280662
 21
1784.232659424989
 31
0.0
  0
LINE
  5
C9E
330
1F
100
AcDbEntity
  8
0
 62
7
370
35
 48
0.074804
100
AcDbLine
 10
2227.169329728717
 20
1774.377371854971
 30
0.0
 11
2224.177172728717
 21
1774.377371854971
 31
0.0
  0
ELLIPSE
  5
C9F
330
1F
100
AcDbEntity
  8
0
 62
7
370
35
100
AcDbEllipse
 10
2227.169329728717
 20
1773.377371854971
 30
0.0
 11
-8e-16
 21
-13.83447265625
 31
0.0
 40
0.216849
 41
3.848111595445968
 42
4.640042781686378
  0
LINE
  5
CA0
330
1F
100
AcDbEntity
  8
0
 62
7
370
35
 48
0.048261
100
AcDbLine
 10
2227.152209728716
 20
1783.900259854971
 30
0.0
 11
2225.221758728716
 21
1783.900259854971
 31
0.0
  0
LINE
  5
CA1
330
1F
100
AcDbEntity
  8
0
 62
7
370
35
 48
0.025
100
AcDbLine
 10
2227.152209728716
 20
1783.900259854971
 30
0.0
 11
2227.152209728716
 21
1784.90025985497
 31
0.0
  0
LINE
  5
CA2
330
1F
100
AcDbEntity
  8
0
 62
7
370
35
 48
0.041078
100
AcDbLine
 10
2227.152209728716
 20
1784.90025985497
 30
0.0
 11
2225.509096728717
 21
1784.90025985497
 31
0.0
  0
ELLIPSE
  5
CA3
330
1F
100
AcDbEntity
  8
0
 62
7
370
35
100
AcDbEllipse
 10
2227.169329728717
 20
1773.377371854971
 30
0.0
 11
-8e-16
 21
-13.83447265625
 31
0.0
 40
0.216849
 41
5.364721845350985
 42
10.01122988925072
  0
LINE
  5
CA4
330
1F
100
AcDbEntity
  8
0
 62
7
370
35
 48
0.059172
100
AcDbLine
 10
2227.152209728716
 20
1764.979239854971
 30
0.0
 11
2224.785311728716
 21
1764.979239854971
 31
0.0
  0
LINE
  5
CA5
330
1F
100
AcDbEntity
  8
0
 62
7
370
35
 48
0.025
100
AcDbLine
 10
2227.152209728716
 20
1765.97923985497
 30
0.0
 11
2227.152209728716
 21
1764.979239854971
 31
0.0
  0
LINE
  5
CA6
330
1F
100
AcDbEntity
  8
0
 62
7
370
35
 48
0.062947
100
AcDbLine
 10
2227.152209728716
 20
1765.97923985497
 30
0.0
 11
2224.634310728717
 21
1765.97923985497
 31
0.0
  0
ELLIPSE
  5
CA7
330
1F
100
AcDbEntity
  8
0
 62
7
370
35
100
AcDbEllipse
 10
2227.169329728717
 20
1773.377371854971
 30
0.0
 11
-8e-16
 21
-13.83447265625
 31
0.0
 40
0.216849
 41
4.784735179075096
 42
5.276611268677688
  0
LINE
  5
CA8
330
1F
100
AcDbEntity
  8
0
 62
7
370
35
 48
0.074804
100
AcDbLine
 10
2227.169329728717
 20
1772.377371854971
 30
0.0
 11
2224.177172728717
 21
1772.377371854971
 31
0.0
  0
LINE
  5
CA9
330
1F
100
AcDbEntity
  8
0
 62
7
370
35
 48
0.05
100
AcDbLine
 10
2227.169329728717
 20
1774.377371854971
 30
0.0
 11
2227.169329728717
 21
1772.377371854971
 31
0.0
  0
ELLIPSE
  5
CAA
330
1F
100
AcDbEntity
  8
0
 62
7
370
35
100
AcDbEllipse
 10
2219.127880590527
 20
1776.863620270856
 30
0.0
 11
-7e-16
 21
-12.1002197265625
 31
0.0
 40
0.165286
 41
5.479481418847632
 42
8.908457382837685
  0
LINE
  5
CAB
330
1F
100
AcDbEntity
  8
0
 62
7
370
35
 48
0.035997
100
AcDbLine
 10
2217.688015590526
 20
1768.465487270856
 30
0.0
 11
2219.127880590527
 21
1768.465487270856
 31
0.0
  0
LINE
  5
CAC
330
1F
100
AcDbEntity
  8
0
 62
7
370
35
 48
0.025
100
AcDbLine
 10
2219.127880590527
 20
1769.465487270856
 30
0.0
 11
2219.127880590527
 21
1768.465487270856
 31
0.0
  0
LINE
  5
CAD
330
1F
100
AcDbEntity
  8
0
 62
7
370
35
 48
0.039566
100
AcDbLine
 10
2217.545239590526
 20
1769.465487270856
 30
0.0
 11
2219.127880590527
 21
1769.465487270856
 31
0.0
  0
ELLIPSE
  5
CAE
330
1F
100
AcDbEntity
  8
0
 62
7
370
35
100
AcDbEllipse
 10
2219.127880590527
 20
1776.863620270856
 30
0.0
 11
-7e-16
 21
-12.1002197265625
 31
0.0
 40
0.165286
 41
4.795126274757016
 42
5.370220082376659
  0
LINE
  5
CAF
330
1F
100
AcDbEntity
  8
0
 62
7
370
35
 48
0.049829
100
AcDbLine
 10
2219.127880590527
 20
1775.863620270856
 30
0.0
 11
2217.134716590525
 21
1775.863620270856
 31
0.0
  0
LINE
  5
CB0
330
1F
100
AcDbEntity
  8
0
 62
7
370
35
 48
0.05
100
AcDbLine
 10
2219.127880590527
 20
1777.863620270856
 30
0.0
 11
2219.127880590527
 21
1775.863620270856
 31
0.0
  0
LINE
  5
CB1
330
1F
100
AcDbEntity
  8
0
 62
7
370
35
 48
0.049829
100
AcDbLine
 10
2219.127880590527
 20
1777.863620270856
 30
0.0
 11
2217.134716590525
 21
1777.863620270856
 31
0.0
  0
ELLIPSE
  5
CB2
330
1F
100
AcDbEntity
  8
0
 62
7
370
35
100
AcDbEllipse
 10
2219.127880590527
 20
1776.863620270856
 30
0.0
 11
-7e-16
 21
-12.1002197265625
 31
0.0
 40
0.165286
 41
3.657913231522676
 42
4.629651685976342
  0
LINE
  5
CB3
330
1F
100
AcDbEntity
  8
0
 62
7
370
35
 48
0.049369
100
AcDbLine
 10
2220.115246590526
 20
1787.386508270856
 30
0.0
 11
2218.140499590526
 21
1787.386508270856
 31
0.0
  0
LINE
  5
CB4
330
1F
100
AcDbEntity
  8
0
 62
7
370
35
 48
0.025
100
AcDbLine
 10
2219.627880590526
 20
1774.005466270856
 30
0.0
 11
2218.627880590526
 21
1774.005466270856
 31
0.0
  0
LINE
  5
CB5
330
1F
100
AcDbEntity
  8
0
 62
7
370
35
 48
0.075
100
AcDbLine
 10
2218.627880590526
 20
1771.005466270856
 30
0.0
 11
2218.627880590526
 21
1774.005466270856
 31
0.0
  0
LINE
  5
CB6
330
1F
100
AcDbEntity
  8
0
 62
7
370
35
 48
0.025
100
AcDbLine
 10
2219.627880590526
 20
1771.005466270856
 30
0.0
 11
2218.627880590526
 21
1771.005466270856
 31
0.0
  0
LINE
  5
CB7
330
1F
100
AcDbEntity
  8
0
 62
7
370
35
 48
0.075
100
AcDbLine
 10
2219.627880590526
 20
1771.005466270856
 30
0.0
 11
2219.627880590526
 21
1774.005466270856
 31
0.0
  0
LINE
  5
CB8
330
1F
100
AcDbEntity
  8
0
 62
7
370
35
 48
0.025
100
AcDbLine
 10
2219.627880590526
 20
1784.449130270856
 30
0.0
 11
2218.627880590526
 21
1784.449130270856
 31
0.0
  0
LINE
  5
CB9
330
1F
100
AcDbEntity
  8
0
 62
7
370
35
 48
0.075
100
AcDbLine
 10
2218.627880590526
 20
1781.449130270856
 30
0.0
 11
2218.627880590526
 21
1784.449130270856
 31
0.0
  0
LINE
  5
CBA
330
1F
100
AcDbEntity
  8
0
 62
7
370
35
 48
0.025
100
AcDbLine
 10
2219.627880590526
 20
1781.449130270856
 30
0.0
 11
2218.627880590526
 21
1781.449130270856
 31
0.0
  0
LINE
  5
CBB
330
1F
100
AcDbEntity
  8
0
 62
7
370
35
 48
0.075
100
AcDbLine
 10
2219.627880590526
 20
1781.449130270856
 30
0.0
 11
2219.627880590526
 21
1784.449130270856
 31
0.0
  0
ELLIPSE
  5
CCB
330
1F
100
AcDbEntity
  8
0
 62
7
370
35
100
AcDbEllipse
 10
2248.512433416652
 20
1785.395355582465
 30
0.0
 11
-30.00048828125
 21
-6.103515625e-05
 31
0.0
210
0.0
220
0.0
230
0.9999999999999998
 40
0.080453
 41
1.60412959788011
 42
4.679055313863745
  0
LINE
  5
CCC
330
1F
100
AcDbEntity
  8
0
 62
7
370
35
 48
0.047807
100
AcDbLine
 10
2249.512250416652
 20
1785.895355582464
 30
0.0
 11
2249.512250416652
 21
1787.807647582465
 31
0.0
  0
LINE
  5
CCD
330
1F
100
AcDbEntity
  8
0
 62
7
370
35
 48
0.426974
100
AcDbLine
 10
2266.591230416652
 20
1785.895355582464
 30
0.0
 11
2249.512250416652
 21
1785.895355582464
 31
0.0
  0
LINE
  5
CCE
330
1F
100
AcDbEntity
  8
0
 62
7
370
35
 48
0.426974
100
AcDbLine
 10
2266.591230416652
 20
1784.895355582465
 30
0.0
 11
2249.512250416652
 21
1784.895355582465
 31
0.0
  0
LINE
  5
CCF
330
1F
100
AcDbEntity
  8
0
 62
7
370
35
 48
0.047807
100
AcDbLine
 10
2249.512250416652
 20
1782.983062582465
 30
0.0
 11
2249.512250416652
 21
1784.895355582465
 31
0.0
  0
POLYLINE
  5
CD0
330
1F
100
AcDbEntity
  8
0
 62
7
370
35
100
AcDb2dPolyline
 66
1
 10
0.0
 20
0.0
 30
0.0
 70
0
  0
VERTEX
  5
CD1
330
CD0
100
AcDbEntity
  8
0
370
0
100
AcDbVertex
100
AcDb2dVertex
 10
2269.545677210865
 20
1791.43774318997
 30
0.0
 70
0
  0
VERTEX
  5
CD2
330
CD0
100
AcDbEntity
  8
0
370
0
100
AcDbVertex
100
AcDb2dVertex
 10
2270.054283210865
 20
1791.634948189971
 30
0.0
 70
0
  0
VERTEX
  5
CD3
330
CD0
100
AcDbEntity
  8
0
370
0
100
AcDbVertex
100
AcDb2dVertex
 10
2270.298302210866
 20
1791.75186118997
 30
0.0
 70
0
  0
VERTEX
  5
CD4
330
CD0
100
AcDbEntity
  8
0
370
0
100
AcDbVertex
100
AcDb2dVertex
 10
2270.573875210866
 20
1791.916595189969
 30
0.0
 70
0
  0
VERTEX
  5
CD5
330
CD0
100
AcDbEntity
  8
0
370
0
100
AcDbVertex
100
AcDb2dVertex
 10
2270.699669210866
 20
1792.01309118997
 30
0.0
 70
0
  0
VERTEX
  5
CD6
330
CD0
100
AcDbEntity
  8
0
370
0
100
AcDbVertex
100
AcDb2dVertex
 10
2270.858238210865
 20
1792.181670189969
 30
0.0
 70
0
  0
VERTEX
  5
CD7
330
CD0
100
AcDbEntity
  8
0
370
0
100
AcDbVertex
100
AcDb2dVertex
 10
2270.953026210866
 20
1792.412261189969
 30
0.0
 70
0
  0
VERTEX
  5
CD8
330
CD0
100
AcDbEntity
  8
0
370
0
100
AcDbVertex
100
AcDb2dVertex
 10
2270.916710210865
 20
1792.62722718997
 30
0.0
 70
0
  0
VERTEX
  5
CD9
330
CD0
100
AcDbEntity
  8
0
370
0
100
AcDbVertex
100
AcDb2dVertex
 10
2270.806236210865
 20
1792.793731189969
 30
0.0
 70
0
  0
VERTEX
  5
CDA
330
CD0
100
AcDbEntity
  8
0
370
0
100
AcDbVertex
100
AcDb2dVertex
 10
2270.613426210866
 20
1792.96746718997
 30
0.0
 70
0
  0
VERTEX
  5
CDB
330
CD0
100
AcDbEntity
  8
0
370
0
100
AcDbVertex
100
AcDb2dVertex
 10
2270.158165210865
 20
1793.23434418997
 30
0.0
 70
0
  0
VERTEX
  5
CDC
330
CD0
100
AcDbEntity
  8
0
370
0
100
AcDbVertex
100
AcDb2dVertex
 10
2269.429161210865
 20
1793.52487118997
 30
0.0
 70
0
  0
VERTEX
  5
CDD
330
CD0
100
AcDbEntity
  8
0
370
0
100
AcDbVertex
100
AcDb2dVertex
 10
2268.294518210866
 20
1793.84860118997
 30
0.0
 70
0
  0
VERTEX
  5
CDE
330
CD0
100
AcDbEntity
  8
0
370
0
100
AcDbVertex
100
AcDb2dVertex
 10
2266.701500210865
 20
1794.18090718997
 30
0.0
 70
0
  0
VERTEX
  5
CDF
330
CD0
100
AcDbEntity
  8
0
370
0
100
AcDbVertex
100
AcDb2dVertex
 10
2264.736900210865
 20
1794.484679189969
 30
0.0
 70
0
  0
VERTEX
  5
CE0
330
CD0
100
AcDbEntity
  8
0
370
0
100
AcDbVertex
100
AcDb2dVertex
 10
2262.424767210866
 20
1794.74929718997
 30
0.0
 70
0
  0
VERTEX
  5
CE1
330
CD0
100
AcDbEntity
  8
0
370
0
100
AcDbVertex
100
AcDb2dVertex
 10
2260.274925210865
 20
1794.93148718997
 30
0.0
 70
0
  0
VERTEX
  5
CE2
330
CD0
100
AcDbEntity
  8
0
370
0
100
AcDbVertex
100
AcDb2dVertex
 10
2258.120323210865
 20
1795.06542918997
 30
0.0
 70
0
  0
SEQEND
  5
CE3
330
1F
100
AcDbEntity
  8
0
370
0
  0
POLYLINE
  5
CE4
330
1F
100
AcDbEntity
  8
0
 62
7
370
35
100
AcDb2dPolyline
 66
1
 10
0.0
 20
0.0
 30
0.0
 70
0
  0
VERTEX
  5
CE5
330
CE4
100
AcDbEntity
  8
0
370
0
100
AcDbVertex
100
AcDb2dVertex
 10
2249.555321210865
 20
1795.472655189971
 30
0.0
 70
0
  0
VERTEX
  5
CE6
330
CE4
100
AcDbEntity
  8
0
370
0
100
AcDbVertex
100
AcDb2dVertex
 10
2251.277794210865
 20
1795.35333218997
 30
0.0
 70
0
  0
VERTEX
  5
CE7
330
CE4
100
AcDbEntity
  8
0
370
0
100
AcDbVertex
100
AcDb2dVertex
 10
2254.729576210865
 20
1795.20141518997
 30
0.0
 70
0
  0
VERTEX
  5
CE8
330
CE4
100
AcDbEntity
  8
0
370
0
100
AcDbVertex
100
AcDb2dVertex
 10
2258.120323210865
 20
1795.06542918997
 30
0.0
 70
0
  0
SEQEND
  5
CE9
330
1F
100
AcDbEntity
  8
0
370
0
  0
LINE
  5
CEA
330
1F
100
AcDbEntity
  8
0
 62
7
370
35
 48
0.002298
100
AcDbLine
 10
2249.555321210865
 20
1795.472655189971
 30
0.0
 11
2249.463646210866
 21
1795.479095189969
 31
0.0
  0
LINE
  5
CEB
330
1F
100
AcDbEntity
  8
0
 62
7
370
35
 48
0.00288
100
AcDbLine
 10
2249.463646210866
 20
1795.479095189969
 30
0.0
 11
2249.348656210866
 21
1795.48571718997
 31
0.0
  0
LINE
  5
CEC
330
1F
100
AcDbEntity
  8
0
 62
7
370
35
 48
0.060487
100
AcDbLine
 10
2249.348656210866
 20
1795.48571718997
 30
0.0
 11
2249.348656210866
 21
1793.06625318997
 31
0.0
  0
LINE
  5
CED
330
1F
100
AcDbEntity
  8
0
 62
7
370
35
 48
0.230908
100
AcDbLine
 10
2258.584984210866
 20
1793.06625318997
 30
0.0
 11
2249.348656210866
 21
1793.06625318997
 31
0.0
  0
LINE
  5
CEE
330
1F
100
AcDbEntity
  8
0
 62
7
370
35
 48
0.025
100
AcDbLine
 10
2258.584984210866
 20
1792.06625318997
 30
0.0
 11
2258.584984210866
 21
1793.06625318997
 31
0.0
  0
LINE
  5
CEF
330
1F
100
AcDbEntity
  8
0
 62
7
370
35
 48
0.230908
100
AcDbLine
 10
2258.584984210866
 20
1792.06625318997
 30
0.0
 11
2249.348656210866
 21
1792.06625318997
 31
0.0
  0
LINE
  5
CF0
330
1F
100
AcDbEntity
  8
0
 62
7
370
35
 48
0.061814
100
AcDbLine
 10
2249.348656210866
 20
1792.06625318997
 30
0.0
 11
2249.348656210866
 21
1789.59368818997
 31
0.0
  0
ARC
  5
CF1
330
1F
100
AcDbEntity
  8
0
 62
7
370
35
100
AcDbCircle
 10
2249.498680210865
 20
1854.493743189969
 30
0.0
 40
64.900253
100
AcDbArc
 50
269.8675650000364
 51
270.5713339999713
  0
POLYLINE
  5
CF2
330
1F
100
AcDbEntity
  8
0
 62
7
370
35
100
AcDb2dPolyline
 66
1
 10
0.0
 20
0.0
 30
0.0
 70
0
  0
VERTEX
  5
CF3
330
CF2
100
AcDbEntity
  8
0
370
0
100
AcDbVertex
100
AcDb2dVertex
 10
2269.545677210865
 20
1791.43774318997
 30
0.0
 70
0
  0
VERTEX
  5
CF4
330
CF2
100
AcDbEntity
  8
0
370
0
100
AcDbVertex
100
AcDb2dVertex
 10
2268.657555210864
 20
1791.17504818997
 30
0.0
 70
0
  0
VERTEX
  5
CF5
330
CF2
100
AcDbEntity
  8
0
370
0
100
AcDbVertex
100
AcDb2dVertex
 10
2267.835411210866
 20
1790.98272618997
 30
0.0
 70
0
  0
VERTEX
  5
CF6
330
CF2
100
AcDbEntity
  8
0
370
0
100
AcDbVertex
100
AcDb2dVertex
 10
2266.167686210865
 20
1790.67575018997
 30
0.0
 70
0
  0
VERTEX
  5
CF7
330
CF2
100
AcDbEntity
  8
0
370
0
100
AcDbVertex
100
AcDb2dVertex
 10
2264.482689210865
 20
1790.43542418997
 30
0.0
 70
0
  0
VERTEX
  5
CF8
330
CF2
100
AcDbEntity
  8
0
370
0
100
AcDbVertex
100
AcDb2dVertex
 10
2262.788048210865
 20
1790.24050818997
 30
0.0
 70
0
  0
VERTEX
  5
CF9
330
CF2
100
AcDbEntity
  8
0
370
0
100
AcDbVertex
100
AcDb2dVertex
 10
2260.719994210866
 20
1790.04943818997
 30
0.0
 70
0
  0
VERTEX
  5
CFA
330
CF2
100
AcDbEntity
  8
0
370
0
100
AcDbVertex
100
AcDb2dVertex
 10
2258.646568210866
 20
1789.89849818997
 30
0.0
 70
0
  0
VERTEX
  5
CFB
330
CF2
100
AcDbEntity
  8
0
370
0
100
AcDbVertex
100
AcDb2dVertex
 10
2256.288475210865
 20
1789.76766918997
 30
0.0
 70
0
  0
VERTEX
  5
CFC
330
CF2
100
AcDbEntity
  8
0
370
0
100
AcDbVertex
100
AcDb2dVertex
 10
2253.927513210865
 20
1789.674621189969
 30
0.0
 70
0
  0
VERTEX
  5
CFD
330
CF2
100
AcDbEntity
  8
0
370
0
100
AcDbVertex
100
AcDb2dVertex
 10
2250.145836210865
 20
1789.59670918997
 30
0.0
 70
0
  0
SEQEND
  5
CFE
330
1F
100
AcDbEntity
  8
0
370
0
  0
ELLIPSE
  5
CFF
330
1F
100
AcDbEntity
  8
0
 62
7
370
35
100
AcDbEllipse
 10
2248.314269145493
 20
1799.511061177572
 30
0.0
 11
-15.0
 21
-3.0517578125e-05
 31
0.0
 40
0.191011
 41
1.637505999245538
 42
4.645678879106037
  0
LINE
  5
D00
330
1F
100
AcDbEntity
  8
0
 62
7
370
35
 48
0.05897
100
AcDbLine
 10
2249.314147145493
 20
1802.369856177572
 30
0.0
 11
2249.314147145493
 21
1800.011061177572
 31
0.0
  0
LINE
  5
D01
330
1F
100
AcDbEntity
  8
0
 62
7
370
35
 48
0.115262
100
AcDbLine
 10
2253.924621145493
 20
1800.011061177572
 30
0.0
 11
2249.314147145493
 21
1800.011061177572
 31
0.0
  0
LINE
  5
D02
330
1F
100
AcDbEntity
  8
0
 62
7
370
35
 48
0.025
100
AcDbLine
 10
2253.924621145493
 20
1799.011061177572
 30
0.0
 11
2253.924621145493
 21
1800.011061177572
 31
0.0
  0
LINE
  5
D03
330
1F
100
AcDbEntity
  8
0
 62
7
370
35
 48
0.115262
100
AcDbLine
 10
2253.924621145493
 20
1799.011061177572
 30
0.0
 11
2249.314147145493
 21
1799.011061177572
 31
0.0
  0
LINE
  5
D04
330
1F
100
AcDbEntity
  8
0
 62
7
370
35
 48
0.05897
100
AcDbLine
 10
2249.314147145493
 20
1799.011061177572
 30
0.0
 11
2249.314147145493
 21
1796.652266177572
 31
0.0
  0
LINE
  5
DB7
330
1F
100
AcDbEntity
  8
0
100
AcDbLine
 10
2266.591230416652
 20
1785.895355582464
 30
0.0
 11
2266.591230416652
 21
1784.895355582465
 31
0.0
  0
LINE
  5
DB8
330
1F
100
AcDbEntity
  8
0
 62
7
370
35
 48
0.024869
100
AcDbLine
 10
2287.924006023486
 20
1783.342245087418
 30
0.0
 11
2288.918757023486
 21
1783.342245087418
 31
0.0
  0
LINE
  5
DB9
330
1F
100
AcDbEntity
  8
0
 62
7
370
35
 48
0.185517
100
AcDbLine
 10
2287.924006023486
 20
1775.921560087418
 30
0.0
 11
2287.924006023486
 21
1783.342245087418
 31
0.0
  0
LINE
  5
DBA
330
1F
100
AcDbEntity
  8
0
 62
7
370
35
 48
0.102184
100
AcDbLine
 10
2292.011347023486
 20
1775.921560087418
 30
0.0
 11
2287.924006023486
 21
1775.921560087418
 31
0.0
  0
LINE
  5
DBB
330
1F
100
AcDbEntity
  8
0
 62
7
370
35
 48
0.025
100
AcDbLine
 10
2292.011347023486
 20
1774.921560087418
 30
0.0
 11
2292.011347023486
 21
1775.921560087418
 31
0.0
  0
LINE
  5
DBC
330
1F
100
AcDbEntity
  8
0
 62
7
370
35
 48
0.102184
100
AcDbLine
 10
2292.011347023486
 20
1774.921560087418
 30
0.0
 11
2287.924006023486
 21
1774.921560087418
 31
0.0
  0
LINE
  5
DBD
330
1F
100
AcDbEntity
  8
0
 62
7
370
35
 48
0.306416
100
AcDbLine
 10
2287.924006023486
 20
1762.664938087417
 30
0.0
 11
2287.924006023486
 21
1774.921560087418
 31
0.0
  0
LINE
  5
DBE
330
1F
100
AcDbEntity
  8
0
 62
7
370
35
 48
0.118036
100
AcDbLine
 10
2292.645442023487
 20
1762.664938087417
 30
0.0
 11
2287.924006023486
 21
1762.664938087417
 31
0.0
  0
LINE
  5
DBF
330
1F
100
AcDbEntity
  8
0
 62
7
370
35
 48
0.025
100
AcDbLine
 10
2292.645442023487
 20
1761.664938087418
 30
0.0
 11
2292.645442023487
 21
1762.664938087417
 31
0.0
  0
LINE
  5
DC0
330
1F
100
AcDbEntity
  8
0
 62
7
370
35
 48
0.118036
100
AcDbLine
 10
2292.645442023487
 20
1761.664938087418
 30
0.0
 11
2287.924006023486
 21
1761.664938087418
 31
0.0
  0
LINE
  5
DC1
330
1F
100
AcDbEntity
  8
0
 62
7
370
35
 48
0.238072
100
AcDbLine
 10
2287.924006023486
 20
1752.142065087418
 30
0.0
 11
2287.924006023486
 21
1761.664938087418
 31
0.0
  0
LINE
  5
DC2
330
1F
100
AcDbEntity
  8
0
 62
7
370
35
 48
0.130244
100
AcDbLine
 10
2293.133784023487
 20
1752.142065087418
 30
0.0
 11
2287.924006023486
 21
1752.142065087418
 31
0.0
  0
LINE
  5
DC3
330
1F
100
AcDbEntity
  8
0
 62
7
370
35
 48
0.05
100
AcDbLine
 10
2293.133784023487
 20
1750.142065087418
 30
0.0
 11
2293.133784023487
 21
1752.142065087418
 31
0.0
  0
LINE
  5
DC4
330
1F
100
AcDbEntity
  8
0
 62
7
370
35
 48
0.130244
100
AcDbLine
 10
2293.133784023487
 20
1750.142065087418
 30
0.0
 11
2287.924006023486
 21
1750.142065087418
 31
0.0
  0
LINE
  5
DC5
330
1F
100
AcDbEntity
  8
0
 62
7
370
35
 48
0.159953
100
AcDbLine
 10
2287.924006023486
 20
1743.743948087417
 30
0.0
 11
2287.924006023486
 21
1750.142065087418
 31
0.0
  0
LINE
  5
DC6
330
1F
100
AcDbEntity
  8
0
 62
7
370
35
 48
0.115375
100
AcDbLine
 10
2292.538996023486
 20
1743.743948087417
 30
0.0
 11
2287.924006023486
 21
1743.743948087417
 31
0.0
  0
LINE
  5
DC7
330
1F
100
AcDbEntity
  8
0
 62
7
370
35
 48
0.025
100
AcDbLine
 10
2292.538996023486
 20
1742.743948087417
 30
0.0
 11
2292.538996023486
 21
1743.743948087417
 31
0.0
  0
LINE
  5
DC8
330
1F
100
AcDbEntity
  8
0
 62
7
370
35
 48
0.115375
100
AcDbLine
 10
2292.538996023486
 20
1742.743948087417
 30
0.0
 11
2287.924006023486
 21
1742.743948087417
 31
0.0
  0
LINE
  5
DC9
330
1F
100
AcDbEntity
  8
0
 62
7
370
35
 48
0.152547
100
AcDbLine
 10
2287.924006023486
 20
1736.642065087418
 30
0.0
 11
2287.924006023486
 21
1742.743948087417
 31
0.0
  0
LINE
  5
DCA
330
1F
100
AcDbEntity
  8
0
 62
7
370
35
 48
0.058965
100
AcDbLine
 10
2287.924006023486
 20
1736.642065087418
 30
0.0
 11
2290.282587023487
 21
1736.642065087418
 31
0.0
  0
LINE
  5
DCB
330
1F
100
AcDbEntity
  8
0
 62
7
370
35
 48
0.025
100
AcDbLine
 10
2290.282587023487
 20
1735.642065087418
 30
0.0
 11
2290.282587023487
 21
1736.642065087418
 31
0.0
  0
LINE
  5
DCC
330
1F
100
AcDbEntity
  8
0
 62
7
370
35
 48
0.058965
100
AcDbLine
 10
2287.924006023486
 20
1735.642065087418
 30
0.0
 11
2290.282587023487
 21
1735.642065087418
 31
0.0
  0
LINE
  5
DCD
330
1F
100
AcDbEntity
  8
0
 62
7
370
35
 48
0.038461
100
AcDbLine
 10
2287.924006023486
 20
1734.103613087417
 30
0.0
 11
2287.924006023486
 21
1735.642065087418
 31
0.0
  0
POLYLINE
  5
DCE
330
1F
100
AcDbEntity
  8
0
 62
7
370
35
100
AcDb2dPolyline
 66
1
 10
0.0
 20
0.0
 30
0.0
 70
0
  0
VERTEX
  5
DCF
330
DCE
100
AcDbEntity
  8
0
370
0
100
AcDbVertex
100
AcDb2dVertex
 10
2288.918757023486
 20
1783.342245087418
 30
0.0
 70
0
  0
VERTEX
  5
DD0
330
DCE
100
AcDbEntity
  8
0
370
0
100
AcDbVertex
100
AcDb2dVertex
 10
2289.319025023487
 20
1783.039907087417
 30
0.0
 70
0
  0
VERTEX
  5
DD1
330
DCE
100
AcDbEntity
  8
0
370
0
100
AcDbVertex
100
AcDb2dVertex
 10
2289.685236023486
 20
1782.717031087418
 30
0.0
 70
0
  0
VERTEX
  5
DD2
330
DCE
100
AcDbEntity
  8
0
370
0
100
AcDbVertex
100
AcDb2dVertex
 10
2290.432368023487
 20
1781.922491087417
 30
0.0
 70
0
  0
VERTEX
  5
DD3
330
DCE
100
AcDbEntity
  8
0
370
0
100
AcDbVertex
100
AcDb2dVertex
 10
2290.859553023486
 20
1781.385321087418
 30
0.0
 70
0
  0
VERTEX
  5
DD4
330
DCE
100
AcDbEntity
  8
0
370
0
100
AcDbVertex
100
AcDb2dVertex
 10
2291.253352023487
 20
1780.834890087417
 30
0.0
 70
0
  0
VERTEX
  5
DD5
330
DCE
100
AcDbEntity
  8
0
370
0
100
AcDbVertex
100
AcDb2dVertex
 10
2291.705195023487
 20
1780.133978087417
 30
0.0
 70
0
  0
VERTEX
  5
DD6
330
DCE
100
AcDbEntity
  8
0
370
0
100
AcDbVertex
100
AcDb2dVertex
 10
2292.119379023487
 20
1779.420828087417
 30
0.0
 70
0
  0
VERTEX
  5
DD7
330
DCE
100
AcDbEntity
  8
0
370
0
100
AcDbVertex
100
AcDb2dVertex
 10
2292.571589023486
 20
1778.555426087418
 30
0.0
 70
0
  0
VERTEX
  5
DD8
330
DCE
100
AcDbEntity
  8
0
370
0
100
AcDbVertex
100
AcDb2dVertex
 10
2292.978938023486
 20
1777.687368087418
 30
0.0
 70
0
  0
VERTEX
  5
DD9
330
DCE
100
AcDbEntity
  8
0
370
0
100
AcDbVertex
100
AcDb2dVertex
 10
2293.386103023486
 20
1776.724584087417
 30
0.0
 70
0
  0
VERTEX
  5
DDA
330
DCE
100
AcDbEntity
  8
0
370
0
100
AcDbVertex
100
AcDb2dVertex
 10
2293.757197023487
 20
1775.759252087417
 30
0.0
 70
0
  0
VERTEX
  5
DDB
330
DCE
100
AcDbEntity
  8
0
370
0
100
AcDbVertex
100
AcDb2dVertex
 10
2294.612360023487
 20
1773.276968087418
 30
0.0
 70
0
  0
VERTEX
  5
DDC
330
DCE
100
AcDbEntity
  8
0
370
0
100
AcDbVertex
100
AcDb2dVertex
 10
2294.751154023487
 20
1772.850958087418
 30
0.0
 70
0
  0
VERTEX
  5
DDD
330
DCE
100
AcDbEntity
  8
0
370
0
100
AcDbVertex
100
AcDb2dVertex
 10
2295.676753023487
 20
1769.856008087417
 30
0.0
 70
0
  0
VERTEX
  5
DDE
330
DCE
100
AcDbEntity
  8
0
370
0
100
AcDbVertex
100
AcDb2dVertex
 10
2296.123042023486
 20
1768.246099087418
 30
0.0
 70
0
  0
VERTEX
  5
DDF
330
DCE
100
AcDbEntity
  8
0
370
0
100
AcDbVertex
100
AcDb2dVertex
 10
2296.518794023487
 20
1766.625799087417
 30
0.0
 70
0
  0
VERTEX
  5
DE0
330
DCE
100
AcDbEntity
  8
0
370
0
100
AcDbVertex
100
AcDb2dVertex
 10
2296.915522023486
 20
1764.657125087418
 30
0.0
 70
0
  0
VERTEX
  5
DE1
330
DCE
100
AcDbEntity
  8
0
370
0
100
AcDbVertex
100
AcDb2dVertex
 10
2297.227656023487
 20
1762.680548087417
 30
0.0
 70
0
  0
VERTEX
  5
DE2
330
DCE
100
AcDbEntity
  8
0
370
0
100
AcDbVertex
100
AcDb2dVertex
 10
2297.444025023487
 20
1761.081121087417
 30
0.0
 70
0
  0
VERTEX
  5
DE3
330
DCE
100
AcDbEntity
  8
0
370
0
100
AcDbVertex
100
AcDb2dVertex
 10
2297.721064023486
 20
1758.887808087417
 30
0.0
 70
0
  0
VERTEX
  5
DE4
330
DCE
100
AcDbEntity
  8
0
370
0
100
AcDbVertex
100
AcDb2dVertex
 10
2297.975031023486
 20
1756.702978087417
 30
0.0
 70
0
  0
VERTEX
  5
DE5
330
DCE
100
AcDbEntity
  8
0
370
0
100
AcDbVertex
100
AcDb2dVertex
 10
2298.219111023486
 20
1754.129812087418
 30
0.0
 70
0
  0
VERTEX
  5
DE6
330
DCE
100
AcDbEntity
  8
0
370
0
100
AcDbVertex
100
AcDb2dVertex
 10
2298.269526023487
 20
1753.419531087417
 30
0.0
 70
0
  0
VERTEX
  5
DE7
330
DCE
100
AcDbEntity
  8
0
370
0
100
AcDbVertex
100
AcDb2dVertex
 10
2298.354304023487
 20
1751.291372087418
 30
0.0
 70
0
  0
VERTEX
  5
DE8
330
DCE
100
AcDbEntity
  8
0
370
0
100
AcDbVertex
100
AcDb2dVertex
 10
2298.355891023487
 20
1750.751638087417
 30
0.0
 70
0
  0
VERTEX
  5
DE9
330
DCE
100
AcDbEntity
  8
0
370
0
100
AcDbVertex
100
AcDb2dVertex
 10
2298.283381023486
 20
1749.131582087418
 30
0.0
 70
0
  0
VERTEX
  5
DEA
330
DCE
100
AcDbEntity
  8
0
370
0
100
AcDbVertex
100
AcDb2dVertex
 10
2298.203852023487
 20
1748.359259087418
 30
0.0
 70
0
  0
VERTEX
  5
DEB
330
DCE
100
AcDbEntity
  8
0
370
0
100
AcDbVertex
100
AcDb2dVertex
 10
2297.978083023487
 20
1746.823324087418
 30
0.0
 70
0
  0
VERTEX
  5
DEC
330
DCE
100
AcDbEntity
  8
0
370
0
100
AcDbVertex
100
AcDb2dVertex
 10
2297.525385023487
 20
1744.381277087417
 30
0.0
 70
0
  0
VERTEX
  5
DED
330
DCE
100
AcDbEntity
  8
0
370
0
100
AcDbVertex
100
AcDb2dVertex
 10
2297.261408023486
 20
1743.157385087417
 30
0.0
 70
0
  0
VERTEX
  5
DEE
330
DCE
100
AcDbEntity
  8
0
370
0
100
AcDbVertex
100
AcDb2dVertex
 10
2297.145442023487
 20
1742.713934087417
 30
0.0
 70
0
  0
VERTEX
  5
DEF
330
DCE
100
AcDbEntity
  8
0
370
0
100
AcDbVertex
100
AcDb2dVertex
 10
2296.838923023486
 20
1741.870779087417
 30
0.0
 70
0
  0
VERTEX
  5
DF0
330
DCE
100
AcDbEntity
  8
0
370
0
100
AcDbVertex
100
AcDb2dVertex
 10
2296.473200023486
 20
1741.168966087418
 30
0.0
 70
0
  0
VERTEX
  5
DF1
330
DCE
100
AcDbEntity
  8
0
370
0
100
AcDbVertex
100
AcDb2dVertex
 10
2296.040095023486
 20
1740.511373087417
 30
0.0
 70
0
  0
VERTEX
  5
DF2
330
DCE
100
AcDbEntity
  8
0
370
0
100
AcDbVertex
100
AcDb2dVertex
 10
2295.422419023486
 20
1739.712301087417
 30
0.0
 70
0
  0
VERTEX
  5
DF3
330
DCE
100
AcDbEntity
  8
0
370
0
100
AcDbVertex
100
AcDb2dVertex
 10
2294.259028023486
 20
1738.338644087417
 30
0.0
 70
0
  0
VERTEX
  5
DF4
330
DCE
100
AcDbEntity
  8
0
370
0
100
AcDbVertex
100
AcDb2dVertex
 10
2293.396967023487
 20
1737.298498087417
 30
0.0
 70
0
  0
VERTEX
  5
DF5
330
DCE
100
AcDbEntity
  8
0
370
0
100
AcDbVertex
100
AcDb2dVertex
 10
2292.584040023486
 20
1736.310079087418
 30
0.0
 70
0
  0
VERTEX
  5
DF6
330
DCE
100
AcDbEntity
  8
0
370
0
100
AcDbVertex
100
AcDb2dVertex
 10
2292.397028023486
 20
1736.100103087418
 30
0.0
 70
0
  0
VERTEX
  5
DF7
330
DCE
100
AcDbEntity
  8
0
370
0
100
AcDbVertex
100
AcDb2dVertex
 10
2291.799677023487
 20
1735.534262087417
 30
0.0
 70
0
  0
VERTEX
  5
DF8
330
DCE
100
AcDbEntity
  8
0
370
0
100
AcDbVertex
100
AcDb2dVertex
 10
2291.202937023487
 20
1735.122015087418
 30
0.0
 70
0
  0
VERTEX
  5
DF9
330
DCE
100
AcDbEntity
  8
0
370
0
100
AcDbVertex
100
AcDb2dVertex
 10
2290.526545023487
 20
1734.776174087417
 30
0.0
 70
0
  0
VERTEX
  5
DFA
330
DCE
100
AcDbEntity
  8
0
370
0
100
AcDbVertex
100
AcDb2dVertex
 10
2289.819331023487
 20
1734.505911087418
 30
0.0
 70
0
  0
VERTEX
  5
DFB
330
DCE
100
AcDbEntity
  8
0
370
0
100
AcDbVertex
100
AcDb2dVertex
 10
2289.082392023486
 20
1734.299383087417
 30
0.0
 70
0
  0
VERTEX
  5
DFC
330
DCE
100
AcDbEntity
  8
0
370
0
100
AcDbVertex
100
AcDb2dVertex
 10
2287.924006023486
 20
1734.103613087417
 30
0.0
 70
0
  0
SEQEND
  5
DFD
330
1F
100
AcDbEntity
  8
0
370
0
  0
LINE
  5
E00
330
1F
100
AcDbEntity
  8
0
 62
7
370
35
 48
0.057916
100
AcDbLine
 10
2250.763525119122
 20
1761.980020848945
 30
0.0
 11
2248.446875119122
 21
1761.980020848945
 31
0.0
  0
LINE
  5
E01
330
1F
100
AcDbEntity
  8
0
 62
7
370
35
 48
0.025
100
AcDbLine
 10
2250.763525119122
 20
1760.980020848945
 30
0.0
 11
2250.763525119122
 21
1761.980020848945
 31
0.0
  0
LINE
  5
E02
330
1F
100
AcDbEntity
  8
0
 62
7
370
35
 48
0.057916
100
AcDbLine
 10
2250.763525119122
 20
1760.980020848945
 30
0.0
 11
2248.446875119122
 21
1760.980020848945
 31
0.0
  0
LINE
  5
E03
330
1F
100
AcDbEntity
  8
0
 62
7
370
35
 48
0.298663
100
AcDbLine
 10
2248.446875119122
 20
1760.980020848945
 30
0.0
 11
2248.446875119122
 21
1749.033487848945
 31
0.0
  0
LINE
  5
E04
330
1F
100
AcDbEntity
  8
0
 62
7
370
35
 48
0.102184
100
AcDbLine
 10
2252.534216119121
 20
1749.033487848945
 30
0.0
 11
2248.446875119122
 21
1749.033487848945
 31
0.0
  0
LINE
  5
E05
330
1F
100
AcDbEntity
  8
0
 62
7
370
35
 48
0.025
100
AcDbLine
 10
2252.534216119121
 20
1748.033487848944
 30
0.0
 11
2252.534216119121
 21
1749.033487848945
 31
0.0
  0
LINE
  5
E06
330
1F
100
AcDbEntity
  8
0
 62
7
370
35
 48
0.102184
100
AcDbLine
 10
2252.534216119121
 20
1748.033487848944
 30
0.0
 11
2248.446875119122
 21
1748.033487848944
 31
0.0
  0
LINE
  5
E07
330
1F
100
AcDbEntity
  8
0
 62
7
370
35
 48
0.306416
100
AcDbLine
 10
2248.446875119122
 20
1748.033487848944
 30
0.0
 11
2248.446875119122
 21
1735.776865848945
 31
0.0
  0
LINE
  5
E08
330
1F
100
AcDbEntity
  8
0
 62
7
370
35
 48
0.324052
100
AcDbLine
 10
2261.408972119121
 20
1735.776865848945
 30
0.0
 11
2248.446875119122
 21
1735.776865848945
 31
0.0
  0
LINE
  5
E09
330
1F
100
AcDbEntity
  8
0
 62
7
370
35
 48
0.061295
100
AcDbLine
 10
2261.408972119121
 20
1735.776865848945
 30
0.0
 11
2261.408972119121
 21
1738.228677848945
 31
0.0
  0
POLYLINE
  5
E0A
330
1F
100
AcDbEntity
  8
0
 62
7
370
35
100
AcDb2dPolyline
 66
1
 10
0.0
 20
0.0
 30
0.0
 70
0
  0
VERTEX
  5
E0B
330
E0A
100
AcDbEntity
  8
0
370
0
100
AcDbVertex
100
AcDb2dVertex
 10
2261.408972119121
 20
1738.228677848945
 30
0.0
 70
0
  0
VERTEX
  5
E0C
330
E0A
100
AcDbEntity
  8
0
370
0
100
AcDbVertex
100
AcDb2dVertex
 10
2260.502234119122
 20
1738.536447848944
 30
0.0
 70
0
  0
VERTEX
  5
E0D
330
E0A
100
AcDbEntity
  8
0
370
0
100
AcDbVertex
100
AcDb2dVertex
 10
2259.774084119122
 20
1738.726175848945
 30
0.0
 70
0
  0
VERTEX
  5
E0E
330
E0A
100
AcDbEntity
  8
0
370
0
100
AcDbVertex
100
AcDb2dVertex
 10
2259.049231119121
 20
1738.872110848944
 30
0.0
 70
0
  0
VERTEX
  5
E0F
330
E0A
100
AcDbEntity
  8
0
370
0
100
AcDbVertex
100
AcDb2dVertex
 10
2258.306006119122
 20
1738.983972848944
 30
0.0
 70
0
  0
SEQEND
  5
E10
330
1F
100
AcDbEntity
  8
0
370
0
  0
POLYLINE
  5
E11
330
1F
100
AcDbEntity
  8
0
 62
7
370
35
100
AcDb2dPolyline
 66
1
 10
0.0
 20
0.0
 30
0.0
 70
0
  0
VERTEX
  5
E12
330
E11
100
AcDbEntity
  8
0
370
0
100
AcDbVertex
100
AcDb2dVertex
 10
2256.621497119121
 20
1748.033487848944
 30
0.0
 70
0
  0
VERTEX
  5
E13
330
E11
100
AcDbEntity
  8
0
370
0
100
AcDbVertex
100
AcDb2dVertex
 10
2257.088904119121
 20
1745.729059848944
 30
0.0
 70
0
  0
VERTEX
  5
E14
330
E11
100
AcDbEntity
  8
0
370
0
100
AcDbVertex
100
AcDb2dVertex
 10
2257.870337119121
 20
1741.651926848945
 30
0.0
 70
0
  0
VERTEX
  5
E15
330
E11
100
AcDbEntity
  8
0
370
0
100
AcDbVertex
100
AcDb2dVertex
 10
2258.306006119122
 20
1738.983972848944
 30
0.0
 70
0
  0
SEQEND
  5
E16
330
1F
100
AcDbEntity
  8
0
370
0
  0
LINE
  5
E17
330
1F
100
AcDbEntity
  8
0
 62
7
370
35
 48
0.025551
100
AcDbLine
 10
2256.410437119122
 20
1749.033487848945
 30
0.0
 11
2256.621497119121
 21
1748.033487848944
 31
0.0
  0
POLYLINE
  5
E18
330
1F
100
AcDbEntity
  8
0
 62
7
370
35
100
AcDb2dPolyline
 66
1
 10
0.0
 20
0.0
 30
0.0
 70
0
  0
VERTEX
  5
E19
330
E18
100
AcDbEntity
  8
0
370
0
100
AcDbVertex
100
AcDb2dVertex
 10
2253.080176119121
 20
1760.980020848945
 30
0.0
 70
0
  0
VERTEX
  5
E1A
330
E18
100
AcDbEntity
  8
0
370
0
100
AcDbVertex
100
AcDb2dVertex
 10
2253.881811119121
 20
1758.351007848944
 30
0.0
 70
0
  0
VERTEX
  5
E1B
330
E18
100
AcDbEntity
  8
0
370
0
100
AcDbVertex
100
AcDb2dVertex
 10
2254.782446119121
 20
1755.362039848944
 30
0.0
 70
0
  0
VERTEX
  5
E1C
330
E18
100
AcDbEntity
  8
0
370
0
100
AcDbVertex
100
AcDb2dVertex
 10
2255.601538119121
 20
1752.433847848944
 30
0.0
 70
0
  0
VERTEX
  5
E1D
330
E18
100
AcDbEntity
  8
0
370
0
100
AcDbVertex
100
AcDb2dVertex
 10
2256.410437119122
 20
1749.033487848945
 30
0.0
 70
0
  0
SEQEND
  5
E1E
330
1F
100
AcDbEntity
  8
0
370
0
  0
POLYLINE
  5
E21
330
1F
100
AcDbEntity
  8
0
 62
7
370
35
100
AcDb2dPolyline
 66
1
 10
0.0
 20
0.0
 30
0.0
 70
0
  0
VERTEX
  5
E22
330
E21
100
AcDbEntity
  8
0
370
0
100
AcDbVertex
100
AcDb2dVertex
 10
2302.162481459669
 20
1772.802961129709
 30
0.0
 70
0
  0
VERTEX
  5
E23
330
E21
100
AcDbEntity
  8
0
370
0
100
AcDbVertex
100
AcDb2dVertex
 10
2303.13171945967
 20
1772.486478129708
 30
0.0
 70
0
  0
VERTEX
  5
E24
330
E21
100
AcDbEntity
  8
0
370
0
100
AcDbVertex
100
AcDb2dVertex
 10
2303.856939459669
 20
1772.306135129708
 30
0.0
 70
0
  0
VERTEX
  5
E25
330
E21
100
AcDbEntity
  8
0
370
0
100
AcDbVertex
100
AcDb2dVertex
 10
2304.612249459669
 20
1772.161344129709
 30
0.0
 70
0
  0
VERTEX
  5
E26
330
E21
100
AcDbEntity
  8
0
370
0
100
AcDbVertex
100
AcDb2dVertex
 10
2305.38696845967
 20
1772.051282129709
 30
0.0
 70
0
  0
VERTEX
  5
E27
330
E21
100
AcDbEntity
  8
0
370
0
100
AcDbVertex
100
AcDb2dVertex
 10
2306.987554459669
 20
1771.919721129708
 30
0.0
 70
0
  0
VERTEX
  5
E28
330
E21
100
AcDbEntity
  8
0
370
0
100
AcDbVertex
100
AcDb2dVertex
 10
2308.02710545967
 20
1771.885007129708
 30
0.0
 70
0
  0
VERTEX
  5
E29
330
E21
100
AcDbEntity
  8
0
370
0
100
AcDbVertex
100
AcDb2dVertex
 10
2310.159612459669
 20
1771.889173129707
 30
0.0
 70
0
  0
SEQEND
  5
E2A
330
1F
100
AcDbEntity
  8
0
370
0
  0
LINE
  5
E2B
330
1F
100
AcDbEntity
  8
0
 62
7
370
35
 48
0.138966
100
AcDbLine
 10
2302.162481459669
 20
1772.802961129709
 30
0.0
 11
2302.162481459669
 21
1778.361616129708
 31
0.0
  0
LINE
  5
E2C
330
1F
100
AcDbEntity
  8
0
 62
7
370
35
 48
0.324052
100
AcDbLine
 10
2302.162481459669
 20
1778.361616129708
 30
0.0
 11
2315.12457845967
 21
1778.361616129708
 31
0.0
  0
LINE
  5
E2D
330
1F
100
AcDbEntity
  8
0
 62
7
370
35
 48
0.152547
100
AcDbLine
 10
2315.12457845967
 20
1778.361616129708
 30
0.0
 11
2315.12457845967
 21
1772.259733129708
 31
0.0
  0
LINE
  5
E2E
330
1F
100
AcDbEntity
  8
0
 62
7
370
35
 48
0.058965
100
AcDbLine
 10
2315.12457845967
 20
1772.259733129708
 30
0.0
 11
2312.765997459669
 21
1772.259733129708
 31
0.0
  0
LINE
  5
E2F
330
1F
100
AcDbEntity
  8
0
 62
7
370
35
 48
0.025
100
AcDbLine
 10
2312.765997459669
 20
1771.259733129708
 30
0.0
 11
2312.765997459669
 21
1772.259733129708
 31
0.0
  0
LINE
  5
E30
330
1F
100
AcDbEntity
  8
0
 62
7
370
35
 48
0.058965
100
AcDbLine
 10
2315.12457845967
 20
1771.259733129708
 30
0.0
 11
2312.765997459669
 21
1771.259733129708
 31
0.0
  0
LINE
  5
E31
330
1F
100
AcDbEntity
  8
0
 62
7
370
35
 48
0.08623
100
AcDbLine
 10
2315.12457845967
 20
1771.259733129708
 30
0.0
 11
2315.12457845967
 21
1767.810529129709
 31
0.0
  0
LINE
  5
E32
330
1F
100
AcDbEntity
  8
0
 62
7
370
35
 48
0.049579
100
AcDbLine
 10
2315.12457845967
 20
1767.810529129709
 30
0.0
 11
2313.141424459669
 21
1767.810529129709
 31
0.0
  0
LINE
  5
E33
330
1F
100
AcDbEntity
  8
0
 62
7
370
35
 48
0.025
100
AcDbLine
 10
2313.141424459669
 20
1766.810529129709
 30
0.0
 11
2313.141424459669
 21
1767.810529129709
 31
0.0
  0
LINE
  5
E34
330
1F
100
AcDbEntity
  8
0
 62
7
370
35
 48
0.049579
100
AcDbLine
 10
2315.12457845967
 20
1766.810529129709
 30
0.0
 11
2313.141424459669
 21
1766.810529129709
 31
0.0
  0
LINE
  5
E35
330
1F
100
AcDbEntity
  8
0
 62
7
370
35
 48
0.073843
100
AcDbLine
 10
2315.12457845967
 20
1766.810529129709
 30
0.0
 11
2315.12457845967
 21
1763.856794129709
 31
0.0
  0
LINE
  5
E36
330
1F
100
AcDbEntity
  8
0
 62
7
370
35
 48
0.061044
100
AcDbLine
 10
2315.12457845967
 20
1763.856794129709
 30
0.0
 11
2312.682806459669
 21
1763.856794129709
 31
0.0
  0
LINE
  5
E37
330
1F
100
AcDbEntity
  8
0
 62
7
370
35
 48
0.025
100
AcDbLine
 10
2312.682806459669
 20
1763.856794129709
 30
0.0
 11
2312.682806459669
 21
1762.856794129709
 31
0.0
  0
LINE
  5
E38
330
1F
100
AcDbEntity
  8
0
 62
7
370
35
 48
0.061044
100
AcDbLine
 10
2315.12457845967
 20
1762.856794129709
 30
0.0
 11
2312.682806459669
 21
1762.856794129709
 31
0.0
  0
LINE
  5
E39
330
1F
100
AcDbEntity
  8
0
 62
7
370
35
 48
0.089348
100
AcDbLine
 10
2315.12457845967
 20
1762.856794129709
 30
0.0
 11
2315.12457845967
 21
1759.282880129708
 31
0.0
  0
LINE
  5
E3A
330
1F
100
AcDbEntity
  8
0
 62
7
370
35
 48
0.060738
100
AcDbLine
 10
2315.12457845967
 20
1759.282880129708
 30
0.0
 11
2312.695074459669
 21
1759.282880129708
 31
0.0
  0
LINE
  5
E3B
330
1F
100
AcDbEntity
  8
0
 62
7
370
35
 48
0.025
100
AcDbLine
 10
2312.695074459669
 20
1758.282880129708
 30
0.0
 11
2312.695074459669
 21
1759.282880129708
 31
0.0
  0
LINE
  5
E3C
330
1F
100
AcDbEntity
  8
0
 62
7
370
35
 48
0.060738
100
AcDbLine
 10
2315.12457845967
 20
1758.282880129708
 30
0.0
 11
2312.695074459669
 21
1758.282880129708
 31
0.0
  0
LINE
  5
E3D
330
1F
100
AcDbEntity
  8
0
 62
7
370
35
 48
0.079658
100
AcDbLine
 10
2315.12457845967
 20
1758.282880129708
 30
0.0
 11
2315.12457845967
 21
1755.096570129708
 31
0.0
  0
LINE
  5
E3E
330
1F
100
AcDbEntity
  8
0
 62
7
370
35
 48
0.035756
100
AcDbLine
 10
2315.12457845967
 20
1755.096570129708
 30
0.0
 11
2313.694341459669
 21
1755.096570129708
 31
0.0
  0
LINE
  5
E3F
330
1F
100
AcDbEntity
  8
0
 62
7
370
35
 48
0.025
100
AcDbLine
 10
2313.694341459669
 20
1754.096570129708
 30
0.0
 11
2313.694341459669
 21
1755.096570129708
 31
0.0
  0
LINE
  5
E40
330
1F
100
AcDbEntity
  8
0
 62
7
370
35
 48
0.035756
100
AcDbLine
 10
2315.12457845967
 20
1754.096570129708
 30
0.0
 11
2313.694341459669
 21
1754.096570129708
 31
0.0
  0
LINE
  5
E41
330
1F
100
AcDbEntity
  8
0
 62
7
370
35
 48
0.017638
100
AcDbLine
 10
2315.12457845967
 20
1754.096570129708
 30
0.0
 11
2315.12457845967
 21
1753.391035129709
 31
0.0
  0
LINE
  5
E42
330
1F
100
AcDbEntity
  8
0
 62
7
370
35
 48
0.02178
100
AcDbLine
 10
2315.12457845967
 20
1753.391035129709
 30
0.0
 11
2314.253362459669
 21
1753.391035129709
 31
0.0
  0
LINE
  5
E43
330
1F
100
AcDbEntity
  8
0
 62
7
370
35
 48
0.025
100
AcDbLine
 10
2314.253362459669
 20
1752.391035129708
 30
0.0
 11
2314.253362459669
 21
1753.391035129709
 31
0.0
  0
LINE
  5
E44
330
1F
100
AcDbEntity
  8
0
 62
7
370
35
 48
0.02178
100
AcDbLine
 10
2315.12457845967
 20
1752.391035129708
 30
0.0
 11
2314.253362459669
 21
1752.391035129708
 31
0.0
  0
LINE
  5
E45
330
1F
100
AcDbEntity
  8
0
 62
7
370
35
 48
0.087161
100
AcDbLine
 10
2315.12457845967
 20
1752.391035129708
 30
0.0
 11
2315.12457845967
 21
1748.904600129708
 31
0.0
  0
POLYLINE
  5
E46
330
1F
100
AcDbEntity
  8
0
 62
7
370
35
100
AcDb2dPolyline
 66
1
 10
0.0
 20
0.0
 30
0.0
 70
0
  0
VERTEX
  5
E47
330
E46
100
AcDbEntity
  8
0
370
0
100
AcDbVertex
100
AcDb2dVertex
 10
2315.12457845967
 20
1748.904600129708
 30
0.0
 70
0
  0
VERTEX
  5
E48
330
E46
100
AcDbEntity
  8
0
370
0
100
AcDbVertex
100
AcDb2dVertex
 10
2314.146795459669
 20
1750.888837129708
 30
0.0
 70
0
  0
VERTEX
  5
E49
330
E46
100
AcDbEntity
  8
0
370
0
100
AcDbVertex
100
AcDb2dVertex
 10
2313.333440459669
 20
1752.487653129708
 30
0.0
 70
0
  0
VERTEX
  5
E4A
330
E46
100
AcDbEntity
  8
0
370
0
100
AcDbVertex
100
AcDb2dVertex
 10
2312.664373459669
 20
1753.568799129709
 30
0.0
 70
0
  0
VERTEX
  5
E4B
330
E46
100
AcDbEntity
  8
0
370
0
100
AcDbVertex
100
AcDb2dVertex
 10
2311.841436459669
 20
1754.850385129708
 30
0.0
 70
0
  0
SEQEND
  5
E4C
330
1F
100
AcDbEntity
  8
0
370
0
  0
POLYLINE
  5
E4D
330
1F
100
AcDbEntity
  8
0
 62
7
370
35
100
AcDb2dPolyline
 66
1
 10
0.0
 20
0.0
 30
0.0
 70
0
  0
VERTEX
  5
E4E
330
E4D
100
AcDbEntity
  8
0
370
0
100
AcDbVertex
100
AcDb2dVertex
 10
2310.158758459669
 20
1762.203107129709
 30
0.0
 70
0
  0
VERTEX
  5
E4F
330
E4D
100
AcDbEntity
  8
0
370
0
100
AcDbVertex
100
AcDb2dVertex
 10
2310.132513459669
 20
1760.788038129708
 30
0.0
 70
0
  0
VERTEX
  5
E50
330
E4D
100
AcDbEntity
  8
0
370
0
100
AcDbVertex
100
AcDb2dVertex
 10
2310.130437459669
 20
1760.079465129708
 30
0.0
 70
0
  0
VERTEX
  5
E51
330
E4D
100
AcDbEntity
  8
0
370
0
100
AcDbVertex
100
AcDb2dVertex
 10
2310.170049459669
 20
1759.057996129708
 30
0.0
 70
0
  0
VERTEX
  5
E52
330
E4D
100
AcDbEntity
  8
0
370
0
100
AcDbVertex
100
AcDb2dVertex
 10
2310.205633459669
 20
1758.679883129708
 30
0.0
 70
0
  0
VERTEX
  5
E53
330
E4D
100
AcDbEntity
  8
0
370
0
100
AcDbVertex
100
AcDb2dVertex
 10
2310.305059459669
 20
1758.099531129708
 30
0.0
 70
0
  0
VERTEX
  5
E54
330
E4D
100
AcDbEntity
  8
0
370
0
100
AcDbVertex
100
AcDb2dVertex
 10
2310.47809445967
 20
1757.541456129708
 30
0.0
 70
0
  0
VERTEX
  5
E55
330
E4D
100
AcDbEntity
  8
0
370
0
100
AcDbVertex
100
AcDb2dVertex
 10
2310.68945845967
 20
1757.053983129708
 30
0.0
 70
0
  0
VERTEX
  5
E56
330
E4D
100
AcDbEntity
  8
0
370
0
100
AcDbVertex
100
AcDb2dVertex
 10
2311.186468459669
 20
1756.115293129708
 30
0.0
 70
0
  0
VERTEX
  5
E57
330
E4D
100
AcDbEntity
  8
0
370
0
100
AcDbVertex
100
AcDb2dVertex
 10
2311.841436459669
 20
1754.850385129708
 30
0.0
 70
0
  0
SEQEND
  5
E58
330
1F
100
AcDbEntity
  8
0
370
0
  0
POLYLINE
  5
E59
330
1F
100
AcDbEntity
  8
0
 62
7
370
35
100
AcDb2dPolyline
 66
1
 10
0.0
 20
0.0
 30
0.0
 70
0
  0
VERTEX
  5
E5A
330
E59
100
AcDbEntity
  8
0
370
0
100
AcDbVertex
100
AcDb2dVertex
 10
2310.15967345967
 20
1771.889173129707
 30
0.0
 70
0
  0
VERTEX
  5
E5B
330
E59
100
AcDbEntity
  8
0
370
0
100
AcDbVertex
100
AcDb2dVertex
 10
2310.501226459669
 20
1770.978849129708
 30
0.0
 70
0
  0
VERTEX
  5
E5C
330
E59
100
AcDbEntity
  8
0
370
0
100
AcDbVertex
100
AcDb2dVertex
 10
2310.807867459669
 20
1769.892957129708
 30
0.0
 70
0
  0
VERTEX
  5
E5D
330
E59
100
AcDbEntity
  8
0
370
0
100
AcDbVertex
100
AcDb2dVertex
 10
2311.066290459669
 20
1768.829084129708
 30
0.0
 70
0
  0
VERTEX
  5
E5E
330
E59
100
AcDbEntity
  8
0
370
0
100
AcDbVertex
100
AcDb2dVertex
 10
2311.15100645967
 20
1768.396909129708
 30
0.0
 70
0
  0
VERTEX
  5
E5F
330
E59
100
AcDbEntity
  8
0
370
0
100
AcDbVertex
100
AcDb2dVertex
 10
2311.20941745967
 20
1767.968503129709
 30
0.0
 70
0
  0
VERTEX
  5
E60
330
E59
100
AcDbEntity
  8
0
370
0
100
AcDbVertex
100
AcDb2dVertex
 10
2311.23071845967
 20
1767.517057129708
 30
0.0
 70
0
  0
VERTEX
  5
E61
330
E59
100
AcDbEntity
  8
0
370
0
100
AcDbVertex
100
AcDb2dVertex
 10
2311.203008459669
 20
1767.080945129708
 30
0.0
 70
0
  0
VERTEX
  5
E62
330
E59
100
AcDbEntity
  8
0
370
0
100
AcDbVertex
100
AcDb2dVertex
 10
2311.146123459669
 20
1766.753660129708
 30
0.0
 70
0
  0
VERTEX
  5
E63
330
E59
100
AcDbEntity
  8
0
370
0
100
AcDbVertex
100
AcDb2dVertex
 10
2310.950628459669
 20
1766.107831129709
 30
0.0
 70
0
  0
VERTEX
  5
E64
330
E59
100
AcDbEntity
  8
0
370
0
100
AcDbVertex
100
AcDb2dVertex
 10
2310.567571459669
 20
1765.130292129708
 30
0.0
 70
0
  0
VERTEX
  5
E65
330
E59
100
AcDbEntity
  8
0
370
0
100
AcDbVertex
100
AcDb2dVertex
 10
2310.337774459669
 20
1764.392133129709
 30
0.0
 70
0
  0
VERTEX
  5
E66
330
E59
100
AcDbEntity
  8
0
370
0
100
AcDbVertex
100
AcDb2dVertex
 10
2310.213384459669
 20
1763.579343129709
 30
0.0
 70
0
  0
VERTEX
  5
E67
330
E59
100
AcDbEntity
  8
0
370
0
100
AcDbVertex
100
AcDb2dVertex
 10
2310.187566459669
 20
1763.141141129709
 30
0.0
 70
0
  0
VERTEX
  5
E68
330
E59
100
AcDbEntity
  8
0
370
0
100
AcDbVertex
100
AcDb2dVertex
 10
2310.158758459669
 20
1762.203107129709
 30
0.0
 70
0
  0
SEQEND
  5
E69
330
1F
100
AcDbEntity
  8
0
370
0
  0
LINE
  5
E6C
330
1F
100
AcDbEntity
  8
0
 62
7
370
35
 48
0.057916
100
AcDbLine
 10
2304.448582743801
 20
1761.980020848945
 30
0.0
 11
2302.131932743801
 21
1761.980020848945
 31
0.0
  0
LINE
  5
E6D
330
1F
100
AcDbEntity
  8
0
 62
7
370
35
 48
0.025
100
AcDbLine
 10
2304.448582743801
 20
1760.980020848945
 30
0.0
 11
2304.448582743801
 21
1761.980020848945
 31
0.0
  0
LINE
  5
E6E
330
1F
100
AcDbEntity
  8
0
 62
7
370
35
 48
0.057916
100
AcDbLine
 10
2304.448582743801
 20
1760.980020848945
 30
0.0
 11
2302.131932743801
 21
1760.980020848945
 31
0.0
  0
LINE
  5
E6F
330
1F
100
AcDbEntity
  8
0
 62
7
370
35
 48
0.298663
100
AcDbLine
 10
2302.131932743801
 20
1760.980020848945
 30
0.0
 11
2302.131932743801
 21
1749.033487848945
 31
0.0
  0
LINE
  5
E70
330
1F
100
AcDbEntity
  8
0
 62
7
370
35
 48
0.102184
100
AcDbLine
 10
2306.219273743801
 20
1749.033487848945
 30
0.0
 11
2302.131932743801
 21
1749.033487848945
 31
0.0
  0
LINE
  5
E71
330
1F
100
AcDbEntity
  8
0
 62
7
370
35
 48
0.025
100
AcDbLine
 10
2306.219273743801
 20
1748.033487848944
 30
0.0
 11
2306.219273743801
 21
1749.033487848945
 31
0.0
  0
LINE
  5
E72
330
1F
100
AcDbEntity
  8
0
 62
7
370
35
 48
0.102184
100
AcDbLine
 10
2306.219273743801
 20
1748.033487848944
 30
0.0
 11
2302.131932743801
 21
1748.033487848944
 31
0.0
  0
LINE
  5
E73
330
1F
100
AcDbEntity
  8
0
 62
7
370
35
 48
0.306416
100
AcDbLine
 10
2302.131932743801
 20
1748.033487848944
 30
0.0
 11
2302.131932743801
 21
1735.776865848945
 31
0.0
  0
LINE
  5
E74
330
1F
100
AcDbEntity
  8
0
 62
7
370
35
 48
0.324052
100
AcDbLine
 10
2315.094029743801
 20
1735.776865848945
 30
0.0
 11
2302.131932743801
 21
1735.776865848945
 31
0.0
  0
LINE
  5
E75
330
1F
100
AcDbEntity
  8
0
 62
7
370
35
 48
0.061295
100
AcDbLine
 10
2315.094029743801
 20
1735.776865848945
 30
0.0
 11
2315.094029743801
 21
1738.228677848945
 31
0.0
  0
POLYLINE
  5
E76
330
1F
100
AcDbEntity
  8
0
 62
7
370
35
100
AcDb2dPolyline
 66
1
 10
0.0
 20
0.0
 30
0.0
 70
0
  0
VERTEX
  5
E77
330
E76
100
AcDbEntity
  8
0
370
0
100
AcDbVertex
100
AcDb2dVertex
 10
2315.094029743801
 20
1738.228677848945
 30
0.0
 70
0
  0
VERTEX
  5
E78
330
E76
100
AcDbEntity
  8
0
370
0
100
AcDbVertex
100
AcDb2dVertex
 10
2314.187291743801
 20
1738.536447848944
 30
0.0
 70
0
  0
VERTEX
  5
E79
330
E76
100
AcDbEntity
  8
0
370
0
100
AcDbVertex
100
AcDb2dVertex
 10
2313.459141743801
 20
1738.726175848945
 30
0.0
 70
0
  0
VERTEX
  5
E7A
330
E76
100
AcDbEntity
  8
0
370
0
100
AcDbVertex
100
AcDb2dVertex
 10
2312.734288743801
 20
1738.872110848944
 30
0.0
 70
0
  0
VERTEX
  5
E7B
330
E76
100
AcDbEntity
  8
0
370
0
100
AcDbVertex
100
AcDb2dVertex
 10
2311.991063743801
 20
1738.983972848944
 30
0.0
 70
0
  0
SEQEND
  5
E7C
330
1F
100
AcDbEntity
  8
0
370
0
  0
POLYLINE
  5
E7D
330
1F
100
AcDbEntity
  8
0
 62
7
370
35
100
AcDb2dPolyline
 66
1
 10
0.0
 20
0.0
 30
0.0
 70
0
  0
VERTEX
  5
E7E
330
E7D
100
AcDbEntity
  8
0
370
0
100
AcDbVertex
100
AcDb2dVertex
 10
2310.306554743801
 20
1748.033487848944
 30
0.0
 70
0
  0
VERTEX
  5
E7F
330
E7D
100
AcDbEntity
  8
0
370
0
100
AcDbVertex
100
AcDb2dVertex
 10
2310.773961743801
 20
1745.729059848944
 30
0.0
 70
0
  0
VERTEX
  5
E80
330
E7D
100
AcDbEntity
  8
0
370
0
100
AcDbVertex
100
AcDb2dVertex
 10
2311.555394743801
 20
1741.651926848945
 30
0.0
 70
0
  0
VERTEX
  5
E81
330
E7D
100
AcDbEntity
  8
0
370
0
100
AcDbVertex
100
AcDb2dVertex
 10
2311.991063743801
 20
1738.983972848944
 30
0.0
 70
0
  0
SEQEND
  5
E82
330
1F
100
AcDbEntity
  8
0
370
0
  0
LINE
  5
E83
330
1F
100
AcDbEntity
  8
0
 62
7
370
35
 48
0.025551
100
AcDbLine
 10
2310.095494743801
 20
1749.033487848945
 30
0.0
 11
2310.306554743801
 21
1748.033487848944
 31
0.0
  0
POLYLINE
  5
E84
330
1F
100
AcDbEntity
  8
0
 62
7
370
35
100
AcDb2dPolyline
 66
1
 10
0.0
 20
0.0
 30
0.0
 70
0
  0
VERTEX
  5
E85
330
E84
100
AcDbEntity
  8
0
370
0
100
AcDbVertex
100
AcDb2dVertex
 10
2306.765233743801
 20
1760.980020848945
 30
0.0
 70
0
  0
VERTEX
  5
E86
330
E84
100
AcDbEntity
  8
0
370
0
100
AcDbVertex
100
AcDb2dVertex
 10
2307.566868743801
 20
1758.351007848944
 30
0.0
 70
0
  0
VERTEX
  5
E87
330
E84
100
AcDbEntity
  8
0
370
0
100
AcDbVertex
100
AcDb2dVertex
 10
2308.467503743801
 20
1755.362039848944
 30
0.0
 70
0
  0
VERTEX
  5
E88
330
E84
100
AcDbEntity
  8
0
370
0
100
AcDbVertex
100
AcDb2dVertex
 10
2309.286595743801
 20
1752.433847848944
 30
0.0
 70
0
  0
VERTEX
  5
E89
330
E84
100
AcDbEntity
  8
0
370
0
100
AcDbVertex
100
AcDb2dVertex
 10
2310.095494743801
 20
1749.033487848945
 30
0.0
 70
0
  0
SEQEND
  5
E8A
330
1F
100
AcDbEntity
  8
0
370
0
  0
LINE
  5
E8B
330
1F
100
AcDbEntity
  8
0
 62
7
370
35
 48
0.026148
100
AcDbLine
 10
2306.458775743801
 20
1761.980020848945
 30
0.0
 11
2306.765233743801
 21
1760.980020848945
 31
0.0
  0
ARC
  5
E8C
330
1F
100
AcDbEntity
  8
0
 62
7
370
35
100
AcDbCircle
 10
2157.065220743801
 20
1716.243997848945
 30
0.0
 40
156.237279
100
AcDbArc
 50
17.02168699996694
 51
18.80846399999362
  0
ARC
  5
E91
330
1F
100
AcDbEntity
  8
0
 62
7
370
35
100
AcDbCircle
 10
2325.155553902161
 20
1793.651507081476
 30
0.0
 40
3.057028999999998
100
AcDbArc
 50
289.0937639999911
 51
1.295670999997303
  0
LINE
  5
E92
330
1F
100
AcDbEntity
  8
0
 62
7
370
35
 48
0.029626
100
AcDbLine
 10
2327.026768902161
 20
1793.720630081476
 30
0.0
 11
2328.211827902162
 21
1793.720630081476
 31
0.0
  0
LINE
  5
E93
330
1F
100
AcDbEntity
  8
0
 62
7
370
35
 48
0.025
100
AcDbLine
 10
2327.026768902161
 20
1794.720630081476
 30
0.0
 11
2327.026768902161
 21
1793.720630081476
 31
0.0
  0
LINE
  5
E94
330
1F
100
AcDbEntity
  8
0
 62
7
370
35
 48
0.024818
100
AcDbLine
 10
2327.026768902161
 20
1794.720630081476
 30
0.0
 11
2328.019505902162
 21
1794.720630081476
 31
0.0
  0
ARC
  5
E95
330
1F
100
AcDbEntity
  8
0
 62
7
370
35
100
AcDbCircle
 10
2325.155553902161
 20
1793.651507081476
 30
0.0
 40
3.057028999999998
100
AcDbArc
 50
20.47060600000501
 51
159.5293950000016
  0
LINE
  5
E96
330
1F
100
AcDbEntity
  8
0
 62
7
370
35
 48
0.024818
100
AcDbLine
 10
2323.284337902162
 20
1794.720630081476
 30
0.0
 11
2322.291600902161
 21
1794.720630081476
 31
0.0
  0
LINE
  5
E97
330
1F
100
AcDbEntity
  8
0
 62
7
370
35
 48
0.025
100
AcDbLine
 10
2323.284337902162
 20
1794.720630081476
 30
0.0
 11
2323.284337902162
 21
1793.720630081476
 31
0.0
  0
LINE
  5
E98
330
1F
100
AcDbEntity
  8
0
 62
7
370
35
 48
0.029626
100
AcDbLine
 10
2323.284337902162
 20
1793.720630081476
 30
0.0
 11
2322.099278902161
 21
1793.720630081476
 31
0.0
  0
ARC
  5
E99
330
1F
100
AcDbEntity
  8
0
 62
7
370
35
100
AcDbCircle
 10
2325.155553902161
 20
1793.651507081476
 30
0.0
 40
3.057028999999998
100
AcDbArc
 50
178.7043319999988
 51
250.9062379999983
  0
LINE
  5
E9A
330
1F
100
AcDbEntity
  8
0
 62
7
370
35
 48
0.072221
100
AcDbLine
 10
2324.155553902162
 20
1793.651507081476
 30
0.0
 11
2324.155553902162
 21
1790.762660081476
 31
0.0
  0
LINE
  5
E9B
330
1F
100
AcDbEntity
  8
0
 62
7
370
35
 48
0.05
100
AcDbLine
 10
2326.155553902161
 20
1793.651507081476
 30
0.0
 11
2324.155553902162
 21
1793.651507081476
 31
0.0
  0
LINE
  5
E9C
330
1F
100
AcDbEntity
  8
0
 62
7
370
35
 48
0.072221
100
AcDbLine
 10
2326.155553902161
 20
1793.651507081476
 30
0.0
 11
2326.155553902161
 21
1790.762660081476
 31
0.0
  0
ARC
  5
E9D
330
1F
100
AcDbEntity
  8
0
 62
7
370
35
100
AcDbCircle
 10
2333.971707708009
 20
1793.651507081476
 30
0.0
 40
3.057028999999998
100
AcDbArc
 50
289.0937639999911
 51
1.295670999997303
  0
LINE
  5
E9E
330
1F
100
AcDbEntity
  8
0
 62
7
370
35
 48
0.029626
100
AcDbLine
 10
2335.842922708009
 20
1793.720630081476
 30
0.0
 11
2337.027981708009
 21
1793.720630081476
 31
0.0
  0
LINE
  5
E9F
330
1F
100
AcDbEntity
  8
0
 62
7
370
35
 48
0.025
100
AcDbLine
 10
2335.842922708009
 20
1794.720630081476
 30
0.0
 11
2335.842922708009
 21
1793.720630081476
 31
0.0
  0
LINE
  5
EA0
330
1F
100
AcDbEntity
  8
0
 62
7
370
35
 48
0.024818
100
AcDbLine
 10
2335.842922708009
 20
1794.720630081476
 30
0.0
 11
2336.835659708009
 21
1794.720630081476
 31
0.0
  0
ARC
  5
EA1
330
1F
100
AcDbEntity
  8
0
 62
7
370
35
100
AcDbCircle
 10
2333.971707708009
 20
1793.651507081476
 30
0.0
 40
3.057028999999998
100
AcDbArc
 50
20.470606000005
 51
159.5293950000016
  0
LINE
  5
EA2
330
1F
100
AcDbEntity
  8
0
 62
7
370
35
 48
0.024818
100
AcDbLine
 10
2332.100491708009
 20
1794.720630081476
 30
0.0
 11
2331.107754708009
 21
1794.720630081476
 31
0.0
  0
LINE
  5
EA3
330
1F
100
AcDbEntity
  8
0
 62
7
370
35
 48
0.025
100
AcDbLine
 10
2332.100491708009
 20
1794.720630081476
 30
0.0
 11
2332.100491708009
 21
1793.720630081476
 31
0.0
  0
LINE
  5
EA4
330
1F
100
AcDbEntity
  8
0
 62
7
370
35
 48
0.029626
100
AcDbLine
 10
2332.100491708009
 20
1793.720630081476
 30
0.0
 11
2330.915432708009
 21
1793.720630081476
 31
0.0
  0
ARC
  5
EA5
330
1F
100
AcDbEntity
  8
0
 62
7
370
35
100
AcDbCircle
 10
2333.971707708009
 20
1793.651507081476
 30
0.0
 40
3.057028999999998
100
AcDbArc
 50
178.7043319999988
 51
250.9062379999983
  0
LINE
  5
EA6
330
1F
100
AcDbEntity
  8
0
 62
7
370
35
 48
0.072221
100
AcDbLine
 10
2332.971707708009
 20
1793.651507081476
 30
0.0
 11
2332.971707708009
 21
1790.762660081476
 31
0.0
  0
LINE
  5
EA7
330
1F
100
AcDbEntity
  8
0
 62
7
370
35
 48
0.05
100
AcDbLine
 10
2334.971707708009
 20
1793.651507081476
 30
0.0
 11
2332.971707708009
 21
1793.651507081476
 31
0.0
  0
LINE
  5
EA8
330
1F
100
AcDbEntity
  8
0
 62
7
370
35
 48
0.072221
100
AcDbLine
 10
2334.971707708009
 20
1793.651507081476
 30
0.0
 11
2334.971707708009
 21
1790.762660081476
 31
0.0
  0
ARC
  5
EA9
330
1F
100
AcDbEntity
  8
0
 62
7
370
35
100
AcDbCircle
 10
2325.492908167257
 20
1783.032170647549
 30
0.0
 40
4.156676
100
AcDbArc
 50
283.9205860000074
 51
353.6950649999978
  0
LINE
  5
EAA
330
1F
100
AcDbEntity
  8
0
 62
7
370
35
 48
0.042532
100
AcDbLine
 10
2327.923144167256
 20
1782.575681647549
 30
0.0
 11
2329.624438167256
 21
1782.575681647549
 31
0.0
  0
LINE
  5
EAB
330
1F
100
AcDbEntity
  8
0
 62
7
370
35
 48
0.025
100
AcDbLine
 10
2327.923144167256
 20
1783.575681647549
 30
0.0
 11
2327.923144167256
 21
1782.575681647549
 31
0.0
  0
LINE
  5
EAC
330
1F
100
AcDbEntity
  8
0
 62
7
370
35
 48
0.042268
100
AcDbLine
 10
2327.923144167256
 20
1783.575681647549
 30
0.0
 11
2329.613879167256
 21
1783.575681647549
 31
0.0
  0
ARC
  5
EAD
330
1F
100
AcDbEntity
  8
0
 62
7
370
35
100
AcDbCircle
 10
2325.492908167257
 20
1783.032170647549
 30
0.0
 40
4.156676
100
AcDbArc
 50
7.513333999995664
 51
172.4866599999931
  0
LINE
  5
EAE
330
1F
100
AcDbEntity
  8
0
 62
7
370
35
 48
0.042268
100
AcDbLine
 10
2323.062671167257
 20
1783.575681647549
 30
0.0
 11
2321.371936167256
 21
1783.575681647549
 31
0.0
  0
LINE
  5
EAF
330
1F
100
AcDbEntity
  8
0
 62
7
370
35
 48
0.025
100
AcDbLine
 10
2323.062671167257
 20
1783.575681647549
 30
0.0
 11
2323.062671167257
 21
1782.575681647549
 31
0.0
  0
LINE
  5
EB0
330
1F
100
AcDbEntity
  8
0
 62
7
370
35
 48
0.042532
100
AcDbLine
 10
2323.062671167257
 20
1782.575681647549
 30
0.0
 11
2321.361377167256
 21
1782.575681647549
 31
0.0
  0
ARC
  5
EB1
330
1F
100
AcDbEntity
  8
0
 62
7
370
35
100
AcDbCircle
 10
2325.492908167257
 20
1783.032170647549
 30
0.0
 40
4.156676
100
AcDbArc
 50
186.3049289999981
 51
256.079408999989
  0
LINE
  5
EB2
330
1F
100
AcDbEntity
  8
0
 62
7
370
35
 48
0.100865
100
AcDbLine
 10
2324.492908167256
 20
1783.032170647549
 30
0.0
 11
2324.492908167256
 21
1778.997571647549
 31
0.0
  0
LINE
  5
EB3
330
1F
100
AcDbEntity
  8
0
 62
7
370
35
 48
0.05
100
AcDbLine
 10
2326.492908167256
 20
1783.032170647549
 30
0.0
 11
2324.492908167256
 21
1783.032170647549
 31
0.0
  0
LINE
  5
EB4
330
1F
100
AcDbEntity
  8
0
 62
7
370
35
 48
0.100865
100
AcDbLine
 10
2326.492908167256
 20
1783.032170647549
 30
0.0
 11
2326.492908167256
 21
1778.997571647549
 31
0.0
  0
ARC
  5
EB5
330
1F
100
AcDbEntity
  8
0
 62
7
370
35
100
AcDbCircle
 10
2335.275443068249
 20
1783.032170647549
 30
0.0
 40
4.156676
100
AcDbArc
 50
283.9205860000074
 51
353.6950649999978
  0
LINE
  5
EB6
330
1F
100
AcDbEntity
  8
0
 62
7
370
35
 48
0.042532
100
AcDbLine
 10
2337.705679068249
 20
1782.575681647549
 30
0.0
 11
2339.406973068248
 21
1782.575681647549
 31
0.0
  0
LINE
  5
EB7
330
1F
100
AcDbEntity
  8
0
 62
7
370
35
 48
0.025
100
AcDbLine
 10
2337.705679068249
 20
1783.575681647549
 30
0.0
 11
2337.705679068249
 21
1782.575681647549
 31
0.0
  0
LINE
  5
EB8
330
1F
100
AcDbEntity
  8
0
 62
7
370
35
 48
0.042268
100
AcDbLine
 10
2337.705679068249
 20
1783.575681647549
 30
0.0
 11
2339.396414068249
 21
1783.575681647549
 31
0.0
  0
ARC
  5
EB9
330
1F
100
AcDbEntity
  8
0
 62
7
370
35
100
AcDbCircle
 10
2335.275443068249
 20
1783.032170647549
 30
0.0
 40
4.156676
100
AcDbArc
 50
7.513333999995659
 51
172.4866599999931
  0
LINE
  5
EBA
330
1F
100
AcDbEntity
  8
0
 62
7
370
35
 48
0.042268
100
AcDbLine
 10
2332.845206068249
 20
1783.575681647549
 30
0.0
 11
2331.154471068249
 21
1783.575681647549
 31
0.0
  0
LINE
  5
EBB
330
1F
100
AcDbEntity
  8
0
 62
7
370
35
 48
0.025
100
AcDbLine
 10
2332.845206068249
 20
1783.575681647549
 30
0.0
 11
2332.845206068249
 21
1782.575681647549
 31
0.0
  0
LINE
  5
EBC
330
1F
100
AcDbEntity
  8
0
 62
7
370
35
 48
0.042532
100
AcDbLine
 10
2332.845206068249
 20
1782.575681647549
 30
0.0
 11
2331.143912068249
 21
1782.575681647549
 31
0.0
  0
ARC
  5
EBD
330
1F
100
AcDbEntity
  8
0
 62
7
370
35
100
AcDbCircle
 10
2335.275443068249
 20
1783.032170647549
 30
0.0
 40
4.156676
100
AcDbArc
 50
186.3049289999981
 51
256.079408999989
  0
LINE
  5
EBE
330
1F
100
AcDbEntity
  8
0
 62
7
370
35
 48
0.100865
100
AcDbLine
 10
2334.275443068249
 20
1783.032170647549
 30
0.0
 11
2334.275443068249
 21
1778.997571647549
 31
0.0
  0
LINE
  5
EBF
330
1F
100
AcDbEntity
  8
0
 62
7
370
35
 48
0.05
100
AcDbLine
 10
2336.275443068249
 20
1783.032170647549
 30
0.0
 11
2334.275443068249
 21
1783.032170647549
 31
0.0
  0
LINE
  5
EC0
330
1F
100
AcDbEntity
  8
0
 62
7
370
35
 48
0.100865
100
AcDbLine
 10
2336.275443068249
 20
1783.032170647549
 30
0.0
 11
2336.275443068249
 21
1778.997571647549
 31
0.0
  0
ELLIPSE
  5
EC1
330
1F
100
AcDbEntity
  8
0
 62
7
370
35
100
AcDbEllipse
 10
2325.409452603903
 20
1764.341038992404
 30
0.0
 11
7e-16
 21
12.1002197265625
 31
0.0
 40
0.165286
 41
5.479481418847632
 42
8.908457382837685
  0
LINE
  5
EC2
330
1F
100
AcDbEntity
  8
0
 62
7
370
35
 48
0.035997
100
AcDbLine
 10
2326.849317603902
 20
1772.739171992405
 30
0.0
 11
2325.409452603903
 21
1772.739171992405
 31
0.0
  0
LINE
  5
EC3
330
1F
100
AcDbEntity
  8
0
 62
7
370
35
 48
0.025
100
AcDbLine
 10
2325.409452603903
 20
1771.739171992405
 30
0.0
 11
2325.409452603903
 21
1772.739171992405
 31
0.0
  0
LINE
  5
EC4
330
1F
100
AcDbEntity
  8
0
 62
7
370
35
 48
0.039566
100
AcDbLine
 10
2326.992093603903
 20
1771.739171992405
 30
0.0
 11
2325.409452603903
 21
1771.739171992405
 31
0.0
  0
ELLIPSE
  5
EC5
330
1F
100
AcDbEntity
  8
0
 62
7
370
35
100
AcDbEllipse
 10
2325.409452603903
 20
1764.341038992404
 30
0.0
 11
7e-16
 21
12.1002197265625
 31
0.0
 40
0.165286
 41
4.795126274757016
 42
5.370220082376659
  0
LINE
  5
EC6
330
1F
100
AcDbEntity
  8
0
 62
7
370
35
 48
0.049829
100
AcDbLine
 10
2325.409452603903
 20
1765.341038992405
 30
0.0
 11
2327.402616603903
 21
1765.341038992405
 31
0.0
  0
LINE
  5
EC7
330
1F
100
AcDbEntity
  8
0
 62
7
370
35
 48
0.05
100
AcDbLine
 10
2325.409452603903
 20
1763.341038992405
 30
0.0
 11
2325.409452603903
 21
1765.341038992405
 31
0.0
  0
LINE
  5
EC8
330
1F
100
AcDbEntity
  8
0
 62
7
370
35
 48
0.049829
100
AcDbLine
 10
2325.409452603903
 20
1763.341038992405
 30
0.0
 11
2327.402616603903
 21
1763.341038992405
 31
0.0
  0
ELLIPSE
  5
EC9
330
1F
100
AcDbEntity
  8
0
 62
7
370
35
100
AcDbEllipse
 10
2325.409452603903
 20
1764.341038992404
 30
0.0
 11
7e-16
 21
12.1002197265625
 31
0.0
 40
0.165286
 41
3.657913231522676
 42
4.629651685976342
  0
LINE
  5
ECA
330
1F
100
AcDbEntity
  8
0
 62
7
370
35
 48
0.049369
100
AcDbLine
 10
2324.422086603902
 20
1753.818150992405
 30
0.0
 11
2326.396833603903
 21
1753.818150992405
 31
0.0
  0
LINE
  5
ECB
330
1F
100
AcDbEntity
  8
0
 62
7
370
35
 48
0.025
100
AcDbLine
 10
2324.909452603903
 20
1767.199192992405
 30
0.0
 11
2325.909452603903
 21
1767.199192992405
 31
0.0
  0
LINE
  5
ECC
330
1F
100
AcDbEntity
  8
0
 62
7
370
35
 48
0.075
100
AcDbLine
 10
2325.909452603903
 20
1770.199192992405
 30
0.0
 11
2325.909452603903
 21
1767.199192992405
 31
0.0
  0
LINE
  5
ECD
330
1F
100
AcDbEntity
  8
0
 62
7
370
35
 48
0.025
100
AcDbLine
 10
2324.909452603903
 20
1770.199192992405
 30
0.0
 11
2325.909452603903
 21
1770.199192992405
 31
0.0
  0
LINE
  5
ECE
330
1F
100
AcDbEntity
  8
0
 62
7
370
35
 48
0.075
100
AcDbLine
 10
2324.909452603903
 20
1770.199192992405
 30
0.0
 11
2324.909452603903
 21
1767.199192992405
 31
0.0
  0
LINE
  5
ECF
330
1F
100
AcDbEntity
  8
0
 62
7
370
35
 48
0.025
100
AcDbLine
 10
2324.909452603903
 20
1756.755528992405
 30
0.0
 11
2325.909452603903
 21
1756.755528992405
 31
0.0
  0
LINE
  5
ED0
330
1F
100
AcDbEntity
  8
0
 62
7
370
35
 48
0.075
100
AcDbLine
 10
2325.909452603903
 20
1759.755528992405
 30
0.0
 11
2325.909452603903
 21
1756.755528992405
 31
0.0
  0
LINE
  5
ED1
330
1F
100
AcDbEntity
  8
0
 62
7
370
35
 48
0.025
100
AcDbLine
 10
2324.909452603903
 20
1759.755528992405
 30
0.0
 11
2325.909452603903
 21
1759.755528992405
 31
0.0
  0
LINE
  5
ED2
330
1F
100
AcDbEntity
  8
0
 62
7
370
35
 48
0.075
100
AcDbLine
 10
2324.909452603903
 20
1759.755528992405
 30
0.0
 11
2324.909452603903
 21
1756.755528992405
 31
0.0
  0
ELLIPSE
  5
ED3
330
1F
100
AcDbEntity
  8
0
 62
7
370
35
100
AcDbEllipse
 10
2335.514333821407
 20
1764.341038992404
 30
0.0
 11
7e-16
 21
12.1002197265625
 31
0.0
 40
0.165286
 41
5.479481418847632
 42
8.908457382837685
  0
LINE
  5
ED4
330
1F
100
AcDbEntity
  8
0
 62
7
370
35
 48
0.035997
100
AcDbLine
 10
2336.954198821407
 20
1772.739171992405
 30
0.0
 11
2335.514333821407
 21
1772.739171992405
 31
0.0
  0
LINE
  5
ED5
330
1F
100
AcDbEntity
  8
0
 62
7
370
35
 48
0.025
100
AcDbLine
 10
2335.514333821407
 20
1771.739171992405
 30
0.0
 11
2335.514333821407
 21
1772.739171992405
 31
0.0
  0
LINE
  5
ED6
330
1F
100
AcDbEntity
  8
0
 62
7
370
35
 48
0.039566
100
AcDbLine
 10
2337.096974821408
 20
1771.739171992405
 30
0.0
 11
2335.514333821407
 21
1771.739171992405
 31
0.0
  0
ELLIPSE
  5
ED7
330
1F
100
AcDbEntity
  8
0
 62
7
370
35
100
AcDbEllipse
 10
2335.514333821407
 20
1764.341038992404
 30
0.0
 11
7e-16
 21
12.1002197265625
 31
0.0
 40
0.165286
 41
4.795126274757016
 42
5.370220082376659
  0
LINE
  5
ED8
330
1F
100
AcDbEntity
  8
0
 62
7
370
35
 48
0.049829
100
AcDbLine
 10
2335.514333821407
 20
1765.341038992405
 30
0.0
 11
2337.507497821408
 21
1765.341038992405
 31
0.0
  0
LINE
  5
ED9
330
1F
100
AcDbEntity
  8
0
 62
7
370
35
 48
0.05
100
AcDbLine
 10
2335.514333821407
 20
1763.341038992405
 30
0.0
 11
2335.514333821407
 21
1765.341038992405
 31
0.0
  0
LINE
  5
EDA
330
1F
100
AcDbEntity
  8
0
 62
7
370
35
 48
0.049829
100
AcDbLine
 10
2335.514333821407
 20
1763.341038992405
 30
0.0
 11
2337.507497821408
 21
1763.341038992405
 31
0.0
  0
ELLIPSE
  5
EDB
330
1F
100
AcDbEntity
  8
0
 62
7
370
35
100
AcDbEllipse
 10
2335.514333821407
 20
1764.341038992404
 30
0.0
 11
7e-16
 21
12.1002197265625
 31
0.0
 40
0.165286
 41
3.657913231522676
 42
4.629651685976342
  0
LINE
  5
EDC
330
1F
100
AcDbEntity
  8
0
 62
7
370
35
 48
0.049369
100
AcDbLine
 10
2334.526967821408
 20
1753.818150992405
 30
0.0
 11
2336.501714821408
 21
1753.818150992405
 31
0.0
  0
LINE
  5
EDD
330
1F
100
AcDbEntity
  8
0
 62
7
370
35
 48
0.025
100
AcDbLine
 10
2335.014333821407
 20
1767.199192992405
 30
0.0
 11
2336.014333821408
 21
1767.199192992405
 31
0.0
  0
LINE
  5
EDE
330
1F
100
AcDbEntity
  8
0
 62
7
370
35
 48
0.075
100
AcDbLine
 10
2336.014333821408
 20
1770.199192992405
 30
0.0
 11
2336.014333821408
 21
1767.199192992405
 31
0.0
  0
LINE
  5
EDF
330
1F
100
AcDbEntity
  8
0
 62
7
370
35
 48
0.025
100
AcDbLine
 10
2335.014333821407
 20
1770.199192992405
 30
0.0
 11
2336.014333821408
 21
1770.199192992405
 31
0.0
  0
LINE
  5
EE0
330
1F
100
AcDbEntity
  8
0
 62
7
370
35
 48
0.075
100
AcDbLine
 10
2335.014333821407
 20
1770.199192992405
 30
0.0
 11
2335.014333821407
 21
1767.199192992405
 31
0.0
  0
LINE
  5
EE1
330
1F
100
AcDbEntity
  8
0
 62
7
370
35
 48
0.025
100
AcDbLine
 10
2335.014333821407
 20
1756.755528992405
 30
0.0
 11
2336.014333821408
 21
1756.755528992405
 31
0.0
  0
LINE
  5
EE2
330
1F
100
AcDbEntity
  8
0
 62
7
370
35
 48
0.075
100
AcDbLine
 10
2336.014333821408
 20
1759.755528992405
 30
0.0
 11
2336.014333821408
 21
1756.755528992405
 31
0.0
  0
LINE
  5
EE3
330
1F
100
AcDbEntity
  8
0
 62
7
370
35
 48
0.025
100
AcDbLine
 10
2335.014333821407
 20
1759.755528992405
 30
0.0
 11
2336.014333821408
 21
1759.755528992405
 31
0.0
  0
LINE
  5
EE4
330
1F
100
AcDbEntity
  8
0
 62
7
370
35
 48
0.075
100
AcDbLine
 10
2335.014333821407
 20
1759.755528992405
 30
0.0
 11
2335.014333821407
 21
1756.755528992405
 31
0.0
  0
LINE
  5
FFA
330
1F
100
AcDbEntity
  8
0
 62
7
370
35
 48
0.013515
100
AcDbLine
 10
2173.605873339379
 20
1786.80627267728
 30
0.0
 11
2173.605873339379
 21
1787.346861677281
 31
0.0
  0
LINE
  5
FFB
330
1F
100
AcDbEntity
  8
0
 62
7
370
35
 48
0.152557
100
AcDbLine
 10
2179.708168339379
 20
1786.80627267728
 30
0.0
 11
2173.605873339379
 21
1786.80627267728
 31
0.0
  0
LINE
  5
FFC
330
1F
100
AcDbEntity
  8
0
 62
7
370
35
 48
0.073434
100
AcDbLine
 10
2179.708168339379
 20
1783.868894677281
 30
0.0
 11
2179.708168339379
 21
1786.80627267728
 31
0.0
  0
LINE
  5
FFD
330
1F
100
AcDbEntity
  8
0
 62
7
370
35
 48
0.125
100
AcDbLine
 10
2179.708168339379
 20
1783.868894677281
 30
0.0
 11
2184.70816833938
 21
1783.868894677281
 31
0.0
  0
LINE
  5
FFE
330
1F
100
AcDbEntity
  8
0
 62
7
370
35
 48
0.075
100
AcDbLine
 10
2184.70816833938
 20
1780.868894677281
 30
0.0
 11
2184.70816833938
 21
1783.868894677281
 31
0.0
  0
LINE
  5
FFF
330
1F
100
AcDbEntity
  8
0
 62
7
370
35
 48
0.125
100
AcDbLine
 10
2179.708168339379
 20
1780.868894677281
 30
0.0
 11
2184.70816833938
 21
1780.868894677281
 31
0.0
  0
LINE
  5
1000
330
1F
100
AcDbEntity
  8
0
 62
7
370
35
 48
0.089638
100
AcDbLine
 10
2179.708168339379
 20
1777.28338467728
 30
0.0
 11
2179.708168339379
 21
1780.868894677281
 31
0.0
  0
LINE
  5
1001
330
1F
100
AcDbEntity
  8
0
 62
7
370
35
 48
0.20439
100
AcDbLine
 10
2171.532570339379
 20
1777.28338467728
 30
0.0
 11
2179.708168339379
 21
1777.28338467728
 31
0.0
  0
LINE
  5
1002
330
1F
100
AcDbEntity
  8
0
 62
7
370
35
 48
0.05
100
AcDbLine
 10
2171.532570339379
 20
1777.28338467728
 30
0.0
 11
2171.532570339379
 21
1775.28338467728
 31
0.0
  0
LINE
  5
1003
330
1F
100
AcDbEntity
  8
0
 62
7
370
35
 48
0.20439
100
AcDbLine
 10
2171.532570339379
 20
1775.28338467728
 30
0.0
 11
2179.708168339379
 21
1775.28338467728
 31
0.0
  0
LINE
  5
1004
330
1F
100
AcDbEntity
  8
0
 62
7
370
35
 48
0.046454
100
AcDbLine
 10
2179.708168339379
 20
1773.42523067728
 30
0.0
 11
2179.708168339379
 21
1775.28338467728
 31
0.0
  0
LINE
  5
1005
330
1F
100
AcDbEntity
  8
0
 62
7
370
35
 48
0.125
100
AcDbLine
 10
2179.708168339379
 20
1773.42523067728
 30
0.0
 11
2184.70816833938
 21
1773.42523067728
 31
0.0
  0
LINE
  5
1006
330
1F
100
AcDbEntity
  8
0
 62
7
370
35
 48
0.075
100
AcDbLine
 10
2184.70816833938
 20
1770.42523067728
 30
0.0
 11
2184.70816833938
 21
1773.42523067728
 31
0.0
  0
LINE
  5
1007
330
1F
100
AcDbEntity
  8
0
 62
7
370
35
 48
0.125
100
AcDbLine
 10
2179.708168339379
 20
1770.42523067728
 30
0.0
 11
2184.70816833938
 21
1770.42523067728
 31
0.0
  0
LINE
  5
1008
330
1F
100
AcDbEntity
  8
0
 62
7
370
35
 48
0.038499
100
AcDbLine
 10
2179.708168339379
 20
1768.885252677281
 30
0.0
 11
2179.708168339379
 21
1770.42523067728
 31
0.0
  0
LINE
  5
1009
330
1F
100
AcDbEntity
  8
0
 62
7
370
35
 48
0.063442
100
AcDbLine
 10
2177.170479339379
 20
1768.885252677281
 30
0.0
 11
2179.708168339379
 21
1768.885252677281
 31
0.0
  0
LINE
  5
100A
330
1F
100
AcDbEntity
  8
0
 62
7
370
35
 48
0.025
100
AcDbLine
 10
2177.170479339379
 20
1768.885252677281
 30
0.0
 11
2177.170479339379
 21
1767.885252677281
 31
0.0
  0
LINE
  5
100B
330
1F
100
AcDbEntity
  8
0
 62
7
370
35
 48
0.063442
100
AcDbLine
 10
2177.170479339379
 20
1767.885252677281
 30
0.0
 11
2179.708168339379
 21
1767.885252677281
 31
0.0
  0
LINE
  5
100C
330
1F
100
AcDbEntity
  8
0
 62
7
370
35
 48
0.090785
100
AcDbLine
 10
2179.708168339379
 20
1764.25384367728
 30
0.0
 11
2179.708168339379
 21
1767.885252677281
 31
0.0
  0
LINE
  5
100F
330
1F
100
AcDbEntity
  8
0
 62
7
370
35
 48
0.152557
100
AcDbLine
 10
2208.438391928797
 20
1758.233184746224
 30
0.0
 11
2214.540686928797
 21
1758.233184746224
 31
0.0
  0
LINE
  5
1010
330
1F
100
AcDbEntity
  8
0
 62
7
370
35
 48
0.073434
100
AcDbLine
 10
2208.438391928797
 20
1755.295806746224
 30
0.0
 11
2208.438391928797
 21
1758.233184746224
 31
0.0
  0
LINE
  5
1011
330
1F
100
AcDbEntity
  8
0
 62
7
370
35
 48
0.125
100
AcDbLine
 10
2208.438391928797
 20
1755.295806746224
 30
0.0
 11
2203.438391928797
 21
1755.295806746224
 31
0.0
  0
LINE
  5
1012
330
1F
100
AcDbEntity
  8
0
 62
7
370
35
 48
0.075
100
AcDbLine
 10
2203.438391928797
 20
1752.295806746224
 30
0.0
 11
2203.438391928797
 21
1755.295806746224
 31
0.0
  0
LINE
  5
1013
330
1F
100
AcDbEntity
  8
0
 62
7
370
35
 48
0.125
100
AcDbLine
 10
2208.438391928797
 20
1752.295806746224
 30
0.0
 11
2203.438391928797
 21
1752.295806746224
 31
0.0
  0
LINE
  5
1014
330
1F
100
AcDbEntity
  8
0
 62
7
370
35
 48
0.089638
100
AcDbLine
 10
2208.438391928797
 20
1748.710296746224
 30
0.0
 11
2208.438391928797
 21
1752.295806746224
 31
0.0
  0
LINE
  5
1015
330
1F
100
AcDbEntity
  8
0
 62
7
370
35
 48
0.20439
100
AcDbLine
 10
2216.613989928797
 20
1748.710296746224
 30
0.0
 11
2208.438391928797
 21
1748.710296746224
 31
0.0
  0
LINE
  5
1016
330
1F
100
AcDbEntity
  8
0
 62
7
370
35
 48
0.05
100
AcDbLine
 10
2216.613989928797
 20
1748.710296746224
 30
0.0
 11
2216.613989928797
 21
1746.710296746224
 31
0.0
  0
LINE
  5
1017
330
1F
100
AcDbEntity
  8
0
 62
7
370
35
 48
0.20439
100
AcDbLine
 10
2216.613989928797
 20
1746.710296746224
 30
0.0
 11
2208.438391928797
 21
1746.710296746224
 31
0.0
  0
LINE
  5
1018
330
1F
100
AcDbEntity
  8
0
 62
7
370
35
 48
0.046454
100
AcDbLine
 10
2208.438391928797
 20
1744.852142746224
 30
0.0
 11
2208.438391928797
 21
1746.710296746224
 31
0.0
  0
LINE
  5
1019
330
1F
100
AcDbEntity
  8
0
 62
7
370
35
 48
0.125
100
AcDbLine
 10
2208.438391928797
 20
1744.852142746224
 30
0.0
 11
2203.438391928797
 21
1744.852142746224
 31
0.0
  0
LINE
  5
101A
330
1F
100
AcDbEntity
  8
0
 62
7
370
35
 48
0.075
100
AcDbLine
 10
2203.438391928797
 20
1741.852142746224
 30
0.0
 11
2203.438391928797
 21
1744.852142746224
 31
0.0
  0
LINE
  5
101B
330
1F
100
AcDbEntity
  8
0
 62
7
370
35
 48
0.125
100
AcDbLine
 10
2208.438391928797
 20
1741.852142746224
 30
0.0
 11
2203.438391928797
 21
1741.852142746224
 31
0.0
  0
LINE
  5
101C
330
1F
100
AcDbEntity
  8
0
 62
7
370
35
 48
0.038499
100
AcDbLine
 10
2208.438391928797
 20
1740.312164746224
 30
0.0
 11
2208.438391928797
 21
1741.852142746224
 31
0.0
  0
LINE
  5
101D
330
1F
100
AcDbEntity
  8
0
 62
7
370
35
 48
0.063442
100
AcDbLine
 10
2210.976080928797
 20
1740.312164746224
 30
0.0
 11
2208.438391928797
 21
1740.312164746224
 31
0.0
  0
LINE
  5
101E
330
1F
100
AcDbEntity
  8
0
 62
7
370
35
 48
0.025
100
AcDbLine
 10
2210.976080928797
 20
1740.312164746224
 30
0.0
 11
2210.976080928797
 21
1739.312164746224
 31
0.0
  0
LINE
  5
101F
330
1F
100
AcDbEntity
  8
0
 62
7
370
35
 48
0.063442
100
AcDbLine
 10
2210.976080928797
 20
1739.312164746224
 30
0.0
 11
2208.438391928797
 21
1739.312164746224
 31
0.0
  0
LINE
  5
1126
330
1F
100
AcDbEntity
  8
0
100
AcDbLine
 10
2214.540684450196
 20
1758.773767711238
 30
0.0
 11
2214.540686928797
 21
1758.233184746224
 31
0.0
  0
LINE
  5
1127
330
1F
100
AcDbEntity
  8
0
100
AcDbLine
 10
2208.438391928797
 20
1735.680755746224
 30
0.0
 11
2208.438391928797
 21
1739.312164746224
 31
0.0
  0
ELLIPSE
  5
116C
330
1F
100
AcDbEntity
  8
0
100
AcDbEllipse
 10
2211.489538189497
 20
1747.227261728731
 30
0.0
 11
20.24787994875102
 21
-5.350470807906875
 31
0.0
210
0.0
220
0.0
230
0.9999999999999998
 40
0.5702575287749762
 41
4.712388980384688
 42
7.853981633974498
  0
ELLIPSE
  5
11B1
330
1F
100
AcDbEntity
  8
0
100
AcDbEllipse
 10
2176.657020839379
 20
1775.80035267728
 30
0.0
 11
-20.28826832700048
 21
-5.361144150604394
 31
0.0
 40
0.5691224511573465
 41
4.712388980384688
 42
7.853981633974503
  0
LINE
  5
11F7
330
1F
100
AcDbEntity
  8
0
100
AcDbLine
 10
2302.131932743801
 20
1761.980020848945
 30
0.0
 11
2302.131932743801
 21
1771.056711361879
 31
0.0
  0
LINE
  5
11FC
330
1F
100
AcDbEntity
  8
0
 62
7
370
35
 48
0.026148
100
AcDbLine
 10
2252.773718119121
 20
1761.980020848945
 30
0.0
 11
2253.080176119121
 21
1760.980020848945
 31
0.0
  0
ARC
  5
11FD
330
1F
100
AcDbEntity
  8
0
 62
7
370
35
100
AcDbCircle
 10
2103.380163119121
 20
1716.243997848945
 30
0.0
 40
156.237279
100
AcDbArc
 50
17.02168699996695
 51
18.80846399999359
  0
LINE
  5
11FF
330
1F
100
AcDbEntity
  8
0
100
AcDbLine
 10
2248.446875119121
 20
1771.056711361879
 30
0.0
 11
2248.446875119122
 21
1761.980020848945
 31
0.0
  0
SPLINE
  5
123E
330
1F
100
AcDbEntity
  8
0
100
AcDbSpline
 70
8
 71
3
 72
8
 73
4
 74
0
 42
1e-09
 40
0.0
 40
0.0
 40
0.0
 40
0.0
 40
5.264809947774224
 40
5.264809947774224
 40
5.264809947774224
 40
5.264809947774224
 10
2304.959685773352
 20
1766.615761397057
 30
0.0
 10
2304.393884483774
 20
1768.276987312946
 30
0.0
 10
2302.131932743801
 20
1772.811648011137
 30
0.0
 10
2302.131932743801
 20
1771.056711361879
 30
0.0
  0
SPLINE
  5
123F
330
1F
100
AcDbEntity
  8
0
100
AcDbSpline
 70
8
 71
3
 72
8
 73
4
 74
0
 42
1e-09
 40
0.0
 40
0.0
 40
0.0
 40
0.0
 40
5.26480994777398
 40
5.26480994777398
 40
5.26480994777398
 40
5.26480994777398
 10
2251.274628148671
 20
1766.615761397057
 30
0.0
 10
2250.708826859094
 20
1768.276987312946
 30
0.0
 10
2248.446875119121
 20
1772.811648011137
 30
0.0
 10
2248.446875119121
 20
1771.056711361879
 30
0.0
  0
INSERT
  5
132F
330
1F
100
AcDbEntity
  8
PARTS_BLOCKS
100
AcDbBlockReference
  2
PART_000
 10
2283.296394024107
 20
1806.522529199368
 30
0.0
  0
INSERT
  5
13E4
330
1F
100
AcDbEntity
  8
PARTS_BLOCKS
100
AcDbBlockReference
  2
PART_001
 10
2197.222533753074
 20
1791.408298795503
 30
0.0
  0
INSERT
  5
1489
330
1F
100
AcDbEntity
  8
PARTS_BLOCKS
100
AcDbBlockReference
  2
PART_002
 10
2197.088147893902
 20
1818.5224488355484
 30
0.0
  0
INSERT
  5
14A2
330
1F
100
AcDbEntity
  8
PARTS_BLOCKS
100
AcDbBlockReference
  2
PART_003
 10
2170.4244250486427
 20
1775.211130563085
 30
0.0
  0
INSERT
  5
14BB
330
1F
100
AcDbEntity
  8
PARTS_BLOCKS
100
AcDbBlockReference
  2
PART_004
 10
2217.7021731897657
 20
1746.6401440398568
 30
0.0
  0
INSERT
  5
1506
330
1F
100
AcDbEntity
  8
PARTS_BLOCKS
100
AcDbBlockReference
  2
PART_005
 10
2293.1399485234865
 20
1758.7229290874175
 30
0.0
  0
INSERT
  5
1551
330
1F
100
AcDbEntity
  8
PARTS_BLOCKS
100
AcDbBlockReference
  2
PART_006
 10
2273.7627237215165
 20
1758.7229290874175
 30
0.0
  0
INSERT
  5
156A
330
1F
100
AcDbEntity
  8
PARTS_BLOCKS
100
AcDbBlockReference
  2
PART_007
 10
2328.08699270246
 20
1810.926752018215
 30
0.0
  0
INSERT
  5
1592
330
1F
100
AcDbEntity
  8
PARTS_BLOCKS
100
AcDbBlockReference
  2
PART_008
 10
2308.612981243801
 20
1754.294256930041
 30
0.0
  0
INSERT
  5
15BA
330
1F
100
AcDbEntity
  8
PARTS_BLOCKS
100
AcDbBlockReference
  2
PART_009
 10
2254.927923619121
 20
1754.294256930041
 30
0.0
  0
INSERT
  5
15CB
330
1F
100
AcDbEntity
  8
PARTS_BLOCKS
100
AcDbBlockReference
  2
PART_010
 10
2236.6093071557934
 20
1772.712673312391
 30
0.0
  0
INSERT
  5
15DC
330
1F
100
AcDbEntity
  8
PARTS_BLOCKS
100
AcDbBlockReference
  2
PART_011
 10
2150.9653993928987
 20
1749.76701406218
 30
0.0
  0
INSERT
  5
162A
330
1F
100
AcDbEntity
  8
PARTS_BLOCKS
100
AcDbBlockReference
  2
PART_012
 10
2308.6435299596696
 20
1763.633108129708
 30
0.0
  0
INSERT
  5
1678
330
1F
100
AcDbEntity
  8
PARTS_BLOCKS
100
AcDbBlockReference
  2
PART_013
 10
2254.95847233499
 20
1763.633108129708
 30
0.0
  0
INSERT
  5
1691
330
1F
100
AcDbEntity
  8
PARTS_BLOCKS
100
AcDbBlockReference
  2
PART_014
 10
2180.6952488143606
 20
1740.6408882799396
 30
0.0
  0
INSERT
  5
16A2
330
1F
100
AcDbEntity
  8
PARTS_BLOCKS
100
AcDbBlockReference
  2
PART_015
 10
2227.172274235535
 20
1773.3763445592208
 30
0.0
  0
INSERT
  5
16B3
330
1F
100
AcDbEntity
  8
PARTS_BLOCKS
100
AcDbBlockReference
  2
PART_016
 10
2160.402432313158
 20
1749.103342815351
 30
0.0
  0
INSERT
  5
16C4
330
1F
100
AcDbEntity
  8
PARTS_BLOCKS
100
AcDbBlockReference
  2
PART_017
 10
2193.5108780437454
 20
1761.89415438757
 30
0.0
  0
INSERT
  5
16D5
330
1F
100
AcDbEntity
  8
PARTS_BLOCKS
100
AcDbBlockReference
  2
PART_018
 10
2179.845098544789
 20
1755.3391682142837
 30
0.0
  0
INSERT
  5
16E0
330
1F
100
AcDbEntity
  8
PARTS_BLOCKS
100
AcDbBlockReference
  2
PART_019
 10
2264.012586057277
 20
1785.3953543374823
 30
0.0
  0
INSERT
  5
16EB
330
1F
100
AcDbEntity
  8
PARTS_BLOCKS
100
AcDbBlockReference
  2
PART_020
 10
2303.4591268944905
 20
1786.3534144427317
 30
0.0
  0
INSERT
  5
171F
330
1F
100
AcDbEntity
  8
PARTS_BLOCKS
100
AcDbBlockReference
  2
PART_021
 10
2307.320871740901
 20
1793.4976691265485
 30
0.0
  0
INSERT
  5
1753
330
1F
100
AcDbEntity
  8
PARTS_BLOCKS
100
AcDbBlockReference
  2
PART_022
 10
2260.150841210866
 20
1792.539613045413
 30
0.0
  0
INSERT
  5
1764
330
1F
100
AcDbEntity
  8
PARTS_BLOCKS
100
AcDbBlockReference
  2
PART_023
 10
2318.702405032639
 20
1825.6558249268003
 30
0.0
  0
INSERT
  5
1775
330
1F
100
AcDbEntity
  8
PARTS_BLOCKS
100
AcDbBlockReference
  2
PART_024
 10
2193.9625539595554
 20
1747.336034188333
 30
0.0
  0
INSERT
  5
1784
330
1F
100
AcDbEntity
  8
PARTS_BLOCKS
100
AcDbBlockReference
  2
PART_025
 10
2219.130241379023
 20
1776.0749837412245
 30
0.0
  0
INSERT
  5
1793
330
1F
100
AcDbEntity
  8
PARTS_BLOCKS
100
AcDbBlockReference
  2
PART_026
 10
2168.4444651696685
 20
1746.4047036333468
 30
0.0
  0
INSERT
  5
17A2
330
1F
100
AcDbEntity
  8
PARTS_BLOCKS
100
AcDbBlockReference
  2
PART_027
 10
2335.5119730329106
 20
1765.129675522036
 30
0.0
  0
INSERT
  5
17B1
330
1F
100
AcDbEntity
  8
PARTS_BLOCKS
100
AcDbBlockReference
  2
PART_028
 10
2325.4070918154057
 20
1765.129675522036
 30
0.0
  0
INSERT
  5
17BC
330
1F
100
AcDbEntity
  8
PARTS_BLOCKS
100
AcDbBlockReference
  2
PART_029
 10
2256.3142081454935
 20
1799.511060710451
 30
0.0
  0
INSERT
  5
17C7
330
1F
100
AcDbEntity
  8
PARTS_BLOCKS
100
AcDbBlockReference
  2
PART_030
 10
2311.157504806275
 20
1800.4691197601492
 30
0.0
  0
INSERT
  5
17D8
330
1F
100
AcDbEntity
  8
PARTS_BLOCKS
100
AcDbBlockReference
  2
PART_031
 10
2325.492909840139
 20
1783.093209147549
 30
0.0
  0
INSERT
  5
17E9
330
1F
100
AcDbEntity
  8
PARTS_BLOCKS
100
AcDbBlockReference
  2
PART_032
 10
2335.2754447411317
 20
1783.093209147549
 30
0.0
  0
INSERT
  5
17FA
330
1F
100
AcDbEntity
  8
PARTS_BLOCKS
100
AcDbBlockReference
  2
PART_033
 10
2205.8186299169297
 20
1773.918820147647
 30
0.0
  0
INSERT
  5
180B
330
1F
100
AcDbEntity
  8
PARTS_BLOCKS
100
AcDbBlockReference
  2
PART_034
 10
2325.1555400925176
 20
1793.7340544970411
 30
0.0
  0
INSERT
  5
181C
330
1F
100
AcDbEntity
  8
PARTS_BLOCKS
100
AcDbBlockReference
  2
PART_035
 10
2333.9716938983656
 20
1793.7340544970411
 30
0.0
  0
INSERT
  5
182D
330
1F
100
AcDbEntity
  8
PARTS_BLOCKS
100
AcDbBlockReference
  2
PART_036
 10
2193.3327888504573
 20
1773.5879070703631
 30
0.0
  0
ENDSEC
  0
SECTION
  2
OBJECTS
  0
DICTIONARY
  5
C
330
0
100
AcDbDictionary
281
1
  3
ACAD_CIP_PREVIOUS_PRODUCT_INFO
350
216
  3
ACAD_COLOR
350
6B
  3
ACAD_DETAILVIEWSTYLE
350
21B
  3
ACAD_GROUP
350
D
  3
ACAD_LAYOUT
350
1A
  3
ACAD_MATERIAL
350
6A
  3
ACAD_MLEADERSTYLE
350
12D
  3
ACAD_MLINESTYLE
350
17
  3
ACAD_PLOTSETTINGS
350
19
  3
ACAD_PLOTSTYLENAME
350
E
  3
ACAD_SCALELIST
350
10C
  3
ACAD_SECTIONVIEWSTYLE
350
219
  3
ACAD_TABLESTYLE
350
7E
  3
ACAD_VISUALSTYLE
350
EF
  3
ACDB_RECOMPOSE_DATA
350
1244
  3
AcDbVariableDictionary
350
5E
  3
ASE_INDEX_DICTIONARY
350
CC9
  3
EZDXF_META
350
1831
  0
DICTIONARY
  5
1FF
330
2
100
AcDbDictionary
280
1
281
1
  3
ACAD_LAYERSTATES
360
200
  0
DICTIONARY
  5
13C
330
10
100
AcDbDictionary
280
1
281
1
  0
DICTIONARY
  5
1CE
330
1F
100
AcDbDictionary
280
1
281
1
  3
ACAD_SORTENTS
360
11FA
  0
XRECORD
  5
216
102
{ACAD_REACTORS
330
C
102
}
330
C
100
AcDbXrecord
280
1
300
ACD
300
2021
300

  0
DICTIONARY
  5
6B
102
{ACAD_REACTORS
330
C
102
}
330
C
100
AcDbDictionary
281
1
  0
DICTIONARY
  5
21B
102
{ACAD_REACTORS
330
C
102
}
330
C
100
AcDbDictionary
281
1
  3
Metric50
350
21C
  0
DICTIONARY
  5
D
102
{ACAD_REACTORS
330
C
102
}
330
C
100
AcDbDictionary
281
1
  0
DICTIONARY
  5
1A
102
{ACAD_REACTORS
330
C
102
}
330
C
100
AcDbDictionary
281
1
  3
Model
350
22
  3
布局1
350
D3
  3
布局2
350
D7
  0
DICTIONARY
  5
6A
102
{ACAD_REACTORS
330
C
102
}
330
C
100
AcDbDictionary
281
1
  3
ByBlock
350
ED
  3
ByLayer
350
EC
  3
Global
350
EE
  0
DICTIONARY
  5
12D
102
{ACAD_REACTORS
330
C
102
}
330
C
100
AcDbDictionary
281
1
  3
Annotative
350
13B
  3
Standard
350
12E
  0
DICTIONARY
  5
17
102
{ACAD_REACTORS
330
C
102
}
330
C
100
AcDbDictionary
281
1
  3
Standard
350
18
  0
DICTIONARY
  5
19
102
{ACAD_REACTORS
330
C
102
}
330
C
100
AcDbDictionary
281
1
  0
ACDBDICTIONARYWDFLT
  5
E
102
{ACAD_REACTORS
330
C
102
}
330
C
100
AcDbDictionary
281
1
  3
Normal
350
F
100
AcDbDictionaryWithDefault
340
F
  0
DICTIONARY
  5
10C
102
{ACAD_REACTORS
330
C
102
}
330
C
100
AcDbDictionary
281
1
  3
A0
350
10D
  3
A1
350
1BE
  3
A2
350
1BF
  3
A3
350
1C0
  3
A4
350
1C1
  3
A5
350
1C2
  3
A6
350
1C3
  3
A7
350
1C4
  3
A8
350
1C5
  3
A9
350
1C6
  3
B0
350
1C7
  3
B1
350
1C8
  3
B2
350
1C9
  3
B3
350
1CA
  3
B4
350
1CB
  3
B5
350
1CC
  3
B6
350
1CD
  0
DICTIONARY
  5
219
102
{ACAD_REACTORS
330
C
102
}
330
C
100
AcDbDictionary
281
1
  3
Metric50
350
21A
  0
DICTIONARY
  5
7E
102
{ACAD_REACTORS
330
C
102
}
330
C
100
AcDbDictionary
281
1
  3
Standard
350
7F
  0
DICTIONARY
  5
EF
102
{ACAD_REACTORS
330
C
102
}
330
C
100
AcDbDictionary
281
1
  3
2dWireframe
350
F5
  3
Basic
350
F4
  3
Brighten
350
FB
  3
ColorChange
350
FF
  3
Conceptual
350
F8
  3
Dim
350
FA
  3
EdgeColorOff
350
1E6
  3
Facepattern
350
FE
  3
Flat
350
F0
  3
FlatWithEdges
350
F1
  3
Gouraud
350
F2
  3
GouraudWithEdges
350
F3
  3
Hidden
350
F7
  3
JitterOff
350
1E4
  3
Linepattern
350
FD
  3
OverhangOff
350
1E5
  3
Realistic
350
F9
  3
Shaded
350
1F3
  3
Shaded with edges
350
1F2
  3
Shades of Gray
350
1EF
  3
Sketchy
350
1F0
  3
Thicken
350
FC
  3
Wireframe
350
F6
  3
X-Ray
350
1F1
  0
XRECORD
  5
1244
102
{ACAD_REACTORS
330
C
102
}
330
C
100
AcDbXrecord
280
1
 90
1
330
7F
  0
DICTIONARY
  5
5E
102
{ACAD_REACTORS
330
C
102
}
330
C
100
AcDbDictionary
281
1
  3
CANNOSCALE
350
146
  3
CENTEREXE
350
259
  3
CENTERLTYPEFILE
350
25A
  3
CMLEADERSTYLE
350
145
  3
CTABLESTYLE
350
84
  3
CVIEWDETAILSTYLE
350
227
  3
CVIEWSECTIONSTYLE
350
228
  3
DIMASSOC
350
5F
  3
HIDETEXT
350
63
  3
LAYEREVAL
350
1AE
  3
LAYERNOTIFY
350
1AF
  3
LIGHTINGUNITS
350
1047
  3
MSLTSCALE
350
1046
  3
PSOLHEIGHT
350
1241
  3
PSOLWIDTH
350
1240
  3
XCLIPFRAME
350
1242
  0
DICTIONARY
  5
CC9
102
{ACAD_REACTORS
330
C
102
}
330
C
100
AcDbDictionary
281
1
  3
ASEBlockHierarchyIndexRecord
350
CCA
1001
DCO15
1040
-2136406606.0
  0
DICTIONARY
  5
200
102
{ACAD_REACTORS
330
1FF
102
}
330
1FF
100
AcDbDictionary
281
1
  0
SORTENTSTABLE
  5
11FA
102
{ACAD_REACTORS
330
1CE
102
}
330
1CE
100
AcDbSortentsTable
330
1F
331
E21
  5
E2B
331
E2B
  5
E2C
331
E2C
  5
E2D
331
E2D
  5
E2E
331
E2E
  5
E2F
331
E2F
  5
E30
331
E30
  5
E31
331
E31
  5
E32
331
E32
  5
E33
331
E33
  5
E34
331
E34
  5
E35
331
E35
  5
E36
331
E36
  5
E37
331
E37
  5
E38
331
E38
  5
E39
331
E39
  5
E3A
331
E3A
  5
E3B
331
E3B
  5
E3C
331
E3C
  5
E3D
331
E3D
  5
E3E
331
E3E
  5
E3F
331
E3F
  5
E40
331
E40
  5
E41
331
E41
  5
E42
331
E42
  5
E43
331
E43
  5
E44
331
E44
  5
E45
331
E45
  5
E46
331
E46
  5
E4D
331
E4D
  5
E59
331
E59
  5
E6A
331
E6C
  5
E6D
331
E6D
  5
E6E
331
E6E
  5
E6F
331
E6F
  5
E70
331
E70
  5
E71
331
E71
  5
E72
331
E72
  5
E73
331
E73
  5
E74
331
E74
  5
E75
331
E75
  5
E76
331
E76
  5
E7D
331
E7D
  5
E83
331
E83
  5
E84
331
E84
  5
E8B
331
E8B
  5
E8C
331
E8C
  5
E91
331
E91
  5
E92
331
E92
  5
E93
331
E93
  5
E94
331
E94
  5
E95
331
E95
  5
E96
331
E96
  5
E97
331
E97
  5
E98
331
E98
  5
E99
331
E99
  5
E9A
331
E9A
  5
E9B
331
E9B
  5
E9C
331
E9C
  5
E9D
331
E9D
  5
E9E
331
E9E
  5
E9F
331
E9F
  5
EA0
331
EA0
  5
EA1
331
EA1
  5
EA2
331
EA2
  5
EA3
331
EA3
  5
EA4
331
EA4
  5
EA5
331
EA5
  5
EA6
331
EA6
  5
EA7
331
EA7
  5
EA8
331
EA8
  5
EA9
331
EA9
  5
EAA
331
EAA
  5
EAB
331
EAB
  5
EAC
331
EAC
  5
EAD
331
EAD
  5
EAE
331
EAE
  5
EAF
331
EAF
  5
EB0
331
EB0
  5
EB1
331
EB1
  5
EB2
331
EB2
  5
EB3
331
EB3
  5
EB4
331
EB4
  5
EB5
331
EB5
  5
EB6
331
EB6
  5
EB7
331
EB7
  5
EB8
331
EB8
  5
EB9
331
EB9
  5
EBA
331
EBA
  5
EBB
331
EBB
  5
EBC
331
EBC
  5
EBD
331
EBD
  5
EBE
331
EBE
  5
EBF
331
EBF
  5
EC0
331
EC0
  5
EC1
331
EC1
  5
EC2
331
EC2
  5
EC3
331
EC3
  5
EC4
331
EC4
  5
EC5
331
EC5
  5
EC6
331
EC6
  5
EC7
331
EC7
  5
EC8
331
EC8
  5
EC9
331
EC9
  5
ECA
331
ECA
  5
ECB
331
ECB
  5
ECC
331
ECC
  5
ECD
331
ECD
  5
ECE
331
ECE
  5
ECF
331
ECF
  5
ED0
331
ED0
  5
ED1
331
ED1
  5
ED2
331
ED2
  5
ED3
331
ED3
  5
ED4
331
ED4
  5
ED5
331
ED5
  5
ED6
331
ED6
  5
ED7
331
ED7
  5
ED8
331
ED8
  5
ED9
331
ED9
  5
EDA
331
EDA
  5
EDB
331
EDB
  5
EDC
331
EDC
  5
EDD
331
EDD
  5
EDE
331
EDE
  5
EDF
331
EDF
  5
EE0
331
EE0
  5
EE1
331
EE1
  5
EE2
331
EE2
  5
EE3
331
EE3
  5
EE4
331
EE4
  5
FFA
331
FFA
  5
FFB
331
FFB
  5
FFC
331
FFC
  5
FFD
331
FFD
  5
FFE
331
FFE
  5
FFF
331
FFF
  5
1000
331
1000
  5
1001
331
1001
  5
1002
331
1002
  5
1003
331
1003
  5
1004
331
1004
  5
1005
331
1005
  5
1006
331
1006
  5
1007
331
1007
  5
1008
331
1008
  5
1009
331
1009
  5
100A
331
100A
  5
100B
331
100B
  5
100C
331
100C
  5
100F
331
100F
  5
1010
331
1010
  5
1011
331
1011
  5
1012
331
1012
  5
1013
331
1013
  5
1014
331
1014
  5
1015
331
1015
  5
1016
331
1016
  5
1017
331
1017
  5
1018
331
1018
  5
1019
331
1019
  5
101A
331
101A
  5
101B
331
101B
  5
101C
331
101C
  5
101D
331
101D
  5
101E
331
101E
  5
101F
331
101F
  5
1126
331
1126
  5
1127
331
1127
  5
116C
331
116C
  5
11B1
331
11B1
  5
11F7
331
11F7
  5
11F8
  0
ACDBDETAILVIEWSTYLE
  5
21C
102
{ACAD_XDICTIONARY
360
1278
102
}
102
{ACAD_REACTORS
330
21B
102
}
330
21B
100
AcDbModelDocViewStyle
 70
0
  3
Metric50
290
0
100
AcDbDetailViewStyle
 70
0
 71
0
 90
3
 71
1
340
11
 62
256
 40
5.0
340
0
 62
256
 40
5.0
300

 40
0.0
280
1
 71
2
340
16
 90
25
 62
256
 71
3
340
11
 62
256
 40
5.0
 90
0
 40
15.0
 90
1
300
%<\AcVar ViewDetailId>% (%<\AcVar ViewScale \f "%sn">%)
 71
4
340
16
 90
25
 62
256
340
16
 90
25
 62
256
280
0
  0
LAYOUT
  5
22
102
{ACAD_XDICTIONARY
360
205
102
}
102
{ACAD_REACTORS
330
1A
102
}
330
1A
100
AcDbPlotSettings
  1

  2
none_device
  4
ISO_A4_(210.00_x_297.00_MM)
  6

 40
7.5
 41
20.0
 42
7.5
 43
20.0
 44
210.0
 45
297.0
 46
11.54999923706054
 47
-13.65000009536743
 48
0.0
 49
0.0
140
0.0
141
0.0
142
1.0
143
8.704084754739808
 70
11952
 72
1
 73
0
 74
0
  7

 75
0
 76
0
 77
2
 78
300
147
0.1148885871608098
148
0.0
149
0.0
100
AcDbLayout
  1
Model
 70
1
 71
0
 10
0.0
 20
0.0
 11
12.0
 21
9.0
 12
0.0
 22
0.0
 32
0.0
 14
0.0
 24
0.0
 34
0.0
 15
0.0
 25
0.0
 35
0.0
146
0.0
 13
0.0
 23
0.0
 33
0.0
 16
1.0
 26
0.0
 36
0.0
 17
0.0
 27
1.0
 37
0.0
 76
0
330
1F
331
EA
1001
ACAD_PSEXT
1000
None
1000
None
1000
Not applicable
1000
The layout will not be plotted unless a new plotter configuration name is selected.
1070
0
  0
LAYOUT
  5
D3
102
{ACAD_REACTORS
330
1A
102
}
330
1A
100
AcDbPlotSettings
  1

  2
C:\Documents and Settings\basas\Application Data\Autodesk\AutoCAD 2005\R16.1\enu\plotters\Default Windows System Printer.pc3
  4

  6

 40
0.0
 41
0.0
 42
0.0
 43
0.0
 44
0.0
 45
0.0
 46
0.0
 47
0.0
 48
0.0
 49
0.0
140
0.0
141
0.0
142
1.0
143
1.0
 70
688
 72
0
 73
0
 74
5
  7

 75
16
 76
0
 77
2
 78
300
147
1.0
148
0.0
149
0.0
100
AcDbLayout
  1
布局1
 70
1
 71
1
 10
0.0
 20
0.0
 11
12.0
 21
9.0
 12
0.0
 22
0.0
 32
0.0
 14
0.0
 24
0.0
 34
0.0
 15
0.0
 25
0.0
 35
0.0
146
0.0
 13
0.0
 23
0.0
 33
0.0
 16
1.0
 26
0.0
 36
0.0
 17
0.0
 27
1.0
 37
0.0
 76
0
330
D2
  0
LAYOUT
  5
D7
102
{ACAD_REACTORS
330
1A
102
}
330
1A
100
AcDbPlotSettings
  1

  2
C:\Documents and Settings\basas\Application Data\Autodesk\AutoCAD 2005\R16.1\enu\plotters\Default Windows System Printer.pc3
  4

  6

 40
0.0
 41
0.0
 42
0.0
 43
0.0
 44
0.0
 45
0.0
 46
0.0
 47
0.0
 48
0.0
 49
0.0
140
0.0
141
0.0
142
1.0
143
1.0
 70
688
 72
0
 73
0
 74
5
  7

 75
16
 76
0
 77
2
 78
300
147
1.0
148
0.0
149
0.0
100
AcDbLayout
  1
布局2
 70
1
 71
2
 10
0.0
 20
0.0
 11
12.0
 21
9.0
 12
0.0
 22
0.0
 32
0.0
 14
0.0
 24
0.0
 34
0.0
 15
0.0
 25
0.0
 35
0.0
146
0.0
 13
0.0
 23
0.0
 33
0.0
 16
1.0
 26
0.0
 36
0.0
 17
0.0
 27
1.0
 37
0.0
 76
0
330
D6
  0
MATERIAL
  5
ED
102
{ACAD_XDICTIONARY
360
1F9
102
}
102
{ACAD_REACTORS
330
6A
102
}
330
6A
100
AcDbMaterial
  1
ByBlock
  2

 70
0
 40
1.0
 71
0
 41
1.0
 91
-1023410177
 42
1.0
 72
1
  3

 73
1
 74
1
 75
1
 44
0.5
 73
0
 45
1.0
 46
1.0
 77
1
  4

 78
1
 79
1
170
1
 48
1.0
171
1
  6

172
1
173
1
174
1
140
1.0
141
1.0
175
1
  7

176
1
177
1
178
1
143
1.0
179
1
  8

270
1
271
1
272
1
145
1.0
146
1.0
273
1
  9

274
1
275
1
276
1
 42
1.0
 72
1
  3

 73
1
 74
1
 75
1
 94
63
  0
MATERIAL
  5
EC
102
{ACAD_XDICTIONARY
360
1F7
102
}
102
{ACAD_REACTORS
330
6A
102
}
330
6A
100
AcDbMaterial
  1
ByLayer
  2

 70
0
 40
1.0
 71
0
 41
1.0
 91
-1023410177
 42
1.0
 72
1
  3

 73
1
 74
1
 75
1
 44
0.5
 73
0
 45
1.0
 46
1.0
 77
1
  4

 78
1
 79
1
170
1
 48
1.0
171
1
  6

172
1
173
1
174
1
140
1.0
141
1.0
175
1
  7

176
1
177
1
178
1
143
1.0
179
1
  8

270
1
271
1
272
1
145
1.0
146
1.0
273
1
  9

274
1
275
1
276
1
 42
1.0
 72
1
  3

 73
1
 74
1
 75
1
 94
63
  0
MATERIAL
  5
EE
102
{ACAD_XDICTIONARY
360
173
102
}
102
{ACAD_REACTORS
330
6A
102
}
330
6A
100
AcDbMaterial
  1
Global
  2

 70
0
 40
1.0
 71
0
 41
1.0
 91
-1023410177
 42
1.0
 72
1
  3

 73
1
 74
1
 75
1
 43
0.0007999999797903
 43
0.0
 43
0.0
 43
0.0
 43
0.0
 43
0.0007999999797903
 43
0.0
 43
0.0
 43
0.0
 43
0.0
 43
1.0
 43
0.0
 43
0.0
 43
0.0
 43
0.0
 43
1.0
 44
0.5
 73
0
 45
1.0
 46
1.0
 77
1
  4

 78
1
 79
1
170
1
 48
1.0
171
1
  6

172
1
173
1
174
1
 49
0.0007999999797903
 49
0.0
 49
0.0
 49
0.0
 49
0.0
 49
0.0007999999797903
 49
0.0
 49
0.0
 49
0.0
 49
0.0
 49
1.0
 49
0.0
 49
0.0
 49
0.0
 49
0.0
 49
1.0
140
1.0
141
1.0
175
1
  7

176
1
177
1
178
1
142
0.0007999999797903
142
0.0
142
0.0
142
0.0
142
0.0
142
0.0007999999797903
142
0.0
142
0.0
142
0.0
142
0.0
142
1.0
142
0.0
142
0.0
142
0.0
142
0.0
142
1.0
143
1.0
179
1
  8

270
1
271
1
272
1
144
0.0007999999797903
144
0.0
144
0.0
144
0.0
144
0.0
144
0.0007999999797903
144
0.0
144
0.0
144
0.0
144
0.0
144
1.0
144
0.0
144
0.0
144
0.0
144
0.0
144
1.0
145
1.0
146
1.0
273
1
  9

274
1
275
1
276
1
 42
1.0
 72
1
  3

 73
1
 74
1
 75
1
 94
63
1001
ACAD
1070
-1
1070
3
1070
0
1000

1071
0
1070
0
  0
MLEADERSTYLE
  5
13B
102
{ACAD_REACTORS
330
12D
102
}
330
12D
100
AcDbMLeaderStyle
179
2
170
2
171
1
172
0
 90
2
 40
0.0
 41
0.0
173
1
 91
-1056964608
340
14
 92
-2
290
1
 42
2.0
291
1
 43
8.0
  3
Standard
 44
4.0
300

342
11
174
1
175
1
176
0
178
1
 93
-1056964608
 45
4.0
292
0
297
0
 46
4.0
293
1
 94
-1056964608
 47
1.0
 49
1.0
140
1.0
294
1
141
0.0
177
0
142
1.0
295
0
296
1
143
3.75
271
0
272
9
273
9
1001
ACAD_MLEADERVER
1070
2
  0
MLEADERSTYLE
  5
12E
102
{ACAD_REACTORS
330
12D
102
}
330
12D
100
AcDbMLeaderStyle
179
2
170
2
171
1
172
0
 90
2
 40
0.0
 41
0.0
173
1
 91
-1056964608
340
14
 92
-2
290
1
 42
2.0
291
1
 43
8.0
  3
Standard
 44
4.0
300

342
11
174
1
175
1
176
0
178
1
 93
-1056964608
 45
4.0
292
0
297
0
 46
4.0
293
1
 94
-1056964608
 47
1.0
 49
1.0
140
1.0
294
1
141
0.0
177
0
142
1.0
295
0
296
0
143
3.75
271
0
272
9
273
9
1001
ACAD_MLEADERVER
1070
2
  0
MLINESTYLE
  5
18
102
{ACAD_REACTORS
330
17
102
}
330
17
100
AcDbMlineStyle
  2
STANDARD
 70
0
  3

 62
256
 51
90.0
 52
90.0
 71
2
 49
0.5
 62
256
  6
BYLAYER
 49
-0.5
 62
256
  6
BYLAYER
  0
ACDBPLACEHOLDER
  5
F
102
{ACAD_REACTORS
330
E
102
}
330
E
  0
SCALE
  5
10D
102
{ACAD_REACTORS
330
10C
102
}
330
10C
100
AcDbScale
 70
0
300
1:1
140
1.0
141
1.0
290
1
  0
SCALE
  5
1BE
102
{ACAD_REACTORS
330
10C
102
}
330
10C
100
AcDbScale
 70
0
300
1:2
140
1.0
141
2.0
290
0
  0
SCALE
  5
1BF
102
{ACAD_REACTORS
330
10C
102
}
330
10C
100
AcDbScale
 70
0
300
1:4
140
1.0
141
4.0
290
0
  0
SCALE
  5
1C0
102
{ACAD_REACTORS
330
10C
102
}
330
10C
100
AcDbScale
 70
0
300
1:5
140
1.0
141
5.0
290
0
  0
SCALE
  5
1C1
102
{ACAD_REACTORS
330
10C
102
}
330
10C
100
AcDbScale
 70
0
300
1:8
140
1.0
141
8.0
290
0
  0
SCALE
  5
1C2
102
{ACAD_REACTORS
330
10C
102
}
330
10C
100
AcDbScale
 70
0
300
1:10
140
1.0
141
10.0
290
0
  0
SCALE
  5
1C3
102
{ACAD_REACTORS
330
10C
102
}
330
10C
100
AcDbScale
 70
0
300
1:16
140
1.0
141
16.0
290
0
  0
SCALE
  5
1C4
102
{ACAD_REACTORS
330
10C
102
}
330
10C
100
AcDbScale
 70
0
300
1:20
140
1.0
141
20.0
290
0
  0
SCALE
  5
1C5
102
{ACAD_REACTORS
330
10C
102
}
330
10C
100
AcDbScale
 70
0
300
1:30
140
1.0
141
30.0
290
0
  0
SCALE
  5
1C6
102
{ACAD_REACTORS
330
10C
102
}
330
10C
100
AcDbScale
 70
0
300
1:40
140
1.0
141
40.0
290
0
  0
SCALE
  5
1C7
102
{ACAD_REACTORS
330
10C
102
}
330
10C
100
AcDbScale
 70
0
300
1:50
140
1.0
141
50.0
290
0
  0
SCALE
  5
1C8
102
{ACAD_REACTORS
330
10C
102
}
330
10C
100
AcDbScale
 70
0
300
1:100
140
1.0
141
100.0
290
0
  0
SCALE
  5
1C9
102
{ACAD_REACTORS
330
10C
102
}
330
10C
100
AcDbScale
 70
0
300
2:1
140
2.0
141
1.0
290
0
  0
SCALE
  5
1CA
102
{ACAD_REACTORS
330
10C
102
}
330
10C
100
AcDbScale
 70
0
300
4:1
140
4.0
141
1.0
290
0
  0
SCALE
  5
1CB
102
{ACAD_REACTORS
330
10C
102
}
330
10C
100
AcDbScale
 70
0
300
8:1
140
8.0
141
1.0
290
0
  0
SCALE
  5
1CC
102
{ACAD_REACTORS
330
10C
102
}
330
10C
100
AcDbScale
 70
0
300
10:1
140
10.0
141
1.0
290
0
  0
SCALE
  5
1CD
102
{ACAD_REACTORS
330
10C
102
}
330
10C
100
AcDbScale
 70
0
300
100:1
140
100.0
141
1.0
290
0
  0
ACDBSECTIONVIEWSTYLE
  5
21A
102
{ACAD_XDICTIONARY
360
1276
102
}
102
{ACAD_REACTORS
330
219
102
}
330
219
100
AcDbModelDocViewStyle
 70
0
  3
Metric50
290
0
100
AcDbSectionViewStyle
 70
0
 71
0
 90
102
 71
1
340
11
 62
256
 40
5.0
340
0
340
0
 62
256
 40
5.0
300
I, O, Q, S, X, Z
 40
10.0
 90
0
 40
2.5
 90
0
 71
2
340
16
 90
25
 62
256
340
16
 90
50
 62
256
 40
5.0
 40
2.5
 40
5.0
 71
3
340
11
 62
256
 40
5.0
 90
0
 40
15.0
 90
1
300
%<\AcVar ViewSectionStartId>%-%<\AcVar ViewSectionEndId>% (%<\AcVar ViewScale \f "%sn">%)
 71
4
 62
256
 62
257
300
ANSI31
 40
1.0
 90
0
290
0
290
0
 90
6
 40
0.0
 40
1.570796326794896
 40
0.2617993877991494
 40
1.308996938995747
 40
-0.2617993877991494
 40
1.832595714594044
  0
TABLESTYLE
  5
7F
102
{ACAD_XDICTIONARY
360
162
102
}
102
{ACAD_REACTORS
330
7E
102
}
330
7E
100
AcDbTableStyle
  3
Standard
 70
0
 71
0
 40
1.5
 41
1.5
280
0
281
0
  7
Standard
140
4.5
170
2
 62
0
 63
7
283
0
274
-2
284
1
 64
0
275
-2
285
1
 65
0
276
-2
286
1
 66
0
277
-2
287
1
 67
0
278
-2
288
1
 68
0
279
-2
289
1
 69
0
  7
Standard
140
6.0
170
5
 62
0
 63
7
283
0
274
-2
284
1
 64
0
275
-2
285
1
 65
0
276
-2
286
1
 66
0
277
-2
287
1
 67
0
278
-2
288
1
 68
0
279
-2
289
1
 69
0
  7
Standard
140
4.5
170
5
 62
0
 63
7
283
0
274
-2
284
1
 64
0
275
-2
285
1
 65
0
276
-2
286
1
 66
0
277
-2
287
1
 67
0
278
-2
288
1
 68
0
279
-2
289
1
 69
0
  0
VISUALSTYLE
  5
F5
102
{ACAD_XDICTIONARY
360
1250
102
}
102
{ACAD_REACTORS
330
EF
102
}
330
EF
100
AcDbVisualStyle
  2

 70
4
 71
0
 72
2
 73
1
 90
0
 40
-0.6
 41
-30.0
 62
5
 63
7
421
16777215
 74
1
 91
4
 64
7
 65
257
 75
1
175
1
 42
1.0
 92
0
 66
257
 43
1.0
 76
1
 77
6
 78
2
 67
7
 79
5
170
0
171
0
290
0
174
0
 93
1
 44
0.0
173
0
291
0
 45
0.0
1001
ACAD
1000
AcDbSavedByObjectVersion
1070
0
  0
VISUALSTYLE
  5
F4
102
{ACAD_XDICTIONARY
360
124E
102
}
102
{ACAD_REACTORS
330
EF
102
}
330
EF
100
AcDbVisualStyle
  2

 70
7
 71
1
 72
0
 73
1
 90
0
 40
-0.6
 41
-30.0
 62
5
 63
7
421
16777215
 74
0
 91
4
 64
7
 65
257
 75
1
175
1
 42
1.0
 92
8
 66
7
 43
1.0
 76
1
 77
6
 78
2
 67
7
 79
5
170
0
171
0
290
0
174
0
 93
1
 44
0.0
173
0
291
1
 45
0.0
1001
ACAD
1000
AcDbSavedByObjectVersion
1070
0
  0
VISUALSTYLE
  5
FB
102
{ACAD_XDICTIONARY
360
125C
102
}
102
{ACAD_REACTORS
330
EF
102
}
330
EF
100
AcDbVisualStyle
  2

 70
12
 71
2
 72
2
 73
1
 90
0
 40
-0.6
 41
-30.0
 62
5
 63
7
421
16777215
 74
1
 91
4
 64
7
 65
257
 75
1
175
1
 42
1.0
 92
8
 66
7
 43
1.0
 76
1
 77
6
 78
2
 67
7
 79
5
170
0
171
0
290
0
174
0
 93
1
 44
50.0
173
0
291
1
 45
0.0
1001
ACAD
1000
AcDbSavedByObjectVersion
1070
0
  0
VISUALSTYLE
  5
FF
102
{ACAD_XDICTIONARY
360
1264
102
}
102
{ACAD_REACTORS
330
EF
102
}
330
EF
100
AcDbVisualStyle
  2

 70
16
 71
2
 72
2
 73
3
 90
0
 40
-0.6
 41
-30.0
 62
5
 63
8
421
8421504
 74
1
 91
4
 64
7
 65
257
 75
1
175
1
 42
1.0
 92
8
 66
8
 43
1.0
 76
1
 77
6
 78
2
 67
7
 79
5
170
0
171
0
290
0
174
0
 93
1
 44
0.0
173
0
291
1
 45
0.0
1001
ACAD
1000
AcDbSavedByObjectVersion
1070
0
  0
VISUALSTYLE
  5
F8
102
{ACAD_XDICTIONARY
360
1256
102
}
102
{ACAD_REACTORS
330
EF
102
}
330
EF
100
AcDbVisualStyle
  2

 70
9
 71
3
 72
2
 73
1
 90
0
 40
-0.6
 41
-30.0
 62
5
 63
7
421
16777215
 74
2
 91
2
 64
7
 65
257
 75
1
175
1
 42
40.0
 92
8
 66
7
 43
1.0
 76
1
 77
6
 78
2
 67
7
 79
3
170
0
171
0
290
0
174
0
 93
1
 44
0.0
173
0
291
0
 45
0.0
1001
ACAD
1000
AcDbSavedByObjectVersion
1070
0
  0
VISUALSTYLE
  5
FA
102
{ACAD_XDICTIONARY
360
125A
102
}
102
{ACAD_REACTORS
330
EF
102
}
330
EF
100
AcDbVisualStyle
  2

 70
11
 71
2
 72
2
 73
1
 90
0
 40
-0.6
 41
-30.0
 62
5
 63
7
421
16777215
 74
1
 91
4
 64
7
 65
257
 75
1
175
1
 42
1.0
 92
8
 66
7
 43
1.0
 76
1
 77
6
 78
2
 67
7
 79
5
170
0
171
0
290
0
174
0
 93
1
 44
-50.0
173
0
291
1
 45
0.0
1001
ACAD
1000
AcDbSavedByObjectVersion
1070
0
  0
VISUALSTYLE
  5
1E6
102
{ACAD_XDICTIONARY
360
126A
102
}
102
{ACAD_REACTORS
330
EF
102
}
330
EF
100
AcDbVisualStyle
  2

 70
22
 71
2
 72
2
 73
0
 90
0
 40
-0.6
 41
-30.0
 62
5
 63
7
421
16777215
 74
1
 91
4
 64
7
 65
257
 75
1
175
1
 42
1.0
 92
8
 66
7
 43
1.0
 76
1
 77
6
 78
2
 67
7
 79
5
170
0
171
0
290
0
174
0
 93
1
 44
0.0
173
0
291
1
 45
0.0
1001
ACAD
1000
AcDbSavedByObjectVersion
1070
0
  0
VISUALSTYLE
  5
FE
102
{ACAD_XDICTIONARY
360
1262
102
}
102
{ACAD_REACTORS
330
EF
102
}
330
EF
100
AcDbVisualStyle
  2

 70
15
 71
2
 72
2
 73
1
 90
0
 40
-0.6
 41
-30.0
 62
5
 63
7
421
16777215
 74
1
 91
4
 64
7
 65
257
 75
1
175
1
 42
1.0
 92
8
 66
7
 43
1.0
 76
1
 77
6
 78
2
 67
7
 79
5
170
0
171
0
290
0
174
0
 93
1
 44
0.0
173
0
291
1
 45
0.0
1001
ACAD
1000
AcDbSavedByObjectVersion
1070
0
  0
VISUALSTYLE
  5
F0
102
{ACAD_XDICTIONARY
360
1246
102
}
102
{ACAD_REACTORS
330
EF
102
}
330
EF
100
AcDbVisualStyle
  2

 70
0
 71
2
 72
1
 73
1
 90
2
 40
-0.6
 41
30.0
 62
5
 63
7
421
16777215
 74
0
 91
0
 64
7
 65
257
 75
1
175
1
 42
1.0
 92
8
 66
7
 43
1.0
 76
1
 77
6
 78
2
 67
7
 79
5
170
0
171
0
290
0
174
0
 93
13
 44
0.0
173
0
291
1
 45
0.0
1001
ACAD
1000
AcDbSavedByObjectVersion
1070
0
  0
VISUALSTYLE
  5
F1
102
{ACAD_XDICTIONARY
360
1248
102
}
102
{ACAD_REACTORS
330
EF
102
}
330
EF
100
AcDbVisualStyle
  2

 70
1
 71
2
 72
1
 73
1
 90
2
 40
-0.6
 41
30.0
 62
5
 63
7
421
16777215
 74
1
 91
0
 64
7
 65
257
 75
1
175
1
 42
1.0
 92
0
 66
257
 43
1.0
 76
1
 77
6
 78
2
 67
7
 79
5
170
0
171
0
290
0
174
0
 93
13
 44
0.0
173
0
291
1
 45
0.0
1001
ACAD
1000
AcDbSavedByObjectVersion
1070
0
  0
VISUALSTYLE
  5
F2
102
{ACAD_XDICTIONARY
360
124A
102
}
102
{ACAD_REACTORS
330
EF
102
}
330
EF
100
AcDbVisualStyle
  2

 70
2
 71
2
 72
2
 73
1
 90
2
 40
-0.6
 41
30.0
 62
5
 63
7
421
16777215
 74
0
 91
0
 64
7
 65
257
 75
1
175
1
 42
1.0
 92
0
 66
7
 43
1.0
 76
1
 77
6
 78
2
 67
7
 79
5
170
0
171
0
290
0
174
0
 93
13
 44
0.0
173
0
291
1
 45
0.0
1001
ACAD
1000
AcDbSavedByObjectVersion
1070
0
  0
VISUALSTYLE
  5
F3
102
{ACAD_XDICTIONARY
360
124C
102
}
102
{ACAD_REACTORS
330
EF
102
}
330
EF
100
AcDbVisualStyle
  2

 70
3
 71
2
 72
2
 73
1
 90
2
 40
-0.6
 41
30.0
 62
5
 63
7
421
16777215
 74
1
 91
0
 64
7
 65
257
 75
1
175
1
 42
1.0
 92
0
 66
257
 43
1.0
 76
1
 77
6
 78
2
 67
7
 79
5
170
0
171
0
290
0
174
0
 93
13
 44
0.0
173
0
291
1
 45
0.0
1001
ACAD
1000
AcDbSavedByObjectVersion
1070
0
  0
VISUALSTYLE
  5
F7
102
{ACAD_XDICTIONARY
360
1254
102
}
102
{ACAD_REACTORS
330
EF
102
}
330
EF
100
AcDbVisualStyle
  2

 70
6
 71
1
 72
2
 73
2
 90
0
 40
-0.6
 41
-30.0
 62
5
 63
7
421
16777215
 74
2
 91
2
 64
7
 65
257
 75
2
175
1
 42
40.0
 92
0
 66
257
 43
1.0
 76
1
 77
6
 78
2
 67
7
 79
3
170
0
171
0
290
0
174
0
 93
1
 44
0.0
173
0
291
0
 45
0.0
1001
ACAD
1000
AcDbSavedByObjectVersion
1070
0
  0
VISUALSTYLE
  5
1E4
102
{ACAD_XDICTIONARY
360
1266
102
}
102
{ACAD_REACTORS
330
EF
102
}
330
EF
100
AcDbVisualStyle
  2

 70
20
 71
2
 72
2
 73
0
 90
0
 40
-0.6
 41
-30.0
 62
5
 63
7
421
16777215
 74
1
 91
4
 64
7
 65
257
 75
1
175
1
 42
1.0
 92
10
 66
7
 43
1.0
 76
1
 77
6
 78
2
 67
7
 79
5
170
0
171
0
290
0
174
0
 93
1
 44
0.0
173
0
291
1
 45
0.0
1001
ACAD
1000
AcDbSavedByObjectVersion
1070
0
  0
VISUALSTYLE
  5
FD
102
{ACAD_XDICTIONARY
360
1260
102
}
102
{ACAD_REACTORS
330
EF
102
}
330
EF
100
AcDbVisualStyle
  2

 70
14
 71
2
 72
2
 73
1
 90
0
 40
-0.6
 41
-30.0
 62
5
 63
7
421
16777215
 74
1
 91
4
 64
7
 65
257
 75
7
175
7
 42
1.0
 92
8
 66
7
 43
1.0
 76
1
 77
6
 78
2
 67
7
 79
5
170
0
171
0
290
0
174
0
 93
1
 44
0.0
173
0
291
1
 45
0.0
1001
ACAD
1000
AcDbSavedByObjectVersion
1070
0
  0
VISUALSTYLE
  5
1E5
102
{ACAD_XDICTIONARY
360
1268
102
}
102
{ACAD_REACTORS
330
EF
102
}
330
EF
100
AcDbVisualStyle
  2

 70
21
 71
2
 72
2
 73
0
 90
0
 40
-0.6
 41
-30.0
 62
5
 63
7
421
16777215
 74
1
 91
4
 64
7
 65
257
 75
1
175
1
 42
1.0
 92
9
 66
7
 43
1.0
 76
1
 77
6
 78
2
 67
7
 79
5
170
0
171
0
290
0
174
0
 93
1
 44
0.0
173
0
291
1
 45
0.0
1001
ACAD
1000
AcDbSavedByObjectVersion
1070
0
  0
VISUALSTYLE
  5
F9
102
{ACAD_XDICTIONARY
360
1258
102
}
102
{ACAD_REACTORS
330
EF
102
}
330
EF
100
AcDbVisualStyle
  2

 70
8
 71
2
 72
3
 73
0
 90
2
 40
-0.6
 41
30.0
 62
5
 63
7
421
16777215
 74
0
 91
0
 64
7
 65
257
 75
1
175
1
 42
1.0
 92
8
 66
257
 43
1.0
 76
1
 77
6
 78
2
 67
7
 79
3
170
0
171
0
290
0
174
0
 93
13
 44
0.0
173
0
291
0
 45
0.0
1001
ACAD
1000
AcDbSavedByObjectVersion
1070
0
  0
VISUALSTYLE
  5
1F3
102
{ACAD_XDICTIONARY
360
1274
102
}
102
{ACAD_REACTORS
330
EF
102
}
330
EF
100
AcDbVisualStyle
  2

 70
27
 71
2
 72
2
 73
1
 90
2
 40
-0.6
 41
30.0
 62
5
 63
7
421
16777215
 74
0
 91
4
 64
7
 65
257
 75
1
175
1
 42
1.0
 92
8
 66
257
 43
1.0
 76
1
 77
6
 78
2
 67
8
 79
3
170
0
171
0
290
0
174
0
 93
5
 44
0.0
173
0
291
0
 45
0.0
1001
ACAD
1000
AcDbSavedByObjectVersion
1070
0
  0
VISUALSTYLE
  5
1F2
102
{ACAD_XDICTIONARY
360
1272
102
}
102
{ACAD_REACTORS
330
EF
102
}
330
EF
100
AcDbVisualStyle
  2

 70
26
 71
2
 72
2
 73
1
 90
2
 40
-0.6
 41
30.0
 62
5
 63
7
421
16777215
 74
1
 91
2
 64
7
 65
257
 75
2
175
1
 42
1.0
 92
8
 66
257
 43
1.0
 76
1
 77
6
 78
2
 67
7
 79
3
170
0
171
0
290
0
174
0
 93
5
 44
0.0
173
0
291
0
 45
0.0
1001
ACAD
1000
AcDbSavedByObjectVersion
1070
0
  0
VISUALSTYLE
  5
1EF
102
{ACAD_XDICTIONARY
360
126C
102
}
102
{ACAD_REACTORS
330
EF
102
}
330
EF
100
AcDbVisualStyle
  2

 70
23
 71
2
 72
2
 73
3
 90
0
 40
-0.6
 41
-30.0
 62
5
 63
7
421
16777215
 74
2
 91
2
 64
7
 65
7
 75
1
175
1
 42
40.0
 92
8
 66
7
 43
1.0
 76
1
 77
6
 78
2
 67
7
 79
3
170
0
171
0
290
0
174
0
 93
1
 44
0.0
173
0
291
0
 45
0.0
1001
ACAD
1000
AcDbSavedByObjectVersion
1070
0
  0
VISUALSTYLE
  5
1F0
102
{ACAD_XDICTIONARY
360
126E
102
}
102
{ACAD_REACTORS
330
EF
102
}
330
EF
100
AcDbVisualStyle
  2

 70
24
 71
1
 72
2
 73
2
 90
0
 40
-0.6
 41
-30.0
 62
5
 63
7
421
16777215
 74
2
 91
2
 64
7
 65
7
 75
1
175
1
 42
40.0
 92
11
 66
7
 43
1.0
 76
1
 77
6
 78
2
 67
7
 79
6
170
0
171
0
290
0
174
0
 93
1
 44
0.0
173
0
291
0
 45
0.0
1001
ACAD
1000
AcDbSavedByObjectVersion
1070
0
  0
VISUALSTYLE
  5
FC
102
{ACAD_XDICTIONARY
360
125E
102
}
102
{ACAD_REACTORS
330
EF
102
}
330
EF
100
AcDbVisualStyle
  2

 70
13
 71
2
 72
2
 73
1
 90
0
 40
-0.6
 41
-30.0
 62
5
 63
7
421
16777215
 74
1
 91
4
 64
7
 65
257
 75
1
175
1
 42
1.0
 92
12
 66
7
 43
1.0
 76
1
 77
6
 78
2
 67
7
 79
5
170
0
171
0
290
0
174
0
 93
1
 44
0.0
173
0
291
1
 45
0.0
1001
ACAD
1000
AcDbSavedByObjectVersion
1070
0
  0
VISUALSTYLE
  5
F6
102
{ACAD_XDICTIONARY
360
1252
102
}
102
{ACAD_REACTORS
330
EF
102
}
330
EF
100
AcDbVisualStyle
  2

 70
5
 71
0
 72
2
 73
0
 90
0
 40
-0.6
 41
-30.0
 62
5
 63
7
421
16777215
 74
1
 91
4
 64
7
 65
257
 75
1
175
1
 42
1.0
 92
0
 66
257
 43
1.0
 76
1
 77
6
 78
2
 67
7
 79
3
170
0
171
0
290
0
174
0
 93
1
 44
0.0
173
0
291
0
 45
0.0
1001
ACAD
1000
AcDbSavedByObjectVersion
1070
0
  0
VISUALSTYLE
  5
1F1
102
{ACAD_XDICTIONARY
360
1270
102
}
102
{ACAD_REACTORS
330
EF
102
}
330
EF
100
AcDbVisualStyle
  2

 70
25
 71
2
 72
2
 73
1
 90
1
 40
0.5
 41
-30.0
 62
5
 63
7
421
16777215
 74
1
 91
0
 64
7
 65
257
 75
1
175
1
 42
1.0
 92
8
 66
7
 43
1.0
 76
1
 77
6
 78
2
 67
7
 79
3
170
0
171
0
290
0
174
0
 93
13
 44
0.0
173
0
291
0
 45
0.0
1001
ACAD
1000
AcDbSavedByObjectVersion
1070
0
  0
DICTIONARYVAR
  5
146
102
{ACAD_REACTORS
330
5E
102
}
330
5E
100
DictionaryVariables
280
0
  1
1:1
  0
DICTIONARYVAR
  5
259
102
{ACAD_REACTORS
330
5E
102
}
330
5E
100
DictionaryVariables
280
0
  1
3.500000
  0
DICTIONARYVAR
  5
25A
102
{ACAD_REACTORS
330
5E
102
}
330
5E
100
DictionaryVariables
280
0
  1
acadiso.lin
  0
DICTIONARYVAR
  5
145
102
{ACAD_REACTORS
330
5E
102
}
330
5E
100
DictionaryVariables
280
0
  1
STANDARD
  0
DICTIONARYVAR
  5
84
102
{ACAD_REACTORS
330
5E
102
}
330
5E
100
DictionaryVariables
280
0
  1
STANDARD
  0
DICTIONARYVAR
  5
227
102
{ACAD_REACTORS
330
5E
102
}
330
5E
100
DictionaryVariables
280
0
  1
Metric50
  0
DICTIONARYVAR
  5
228
102
{ACAD_REACTORS
330
5E
102
}
330
5E
100
DictionaryVariables
280
0
  1
Metric50
  0
DICTIONARYVAR
  5
5F
102
{ACAD_REACTORS
330
5E
102
}
330
5E
100
DictionaryVariables
280
0
  1
2
  0
DICTIONARYVAR
  5
63
102
{ACAD_REACTORS
330
5E
102
}
330
5E
100
DictionaryVariables
280
0
  1
1
  0
DICTIONARYVAR
  5
1AE
102
{ACAD_REACTORS
330
5E
102
}
330
5E
100
DictionaryVariables
280
0
  1
0
  0
DICTIONARYVAR
  5
1AF
102
{ACAD_REACTORS
330
5E
102
}
330
5E
100
DictionaryVariables
280
0
  1
0
  0
DICTIONARYVAR
  5
1047
102
{ACAD_REACTORS
330
5E
102
}
330
5E
100
DictionaryVariables
280
0
  1
2
  0
DICTIONARYVAR
  5
1046
102
{ACAD_REACTORS
330
5E
102
}
330
5E
100
DictionaryVariables
280
0
  1
1
  0
DICTIONARYVAR
  5
1241
102
{ACAD_REACTORS
330
5E
102
}
330
5E
100
DictionaryVariables
280
0
  1
80.000000
  0
DICTIONARYVAR
  5
1240
102
{ACAD_REACTORS
330
5E
102
}
330
5E
100
DictionaryVariables
280
0
  1
5.000000
  0
DICTIONARYVAR
  5
1242
102
{ACAD_REACTORS
330
5E
102
}
330
5E
100
DictionaryVariables
280
0
  1
2
  0
XRECORD
  5
CCA
102
{ACAD_REACTORS
330
CC9
102
}
330
CC9
100
AcDbXrecord
280
1
  0
DICTIONARY
  5
1278
330
21C
100
AcDbDictionary
280
1
281
1
  3
ACAD_XREC_ROUNDTRIP
360
1279
  0
DICTIONARY
  5
205
330
22
100
AcDbDictionary
280
1
281
1
  0
DICTIONARY
  5
1F9
330
ED
100
AcDbDictionary
280
1
281
1
  3
ACAD_XREC_ROUNDTRIP
360
10A8
  3
FBXASSET
360
1FA
  0
DICTIONARY
  5
1F7
330
EC
100
AcDbDictionary
280
1
281
1
  3
ACAD_XREC_ROUNDTRIP
360
10A7
  3
FBXASSET
360
1F8
  0
DICTIONARY
  5
173
330
EE
100
AcDbDictionary
280
1
281
1
  3
ACAD_XREC_ROUNDTRIP
360
10A9
  3
BUMPTILE
360
175
  3
DIFFUSETILE
360
174
  3
FBXASSET
360
1FB
  3
OPACITYTILE
360
176
  3
REFLECTIONTILE
360
177
  0
DICTIONARY
  5
1276
330
21A
100
AcDbDictionary
280
1
281
1
  3
ACAD_XREC_ROUNDTRIP
360
1277
  0
DICTIONARY
  5
162
330
7F
100
AcDbDictionary
280
1
281
1
  3
ACAD_ROUNDTRIP_2008_TABLESTYLE_CELLSTYLEMAP
360
1243
  3
ACAD_XREC_ROUNDTRIP
360
1245
  0
DICTIONARY
  5
1250
330
F5
100
AcDbDictionary
280
1
281
1
  3
ACAD_XREC_ROUNDTRIP
360
1251
  0
DICTIONARY
  5
124E
330
F4
100
AcDbDictionary
280
1
281
1
  3
ACAD_XREC_ROUNDTRIP
360
124F
  0
DICTIONARY
  5
125C
330
FB
100
AcDbDictionary
280
1
281
1
  3
ACAD_XREC_ROUNDTRIP
360
125D
  0
DICTIONARY
  5
1264
330
FF
100
AcDbDictionary
280
1
281
1
  3
ACAD_XREC_ROUNDTRIP
360
1265
  0
DICTIONARY
  5
1256
330
F8
100
AcDbDictionary
280
1
281
1
  3
ACAD_XREC_ROUNDTRIP
360
1257
  0
DICTIONARY
  5
125A
330
FA
100
AcDbDictionary
280
1
281
1
  3
ACAD_XREC_ROUNDTRIP
360
125B
  0
DICTIONARY
  5
126A
330
1E6
100
AcDbDictionary
280
1
281
1
  3
ACAD_XREC_ROUNDTRIP
360
126B
  0
DICTIONARY
  5
1262
330
FE
100
AcDbDictionary
280
1
281
1
  3
ACAD_XREC_ROUNDTRIP
360
1263
  0
DICTIONARY
  5
1246
330
F0
100
AcDbDictionary
280
1
281
1
  3
ACAD_XREC_ROUNDTRIP
360
1247
  0
DICTIONARY
  5
1248
330
F1
100
AcDbDictionary
280
1
281
1
  3
ACAD_XREC_ROUNDTRIP
360
1249
  0
DICTIONARY
  5
124A
330
F2
100
AcDbDictionary
280
1
281
1
  3
ACAD_XREC_ROUNDTRIP
360
124B
  0
DICTIONARY
  5
124C
330
F3
100
AcDbDictionary
280
1
281
1
  3
ACAD_XREC_ROUNDTRIP
360
124D
  0
DICTIONARY
  5
1254
330
F7
100
AcDbDictionary
280
1
281
1
  3
ACAD_XREC_ROUNDTRIP
360
1255
  0
DICTIONARY
  5
1266
330
1E4
100
AcDbDictionary
280
1
281
1
  3
ACAD_XREC_ROUNDTRIP
360
1267
  0
DICTIONARY
  5
1260
330
FD
100
AcDbDictionary
280
1
281
1
  3
ACAD_XREC_ROUNDTRIP
360
1261
  0
DICTIONARY
  5
1268
330
1E5
100
AcDbDictionary
280
1
281
1
  3
ACAD_XREC_ROUNDTRIP
360
1269
  0
DICTIONARY
  5
1258
330
F9
100
AcDbDictionary
280
1
281
1
  3
ACAD_XREC_ROUNDTRIP
360
1259
  0
DICTIONARY
  5
1274
330
1F3
100
AcDbDictionary
280
1
281
1
  3
ACAD_XREC_ROUNDTRIP
360
1275
  0
DICTIONARY
  5
1272
330
1F2
100
AcDbDictionary
280
1
281
1
  3
ACAD_XREC_ROUNDTRIP
360
1273
  0
DICTIONARY
  5
126C
330
1EF
100
AcDbDictionary
280
1
281
1
  3
ACAD_XREC_ROUNDTRIP
360
126D
  0
DICTIONARY
  5
126E
330
1F0
100
AcDbDictionary
280
1
281
1
  3
ACAD_XREC_ROUNDTRIP
360
126F
  0
DICTIONARY
  5
125E
330
FC
100
AcDbDictionary
280
1
281
1
  3
ACAD_XREC_ROUNDTRIP
360
125F
  0
DICTIONARY
  5
1252
330
F6
100
AcDbDictionary
280
1
281
1
  3
ACAD_XREC_ROUNDTRIP
360
1253
  0
DICTIONARY
  5
1270
330
1F1
100
AcDbDictionary
280
1
281
1
  3
ACAD_XREC_ROUNDTRIP
360
1271
  0
XRECORD
  5
1279
102
{ACAD_REACTORS
330
1278
102
}
330
1278
100
AcDbXrecord
280
1
102
DISPLAYNAME
  1
Metric50
102
FLAGS
 90
0
  0
XRECORD
  5
10A8
102
{ACAD_REACTORS
330
1F9
102
}
330
1F9
100
AcDbXrecord
280
1
102
MATERIAL
148
0.0
149
0.0
149
0.0
 93
0
 94
127
282
0
 72
1
 77
1
171
1
175
1
179
1
273
0
  0
XRECORD
  5
1FA
102
{ACAD_REACTORS
330
1F9
102
}
330
1F9
100
AcDbXrecord
280
1
 70
1
 90
429727718
  1
D62C5603-E3A1-4AEA-B7FB-FE5D8D0755AF
310
504B03040A0000080000CC70623B3DEE336E79000000790000001B0000006175746F6465736B2D64657369676E2D7061636B6167652E786D6C3C3F786D6C2076657273696F6E3D22312E302220656E636F64696E673D227574662D3822203F3E3C666F726D6174733E3C666F726D61743E687474703A2F2F736368656D612E
310
6175746F6465736B2E636F6D2F64657369676E2D7061636B6167652F323030393C2F666F726D61743E3C2F666F726D6174733E504B0304140006080800CC70623BD486FD9CA0000000F4000000130000005B436F6E74656E745F54797065735D2E786D6C7D8EC10E82300C865F65E91D8A1E8C310C0EEA1BF002731658846E
310
D98AC1B77784ABF1D8FE5FBFBF75BBCE937A534CCEB38643598122B6FEE978D0B0485F9C41B54DDD7D022595594E1A469170414C76A4D9A4D207E29CF43ECE46F218070CC6BECC4078ACAA135ACF422C856C0E68EA1BF5669944DDD7BCDE7B1F8E415D77AECB980613C2E4AC91FC167A2B244592486606FC29C8FD7F045B9A
310
EF7053A7E60B504B0304140006080800CC70623B853B8169EB0000007C01000008000000636F72652E786D6C8D90416EC3201045AF62CDB6C206821CC7C244919D9CA01740401C94182C03558F5F9C3852BBEB6A467FFE9B197D7EFC9E1EC5975982F5AE035262288C535E5B377690E21535501C055FBC8FBF6C503839990E
310
5619041F179FE64D52DE45E362569DD7661365082642A11EB9E920A89B99642953CC8E702F67A9EE7234257977194EC9EAE275C4EABCCF5EAD5940D4AC6F0E35A568B8F43562CD7046CD199FD07E60174276A7BE677B5EADB0E0D14EEFFB6A31321A0D82627C4084204C3F096B71DD52F6819B16635EADF63F509AF53FA164
310
5DDCD1EDDD17164090FCC8732078B56691CB33A85CD7DCC40F504B0304140006080800CC70623B55019EA25F0000007C00000007000000636E782E786D6C4DCB3B0E80201045D1AD90E915ED2CF8AC45050C11660C8261F98AB1B07AC9C97D42D718D865D3E909258CFD00CCE24AC6E326A164D74DC0B4128928FF32603847
310
2BA13128B1252AC747C6BAB984FC68F0B87FE8960A5C09FE86CFB69FBA01504B0304140006080800CC70623BDBABAAF470010000D40300000C0000006662782F636F72652E786D6CC553D16E823014FD95A6AF4B694182CC941A83FA05FB810A9511A125A5257EFE2E82712ECEB8A7F100CD39F7F69E734AF9FADC366850B6
310
AF8DCE7018308C942E4C59EB2AC3DE1D498AD15A706B8CFB56869196ADCAF00863C12B6B7C374385D14E6907A836A59A41D9F7CA615434B0C8705F7CAA5606D23BA8E84F41278B93AC54100640439DE0BDB320004D43C63716C7C399D30917DCFBBA9CD9BA8469F5B156168B24CED3F7248AC8769F27244EB73B92EED8862C
310
B7F13E0C179B3C8F979C8ECD82BBBABDAA2BAC924E9558448CBD9330242CFA08E3154B5651FCC6D215639C8EE5774DBE2B5F6CF2B5768B68963BB5F5588420E442FC700B1139D4CB01F450C1E918227C2E09DF070D8140C84E1E9AAB8F1340832A9CB13130A5F1376A908D57309505ECF2A0DF179C4E9D30F5B239B87E3823
310
7A79C6F31DE1A8A5AEC08474B03C7837EAE4938639B44E5932B833D2C6B6B279CDC613877FA26EE21F4A2A4C63EC7F29A2F301D1F9F7A0E37D145F504B0304140006080800CC70623B9C113CC27E0000009D0000000B0000006662782F636E782E786D6C4DCCDF0A83201C86E15B91DFB94BFB330DD428C8FB886521330DA7
310
6397BF1A1DECE883878F57749FCDA1B7892F1BBC047A23808C7F84D9FA55424E0BE6803A256208E9EF06C84F9B91703228B1C690F78B66B34CD9A5439DF5CF0BFBF65E35BCA1B8D6A5C6F540381E886698B5741C695F9503EBA150A2F8958E3DC3EA0B504B0304140006080800CC70623B7DF2F77C2A010000120200003100
310
00006662782F41393633353835312D344632462D344230382D423046372D3739314545314133324237412F636F72652E786D6C8D51DB8EC22014FC15C2939B0D2DB4B45643319AE817EC0F6041255A68B86CFCFC856D4D76DF7CE190393373060EDB3DC707F856CE6B6B7A480A0C81328395DA5C7B18C3057510EC3873D686
310
3F34088C18550F330C39BB3A1BA7051AAC09CA84841A2BD5020AEF55806078A44B0FFD7053A328440C89E1EFC52486BBB8AA8214A99D789CF9E05200300FC927E4FB4D5B375D43103D5527440FB843077C5AA3F5861C8F645F5787F59E95B390B318B55CE45AA638FAA2957BD7248B390B7A7CC51F9C124149C82B8C378810
310
84AB2F42B7B8DD56F413775B8C5999E9FF4471926F8AA236A1AE96B8B3CC434E5839373893369E1FAF30EA395917409EB7F26AF8801C171837A4A6AC9C89E9F9C9B1A58BA30FD6A5EF5DDDCF894B9AD9B6A59C957943A9FCAE2FD5BC4DFE03504B0304140006080800CC70623BAD7543B64E01000033030000300000006662
310
782F41393633353835312D344632462D344230382D423046372D3739314545314133324237412F636E782E786D6CD593CD6EC32010845F0571AD6CE3D48AD20813A9873E410FBD12D82434182C7EAAE6EDBB2424CD25871E7B41D6EC30B3FA84F9E67BB2E40B4234DE8DB46F1925E094D7C6ED479AD3AE5951B2113C789FEE
310
6C943839C1488B4C05DF079FE72A69D8C96C13AAD6B8631503449F83828872B949AC57D26200B826A308D316B4064D6E46FCDA41C05550DC9E483A00797BFD207EFB092A45DE9514C1BBD22178396BD39D891265658C238DEA00936C654E5E433CB65A26D9F6EDB5EBC14EBF49A45CB856E66048291F6939A9A81BB5C89177
310
38143CA680F4AA299D66A042CEB3354A2684DC9D8D178FE0D9B8B41CAAD720F880EE7EF93C0C18769E099ECC04D5A102C8049A8A05632F4DDF376CF1DE0F6BB65C2F8627B65A33C6BB62177CEBBDAD973006829F89F22E814B54F4BC2BE347F8AA8F681390B50FA73F804400B5F542E796F19FF974E7F78DB802FE05E20750
310
4B0304140006080800CC70623BE75B7789680500003C100000340000006662782F41393633353835312D344632462D344230382D423046372D3739314545314133324237412F6F626A656374732E786D6CAD575B8F9B3818FD2B887D06C22499CB8AA1CA655245D5B455A356FB305264C061D8018C6C3393D95FBFC7600890
310
A4CD5EF210B0B1BFEBF98E3F7B1FF6596ABC522E1296DF9BAE3D320D9A872C4AF2F8DE2CE5CEBA358D0FBEC719939D65A691938CDE9B6ADAF4BD98B3B2D05311DD91329583D9D5FC0F438434A7A611A644887B5384CF34233629258BA878B12322891DEFF6B66BD70BFB62634E8AE781D082709A4B588AF91C528CDA28B73F
310
1C998EEF39EABBEFA97FBD6A7C7E9553F9D3D79FE442923C3C523610337627CB87ABE99D359D4CC6D6E4FACAB5E6ABF9D2726FC6A3C5F56271377BB88362213924694B38DD99FE47C48627A1E7D49F5A8BB5E1A74C0A599ED3B0F21F1E56366B89112D681E218F0915D0D6F17AD41FBA2A369DCF6335D62ABBD39779D5DDD1
310
11D4D8DE3CBB96B2E04FB8202E41051754A1AA8E8F76B4C6DFE810B580B1547F4B84911149794252234D024EF8BBE963A95AE27B3D310A9D5C215C7960FAEE415ED75694C6AFB17BCACA5D99A60A9AA65F217B0BFC53292ACB92BF283FAD0D3621576592CB5BED907C2FA8E9DF794E35E97BEA31BED21FEB401ABB94C44839
310
DCACBF0E1C5DA8DA5B2F4DFFD32AD86F543D9E565E7056502E157C00AD2671CD534549AB752FCA9CDA00677A313F04E51B22FF19E57B300579E3C97EB29F682D92935CEC18CF901B7B54FD8C51F362B56FC72FE0B3C1EAE335EDCCBF5AEC39ADB17DC238973F804BA5E6F6BFE7AF1FB32E523BE9F3BD571418E3631DCA4D48
310
5250CF639223210A9446CA30052EDF057BD35F8329C1ECD84552BF0DC8D18BE7BCE23BFE6BD960AB4A7DE79923A103BEBD80F911CBAA2C60DB19B01CF164A5583B772EE6D3FFA56666CBCDA74DC97724A48F9A58967497E489C4D979006FD7A05E227A1EBDD0F737C623387A9C844D3709995625106D157315F8B8392CD4E0
310
A0B9A720C4BE9829CEF37EA1E13111214D53925356365ADA634861B52519DD27A00AEB808EAF0628E6F435519D446F45CF2C9CF5214F0A15B2F6D06B79DA3EE3CBF7F56780D2F4E7EF73A0F5E5B02A38D07DC852C6B7C1FBB6664213E0C39E3EBA7FF4E1AD23EA2829407C85E586727488B751B2DB9502BC7B228A3FD68B6E
310
A65A22397E690AA8D158D7E404EC8CDA235CC3B7D1898680131CEC2CDF2638C65196279577750F15884AEE19F94199155B92B13297978469D4F8D358DF0AEF7631E28DC8F0D9F437D5D39A83B2231A1D52D543813A824EF8D44BCFF2FA6A31BD1E8DAD87F1CCB526B3879935BF59CDADD5C37479BB1CDD4CA7B3556B516589
310
EF352754B706114D9C885EC9131DE6EFEB43D99AFE2391C2F958179413D7CFEF6B1B6DB1E7600F00DE6E5C67454A339A4BA2E0FBA85ED26F045D454F463DBFCE484C2F90F2E5E3666003662ED8F755951A7D1BECD5B30B550B2785C8E7320B7292A4838DDA71BBC863ED7613CAF659337A3354231D4FF4A182A54904C2898C
310
98B28C4AD0CE056CCF332A80986E571EE9DBC305BB5FEB7E509220A58D25CF042D712A806AC0AD0C657FDEF80D2D9CEAA2EE4D1C76F60BFE74219A06527D6F82DF6412526107381E55E353090704D085B52408A8913C4ED159D79BDA71BB4BC506F4831350EB6F975CD22D69BF7AC49B91A2C0A9DDA3D5CA36AD20FC478E37
310
E61844E2352865EBCB61A275A65283CAAA9DD27703B4102F5AF51EF5F573B75CBB5AD38BC845F7A49F82A0966A49C2E3EA5EA0ECD326CD965F1DB402C6FA8B51A4658C5C5E2EC9E214602E55810345408596591009A82E7E7FFACA19EEA299B14A0081A705CB3296EBC14CDF658DCD336EA6D1136881AAEB87B81AB9EE53D5
310
F5EB8BC8362082DA24122F98680A4E7930C01A0079749CEA14382A0783E5EBA5A10F8C098456A03D6A4AEB6BB881E2513747552A5DB22C7EDAF83BD5528081A365F7FF06504B0304140006080000CC70623B000000000000000000000000350000006662782F41393633353835312D344632462D344230382D423046372D37
310
39314545314133324237412F76657274696365732E62696E504B0304140006080800CC70623BF270F1330600000004000000360000006662782F41393633353835312D344632462D344230382D423046372D3739314545314133324237412F747269616E676C65732E62696E636660600000504B0304140006080000CC7062
310
3B000000000000000000000000370000006662782F41393633353835312D344632462D344230382D423046372D3739314545314133324237412F617474726962757465732E62696E504B0304140006080800CC70623B08DA0BD19000000041010000360000006662782F41393633353835312D344632462D344230382D4230
310
46372D3739314545314133324237412F6469726563746F72792E786D6C858F410AC3201045AF22B36F53E9A60B35CBEEBAE80D244E44489C6234F4F835464A48035D0DF398FF9F8AF63D0E6CC63039F212F8F9020C7D47C6792B21C5FE7403D62A1188E2E60C98D7234A5830286103A55745067B9D86B8A3CF9C7F90C11DE6
310
07FB144396D7B6A82D282E9A152AD114D5EF2CB866EEE831B8EEA07A7BB5A8D7D61A2BAAEB7FD5F70921FF497D00504B0304140006080800CC70623BEDD1DC58FD000000A00100003B0000006662782F41393633353835312D344632462D344230382D423046372D3739314545314133324237412F7265736F75726365732F
310
636F72652E786D6C8D504B6E833010BD0A9A6D65B00922041947112427E8052C33A156828DFCA97AFC9A40A576D7CDCCE87D344F8F9FBFE667F689CE6B6B3A6039850C8DB2A336530731DC4903D95970676DF82583CCC8193B5861107C72362E3BA4AC096842428D1D7107A5F7182053CF7474E0D507CE32973124857FE48B
310
540F3961CEF244279DE03EB81420DB9EAC1384436FA353E879B1B182C7A8C75DA3C7F453DF353A1075D537A7BA6464B8F535A99AE14A9A2BBD90E350DD183B5CFABE3AF262350B1EF4FC9351399401471025A527C218A1E53BAB5A5AB765F5469B96525EACF23FA6B88CFF34456DC2A1DCE36E360F82A5202F42F062ED2BAD
310
579969AFDD8A6F504B010214000A0000080000CC70623B3DEE336E79000000790000001B00000000000000000000000000000000006175746F6465736B2D64657369676E2D7061636B6167652E786D6C504B01021400140006080800CC70623BD486FD9CA0000000F40000001300000000000000000000000000B20000005B
310
436F6E74656E745F54797065735D2E786D6C504B01021400140006080800CC70623B853B8169EB0000007C010000080000000000000000000000000083010000636F72652E786D6C504B01021400140006080800CC70623B55019EA25F0000007C000000070000000000000000000000000094020000636E782E786D6C504B
310
01021400140006080800CC70623BDBABAAF470010000D40300000C00000000000000000000000000180300006662782F636F72652E786D6C504B01021400140006080800CC70623B9C113CC27E0000009D0000000B00000000000000000000000000B20400006662782F636E782E786D6C504B01021400140006080800CC70
310
623B7DF2F77C2A010000120200003100000000000000000000000000590500006662782F41393633353835312D344632462D344230382D423046372D3739314545314133324237412F636F72652E786D6C504B01021400140006080800CC70623BAD7543B64E010000330300003000000000000000000000000000D2060000
310
6662782F41393633353835312D344632462D344230382D423046372D3739314545314133324237412F636E782E786D6C504B01021400140006080800CC70623BE75B7789680500003C10000034000000000000000000000000006E0800006662782F41393633353835312D344632462D344230382D423046372D3739314545
310
314133324237412F6F626A656374732E786D6C504B01021400140006080000CC70623B0000000000000000000000003500000000000000000000000000280E00006662782F41393633353835312D344632462D344230382D423046372D3739314545314133324237412F76657274696365732E62696E504B01021400140006
310
080800CC70623BF270F133060000000400000036000000000000000000000000007B0E00006662782F41393633353835312D344632462D344230382D423046372D3739314545314133324237412F747269616E676C65732E62696E504B01021400140006080000CC70623B0000000000000000000000003700000000000000
310
000000000000D50E00006662782F41393633353835312D344632462D344230382D423046372D3739314545314133324237412F617474726962757465732E62696E504B01021400140006080800CC70623B08DA0BD1900000004101000036000000000000000000000000002A0F00006662782F41393633353835312D344632
310
462D344230382D423046372D3739314545314133324237412F6469726563746F72792E786D6C504B01021400140006080800CC70623BEDD1DC58FD000000A00100003B000000000000000000000000000E1000006662782F41393633353835312D344632462D344230382D423046372D3739314545314133324237412F7265
310
736F75726365732F636F72652E786D6C504B0506000000000E000E0080040000641100000000
  0
XRECORD
  5
10A7
102
{ACAD_REACTORS
330
1F7
102
}
330
1F7
100
AcDbXrecord
280
1
102
MATERIAL
148
0.0
149
0.0
149
0.0
 93
0
 94
127
282
0
 72
1
 77
1
171
1
175
1
179
1
273
0
  0
XRECORD
  5
1F8
102
{ACAD_REACTORS
330
1F7
102
}
330
1F7
100
AcDbXrecord
280
1
 70
1
 90
429727718
  1
30362254-06B7-45E0-A893-8CFA70E3D6BC
310
504B03040A0000080000CC70623B3DEE336E79000000790000001B0000006175746F6465736B2D64657369676E2D7061636B6167652E786D6C3C3F786D6C2076657273696F6E3D22312E302220656E636F64696E673D227574662D3822203F3E3C666F726D6174733E3C666F726D61743E687474703A2F2F736368656D612E
310
6175746F6465736B2E636F6D2F64657369676E2D7061636B6167652F323030393C2F666F726D61743E3C2F666F726D6174733E504B0304140006080800CC70623BD486FD9CA0000000F4000000130000005B436F6E74656E745F54797065735D2E786D6C7D8EC10E82300C865F65E91D8A1E8C310C0EEA1BF002731658846E
310
D98AC1B77784ABF1D8FE5FBFBF75BBCE937A534CCEB38643598122B6FEE978D0B0485F9C41B54DDD7D022595594E1A469170414C76A4D9A4D207E29CF43ECE46F218070CC6BECC4078ACAA135ACF422C856C0E68EA1BF5669944DDD7BCDE7B1F8E415D77AECB980613C2E4AC91FC167A2B244592486606FC29C8FD7F045B9A
310
EF7053A7E60B504B0304140006080800CC70623B1EC5D7A3EB0000007C01000008000000636F72652E786D6C8D90416EC3201045AF82665B6103C6756C6122AB4D4ED00B204C5C94182C03558F5F9C3852BBEB6A467FFE9B197D71FC9E6FE8CBACC17AD7032D0820E3B41FAD9B7A48F1820F808E52ACDEC75F36404ECDA687
310
4D0629A6D5A76597B477D1B89855E747B38B2A041301E95B6E7A08FAD3CCAA50296647B8168BD2573599823EBB0CA76447F43862C7BCCF5EAC59410E4DDD9C7973C2755553CCCFA4C603E3040F1565ED3B1FDE4E432BCA0D9622DAF9795FAF464533826484B498524CD807E51D79ED187F21878E10516EF63F505AC67F42C9
310
BA58B1FDDD071640D2FCC87D2045B96591CB3DA85CB7DCE40F504B0304140006080800CC70623B55019EA25F0000007C00000007000000636E782E786D6C4DCB3B0E80201045D1AD90E915ED2CF8AC45050C11660C8261F98AB1B07AC9C97D42D718D865D3E909258CFD00CCE24AC6E326A164D74DC0B4128928FF32603847
310
2BA13128B1252AC747C6BAB984FC68F0B87FE8960A5C09FE86CFB69FBA01504B0304140006080800CC70623B8C9102E971010000D40300000C0000006662782F636F72652E786D6CC5535B6E833010BC8AE5DF0A6C08340F1947A84D4ED00B38C6A128602363A31CBFCB234A53A551FA553EC09AD9F5CE8C31DB9E9B1AF5CA
310
7695D1198E428A91D2D214952E33ECDD315861B4E5CC1AE3BE9561A445A3323CC098B3D21ADFCE9034DA29ED00D5A6503328BA4E398C640D8B0C77F253352214DE4145770A5B214FA2546114020D759C75CE8200340D19DE981F0F6746269C33EFAB6266AB02A655C74A59CCF365BADC27CB5D902ED22848F6340DF238A141
310
BE88E2F57B92BFEDF23523433367AE6A2EEAA455C2A902F398D2751045018D3FA264435F3771F242571B4A1919CA6F9A7C5B3CD9E42BED16F12C776AEB308F40C848FC700B1139D4891EF410CEC810227CC6846F8386402064270EF5C5C709A05E49676C024C61FC95EA45ED154CA5211D1FF4FB8291A913A68E9B83EBBB33
310
E2A7673CDE118E5AE8124C0807CB8377834E366998436B950D7A7746DAD846D4CFD978E0F04FD455FC5D49D2D4C6FE9722321F10997F0F32DC47FE05504B0304140006080800CC70623BFFEA85907E0000009D0000000B0000006662782F636E782E786D6C4DCCD10A83201886E15B91FFDC95D95A811AB6F23E625948A6C3
310
E9D8E5AF46073BFAE0E1E365ED67B3E8ADC3CB78C7815C7240DA3DFC64DCC221C519D7805AC182F7F1EF06C88D9BE6703008B6049F9E274D7A1E938DBB5AE3D6131B2589BA0D3D965551E0B2EA732C9B9A624AAEB41E3A557677029960D9AFB4EF11165F504B0304140006080800CC70623B4FEEA4082C0100001202000031
310
0000006662782F39464131463745442D413632322D343644302D413938332D3331353338454246344243312F636F72652E786D6C8D515B6EC32010BC0AE2AB55850DD871ED0813254D72825EC00192A2C460F1A872FC42ED48ED5F7E00CDCECCCEB26C731F6FE05B39AFADE921293004CA082BB5B9F43086336A21D870E6AC
310
0D7F68109861543DCC30E4ECE26C9C164858139409093556AA051CBC570102714B8F1E7AF1A5C6A11862480C7F2DA6415C878B2A4891CA89C7990F2E050073937C42DE1DB7E4F87ED8A36D4329AA9B3D46DBAEAD504556557BD81DEBDD0761E52CE42C462D17B996298E3E6BE59E35C962CE821E1FF18553435012728A7187
310
0841987E927A8D9B35ADDF70BBC6989599FE4F1427F9A4286A132ABAC49D651EF234CD5CE04CDA78BA3DC2A8FB645D00B9DF8B57E215725C60BCA2A463E54C4CE327C7A65E1C7DB02E7DEFCBF594B864C5CA6CDBD49C957943E9FA5D5FBAF336F90F504B0304140006080800CC70623BAD7543B64E01000033030000300000
310
006662782F39464131463745442D413632322D343644302D413938332D3331353338454246344243312F636E782E786D6CD593CD6EC32010845F0571AD6CE3D48AD20813A9873E410FBD12D82434182C7EAAE6EDBB2424CD25871E7B41D6EC30B3FA84F9E67BB2E40B4234DE8DB46F1925E094D7C6ED479AD3AE5951B2113C
310
789FEE6C943839C1488B4C05DF079FE72A69D8C96C13AAD6B8631503449F83828872B949AC57D26200B826A308D316B4064D6E46FCDA41C05550DC9E483A00797BFD207EFB092A45DE9514C1BBD22178396BD39D891265658C238DEA00936C654E5E433CB65A26D9F6EDB5EBC14EBF49A45CB856E66048291F6939A9A81BB5
310
C8917738143CA680F4AA299D66A042CEB3354A2684DC9D8D178FE0D9B8B41CAAD720F880EE7EF93C0C18769E099ECC04D5A102C8049A8A05632F4DDF376CF1DE0F6BB65C2F8627B65A33C6BB62177CEBBDAD973006829F89F22E814B54F4BC2BE347F8AA8F681390B50FA73F804400B5F542E796F19FF974E7F78DB802FE05
310
E207504B0304140006080800CC70623B16AB87BA640500003C100000340000006662782F39464131463745442D413632322D343644302D413938332D3331353338454246344243312F6F626A656374732E786D6CAD575B6FA33818FD2B887DE6924B3BED8A326A92B68A663B534DD4D13E548A0C38942D60649B369D5FBFC7
310
600890A493BDE42160637FD7F31D7FF63E6FB3D478A55C242CBF3247B66B1A340F5994E4F19559CA8D75611A9F7D8F33263BCB4C232719BD32D5B4E97B316765A1A722BA21652A07B3B7B33F0D11D29C9A46981221AE4C113ED38CD8A4942CA2E2C58E882476BCD9DA23BB5ED8171B73523C0F841684D35CC252CCE79062D4
310
468DFA43D7747CCF51DF7D4FFDEB5593E3AB9CCA9FBEFE241792E4E19EB28198C968BAB8199F5D5A67D3E9C49A9E8F47D6EC76B6B0469F26EEFC7C3EBFBCBEB98462213924694B38DD98FE1D62C393D073EA4FADC5DAF04326852CCF6958F90F0F2B9BB5C48816348F90C7840A68EB78EDF68723159BCEE7891A6B95DDE9D3
310
BCEAEEE8086A6C6F9E5D4B59F0175C10A7A0820BAA5055C7473B5AE3CFDD452D602CD5DF12616444529E90D448938013FE6EFA58AA96F85E4F8C42275708571E98FE6827AF6B2B4AE3D7D83D64E5A64C53054DD3AF90BD06FEA9149565C94FCA0F6B834DC85599E4F2423B24DF0B6AFA979E534DFA9E7A4CC6FA631D486393
310
921829879BF5D781A373557BCB85E97FB90DB62B558F8795179C15944B051F40AB495CF35451D26A4727654E6D8033BD98EF82F21D91FF8AF2DD9982BCF1643BDD4EB516C9492E368C67C88DED563FC36D5EACF66DFF057C3658BDBFA69DF9578B3DA735B64F18C7F20770A9D45CFCF7FCF563D6456A277DBEF78A02637CA2
310
43B90A490AEAB94F72244481D24819A6C0E59B606BFA4B3025981DBB48EAB701D97BF19C577CC77F2D1B6C55A9EF3C732474C0B727303F625995056C3B02963D9EAC146BE78EC5FCEC7FA999EBC5EACBAAE41B12D27B4D2C0BBA49F244E2ECDC81B76B502F113D8F5EE8FB1BE3111CDD4FC2AA9B844CAB1288B68AB90A7CDC
310
1C166AB0D3DC5310625FCC14E779BFD0709F8890A629C9292B1B2DED31A4B0DA928CEE135085754027E3018A397D4D5427D15BD1330B677DC8934285AC3DF45A9EB68FF8F2B8FC0A509AFEECFD0FF2DE25CC6047F7214B195F07EFEB9A094D800F7BFAE8FED187B78EA8A3A400F115961BCAD1215E47C966530AF0EE8128FE
310
58CEBB996A8964FFA529A046635D9353B0336A8F700DDF46271A024E70B0B37C9DE01847591E54DED53D54202AB947E4076556AC49C6CA5C9E1226B7F1A7B1BE15DEED62C41B91E1B3E9AFAAA735036547343A925075041DF0A9979E893B391F8FCFA6967B3EFB644DCF6E5CEBFAE272625DCC6FAF3FB93793C5F90CE1EF57
310
407342756B10D1C489E8953CD1617E5CEECAD6F4EF8914CE5D5D504E5C3F1F9736DA62CFC11E00BCDDB8CC8A9466349744C1F75EBDA4DF09BA8A9E8C7A7E9991989E20E5DBDD6A6003664ED8F7A04A8DBE0DF6EAD9B9AA858342E47399053949D2C146EDB85DE4B176BB0965FBAC19BD19AA918E27FA50C1D22402E144464C
310
59462568E704B6E71915404CB72B8FF4EDE184DDAF753F284990D2C6926782963815403548A70C657FDEF80D2D9CEAA2AE4C1C76F60BFE74219A06527D6582DF6412526107381E55E353090704D085B52408D0933C4ED159D79BDA71BB4BC506F4831350EB6F979CD22D69BF7AC49B91A2C0A9DDA3D5CA36AD20FC478E37E6
310
1844E2352865EBCB6EA275A652E3836BE04EFB400BF1A2556F515F1FBB35B2AB35BD889C744FFA1004B5544B121E57F70215746DD2F5E2C1412B602CBF19455AC6C8E5E9922C4E01E65215385004546899059180EAFCF7A707CE7017CD8CDB0410789AB32C63B91E5CEBBBACB17AC6CD347A022D5075FD106377347AAABA7E
310
7D11590744509B44E205134DC1290F06580320F78E537D3D73540E06CB970B431F185308AD40BBD794D6D77003C5A36E8EAA54BA64597CD8F83BD552A080A365F7FF06504B0304140006080000CC70623B000000000000000000000000350000006662782F39464131463745442D413632322D343644302D413938332D3331
310
353338454246344243312F76657274696365732E62696E504B0304140006080800CC70623BF270F1330600000004000000360000006662782F39464131463745442D413632322D343644302D413938332D3331353338454246344243312F747269616E676C65732E62696E636660600000504B0304140006080000CC70623B
310
000000000000000000000000370000006662782F39464131463745442D413632322D343644302D413938332D3331353338454246344243312F617474726962757465732E62696E504B0304140006080800CC70623B08DA0BD19000000041010000360000006662782F39464131463745442D413632322D343644302D413938
310
332D3331353338454246344243312F6469726563746F72792E786D6C858F410AC3201045AF22B36F53E9A60B35CBEEBAE80D244E44489C6234F4F835464A48035D0DF398FF9F8AF63D0E6CC63039F212F8F9020C7D47C6792B21C5FE7403D62A1188E2E60C98D7234A5830286103A55745067B9D86B8A3CF9C7F90C11DE607
310
FB144396D7B6A82D282E9A152AD114D5EF2CB866EEE831B8EEA07A7BB5A8D7D61A2BAAEB7FD5F70921FF497D00504B0304140006080800CC70623B0D6EF93BFE000000A00100003B0000006662782F39464131463745442D413632322D343644302D413938332D3331353338454246344243312F7265736F75726365732F63
310
6F72652E786D6C8D50596E833010BD0A9ADFCA60B334011947A8694ED00B586642AC041B79A97AFC9A40A5F6AF3F33A3B7689E1E3F7DCD8FEC139DD7D6F4C0720A191A65476DA61E62B892236427C19DB5E1970C322367EC618541F0C9D9B8EC90B226A009093576C41D94DE63804C3DD2D18357379C652E63480A7FCF17A9
310
EE72C29CE5894E3AC17D702940B63D59270887DE46A7D0F36263058F518FBB468FE9A7BE6A7420864373B8D4873369AA8691FA421B3294352543C5CAF65C0F6FEF43CB8BD52C78D0F34F46E550061C419494B6843142CB0F5677F4B52BEB177AEC28E5C52AFF638ACBF84F53D42654E51E77B379102C05791282176B5F693D
310
CB4C7BED567C03504B010214000A0000080000CC70623B3DEE336E79000000790000001B00000000000000000000000000000000006175746F6465736B2D64657369676E2D7061636B6167652E786D6C504B01021400140006080800CC70623BD486FD9CA0000000F40000001300000000000000000000000000B20000005B
310
436F6E74656E745F54797065735D2E786D6C504B01021400140006080800CC70623B1EC5D7A3EB0000007C010000080000000000000000000000000083010000636F72652E786D6C504B01021400140006080800CC70623B55019EA25F0000007C000000070000000000000000000000000094020000636E782E786D6C504B
310
01021400140006080800CC70623B8C9102E971010000D40300000C00000000000000000000000000180300006662782F636F72652E786D6C504B01021400140006080800CC70623BFFEA85907E0000009D0000000B00000000000000000000000000B30400006662782F636E782E786D6C504B01021400140006080800CC70
310
623B4FEEA4082C0100001202000031000000000000000000000000005A0500006662782F39464131463745442D413632322D343644302D413938332D3331353338454246344243312F636F72652E786D6C504B01021400140006080800CC70623BAD7543B64E010000330300003000000000000000000000000000D5060000
310
6662782F39464131463745442D413632322D343644302D413938332D3331353338454246344243312F636E782E786D6C504B01021400140006080800CC70623B16AB87BA640500003C1000003400000000000000000000000000710800006662782F39464131463745442D413632322D343644302D413938332D3331353338
310
454246344243312F6F626A656374732E786D6C504B01021400140006080000CC70623B0000000000000000000000003500000000000000000000000000270E00006662782F39464131463745442D413632322D343644302D413938332D3331353338454246344243312F76657274696365732E62696E504B01021400140006
310
080800CC70623BF270F133060000000400000036000000000000000000000000007A0E00006662782F39464131463745442D413632322D343644302D413938332D3331353338454246344243312F747269616E676C65732E62696E504B01021400140006080000CC70623B0000000000000000000000003700000000000000
310
000000000000D40E00006662782F39464131463745442D413632322D343644302D413938332D3331353338454246344243312F617474726962757465732E62696E504B01021400140006080800CC70623B08DA0BD190000000410100003600000000000000000000000000290F00006662782F39464131463745442D413632
310
322D343644302D413938332D3331353338454246344243312F6469726563746F72792E786D6C504B01021400140006080800CC70623B0D6EF93BFE000000A00100003B000000000000000000000000000D1000006662782F39464131463745442D413632322D343644302D413938332D3331353338454246344243312F7265
310
736F75726365732F636F72652E786D6C504B0506000000000E000E0080040000641100000000
  0
XRECORD
  5
10A9
102
{ACAD_REACTORS
330
173
102
}
330
173
100
AcDbXrecord
280
1
102
MATERIAL
148
0.0
149
0.0
149
0.0
 93
0
 94
127
282
0
 72
1
 77
1
171
1
175
1
179
1
273
0
  0
XRECORD
  5
175
102
{ACAD_REACTORS
330
173
102
}
330
173
100
AcDbXrecord
280
1
270
1
271
1
  0
XRECORD
  5
174
102
{ACAD_REACTORS
330
173
102
}
330
173
100
AcDbXrecord
280
1
270
1
271
1
  0
XRECORD
  5
1FB
102
{ACAD_REACTORS
330
173
102
}
330
173
100
AcDbXrecord
280
1
 70
0
 90
1673772943
  1
ECE7A1D2-D628-4531-984C-D00F80459256
310
504B03040A0000080000CC70623B3DEE336E79000000790000001B0000006175746F6465736B2D64657369676E2D7061636B6167652E786D6C3C3F786D6C2076657273696F6E3D22312E302220656E636F64696E673D227574662D3822203F3E3C666F726D6174733E3C666F726D61743E687474703A2F2F736368656D612E
310
6175746F6465736B2E636F6D2F64657369676E2D7061636B6167652F323030393C2F666F726D61743E3C2F666F726D6174733E504B0304140006080800CC70623BD486FD9CA0000000F4000000130000005B436F6E74656E745F54797065735D2E786D6C7D8EC10E82300C865F65E91D8A1E8C310C0EEA1BF002731658846E
310
D98AC1B77784ABF1D8FE5FBFBF75BBCE937A534CCEB38643598122B6FEE978D0B0485F9C41B54DDD7D022595594E1A469170414C76A4D9A4D207E29CF43ECE46F218070CC6BECC4078ACAA135ACF422C856C0E68EA1BF5669944DDD7BCDE7B1F8E415D77AECB980613C2E4AC91FC167A2B244592486606FC29C8FD7F045B9A
310
EF7053A7E60B504B0304140006080800CC70623BD9DDAED0EC0000007C01000008000000636F72652E786D6C8D90416EC3201045AF82665B61836D9CD8C2444DD39CA01740405C94182C03558F5F9C3852BBEB6A467FFE9B197D7EF89E6EE8CB2CC17A37002D0820E394D7D68D03A478C17B4007C117EFE32F1B20272733C0
310
2A83E0E3E2D3BC49CABB685CCCAAF3DA6CA20CC14440EA969B0182FA34932C648AD911AEC52CD5558EA6A0CF2EC329598D1E47ACCEFBECC59A050463A7EA5833865FEBDD0E37353BE3EE8DBDE3F6786A48D375FBF6CC78B9C282473B3DEFABC5C86834888A900E538A49F5419B9EB47DD5BC907D4F082F57FB1F28CDFA9F50
310
B22ED6D5F6EE030B20687EE43E10BC5CB3C8E51E54AE6B6EE207504B0304140006080800CC70623B55019EA25F0000007C00000007000000636E782E786D6C4DCB3B0E80201045D1AD90E915ED2CF8AC45050C11660C8261F98AB1B07AC9C97D42D718D865D3E909258CFD00CCE24AC6E326A164D74DC0B4128928FF326038
310
472BA13128B1252AC747C6BAB984FC68F0B87FE8960A5C09FE86CFB69FBA01504B0304140006080800CC70623BA24EB22D72010000D40300000C0000006662782F636F72652E786D6CC5535B6E833010BC8AE5DF0A6C5E49888CA3A6694ED00B38E05014B091B1518EDFE511A5A9D228FD2A1F60CDEC7A67C6986DCE4D8D7A
310
69BA4AAB0C073EC548AA5C17952A33ECECD15B61B4E1CC686DBF9561A44423333CC098B3D268D7CE50AE9595CA02AA74216750749DB418E5352C32DCE59FB211BE70162ABA93DF8AFC244AE9073ED050C759670D0840D390E18DF9F1706664C23973AE2A66B62A605A75ACA4C13C4976E1364A12EF355A2EBD384AF65EFA96
310
BC7B8BED2EA6719AAE16FB8491A199335B351775B991C2CA02F390D2D40B028F861F41BCA68B7518BFD0D59A524686F29B26D7164F36B94AD9289CE54E6D1DE6010819891F6E21228B3AD1831EC219194284CF98F06DD01008846CC5A1BEF83801D4CBDC6A1303536877A57A513B0953A94FC707FDBE6064EA84A9E3E6E0FA
310
EE8CF0E9198F7784A316AA0413C2C2F2E0ECA0934D1AE6D05A69BCDE9E91D2A611F573361E38FC1375157F5752AE6B6DFE4B11990F88CCBF0719EE23FF02504B0304140006080800CC70623B408A7D3B7C0000009D0000000B0000006662782F636E782E786D6C4DCCD10A83201886E15B91FFDC552A92A0064DBC8F581632
310
D3703A76F9ABD1C18E3E78F878E5F0D9027ABBFCF2292AE86E2D20171F69F6715550CB827B40839639A5F2770314A7CD293819B45C73AAFB45B35BA61ACAA1C1C7E7855C58C15BC331339661262CC762340413D68D77DA5B42298546CBE6573AF60CEB2F504B0304140006080800CC70623B449FB9BD290100001202000031
310
0000006662782F36394639363044362D344446342D343946362D394244322D3234314243333846323333332F636F72652E786D6C8D515B6EC32010BC0AE22B55850D98B871848994463E412FE002495162B07854397EA176A4F62F3F2C9A9D991D587EB84F37F0AD7D30CEF6905418026DA553C65E7A98E219ED203808EE9D
310
8B7F6810D871D23D2C3014FCE25D9A57483A1BB58D19B54EE9151C43D0110279CB971E06F9A5A7B11A53CC8C70ADE6515EC78BAE4895DB992778883E0700CB907242D17643D7E2538BD869608875438BBAE38922CAC8F1BDD90DB4691A5E2F42C153326A951B95E398B3D1FE599322163C9AE9115F7A3D46ADA0A018778810
310
84E907617BDCEE297BC5BB3DC6BC2EF47FA234AB2745C9D8D8D035EE220B50105E2F0DC1954B9FB747187D9F9D8FA0CCDB042D5FA0C015C65B42DF78BD10F3F3B363CB56C7109DCFDFBBB97E662ED92EB62D13BC2E1BCAE5777DB9966D8A1F504B0304140006080800CC70623BAD7543B64E01000033030000300000006662
310
782F36394639363044362D344446342D343946362D394244322D3234314243333846323333332F636E782E786D6CD593CD6EC32010845F0571AD6CE3D48AD20813A9873E410FBD12D82434182C7EAAE6EDBB2424CD25871E7B41D6EC30B3FA84F9E67BB2E40B4234DE8DB46F1925E094D7C6ED479AD3AE5951B2113C789FEE
310
6C943839C1488B4C05DF079FE72A69D8C96C13AAD6B8631503449F83828872B949AC57D26200B826A308D316B4064D6E46FCDA41C05550DC9E483A00797BFD207EFB092A45DE9514C1BBD22178396BD39D891265658C238DEA00936C654E5E433CB65A26D9F6EDB5EBC14EBF49A45CB856E66048291F6939A9A81BB5C89177
310
38143CA680F4AA299D66A042CEB3354A2684DC9D8D178FE0D9B8B41CAAD720F880EE7EF93C0C18769E099ECC04D5A102C8049A8A05632F4DDF376CF1DE0F6BB65C2F8627B65A33C6BB62177CEBBDAD973006829F89F22E814B54F4BC2BE347F8AA8F681390B50FA73F804400B5F542E796F19FF974E7F78DB802FE05E20750
310
4B0304140006080800CC70623B8D05915C650500003B100000340000006662782F36394639363044362D344446342D343946362D394244322D3234314243333846323333332F6F626A656374732E786D6CAD575B6FA33814FE2B887D06429276DA1565D4266D158D3A339A6846FB502932E050B66023DB74D2FDF5FB190C01
310
9276B2973C046C8ECFF53B17071F77456EBD502133CEAE6CDF9DD81665314F32965ED995DA3A17B6F5310C04E7AA47665B8C14F4CAD6DB7618A48257A5D94AE89654B91AEDDEDDFC61C998326A5B714EA4BCB265FC440BE2924AF184CA6737218AB8E976E7FA6E4338649B0A523E8D98964450A6A029F619B8588D52FE7039
310
B1BD30F0F4F730D0FF866AF6369557DB33949F31A9088B0F848DD8CCFCF9F2767A76E99CCDE733677E3EF59D9BBB9BA5E37F984D16E78BC5E5F5ED25044B25C0C96822E8D60EEFE11B91C581D77CEA34368A1F5329E68CD1B8B61F16D63A1B8E092D294B10C78C4A48EB593D192E7DED9BDEE7995E1B91FDEDD3ACEA9FE831
310
6A756F9F7D4D79F4274C90A7A04248AA51D5F8C718DAE06FB2F75AC4796EBE65D22A88A22223B995679120E2D50E41AA49C260C046A35368846B0BECD0DFF3EBEB8AD4F835768F69B9ADF25C43D30E6B646F807FAA64AD59F61715C7A54127C4AACA98BA3006A9D792DAE165E0D59B61A01FB3A9F9D838D2DAE62445C86166
310
F37564E842E7DE6A69879FEEA2DD5AE7E371E1A5E025154AC307D06A03D73EB5978C58FFA4C8E9033066E0F3BD53BEC1F39F91BE7B55103791EDE6BBB991A2046172CB4581D8B893FA674DDA17A77B3B7C413D1B511FD2743BFF8A38F03A658705E3ADF8015C3A3417FF3D7E439FF591DA0B5F18BC20C1B8981957AE6392A3
310
F43C640C01D1A0B4728E2DD4F26DB4B3C3152A252A3B4E913CEC1C72F012782FF88EFF8637AA552DBEF76408E8A8DE9E50F9E1CB3A2DA0DB1B6039A893B56063DC5B3E3FFB5F72E67AB9FEB4AEC496C4F4C1149625DD662C53E89D7BF0F6151A046260D1337DFDC94502430F83B0EE07A130A224BCAD7DAE1D9FB6CD422FF6
310
920702629C4BB9AE79C12F243C6432A6794E18E5552BA56B431AAB5D91317302B2B071E86C3A42B1A02F999E24061403B5D0EB639195DA655DD3EBEAB4FB862DDF579F014AD0E73C22F99E28DA57FB98E75C6CA2D74D53086D600F4786E0FE3144B771A8A7B900F03594DB8A633CBC49B2EDB69228BB479CF863B5E807AAAB
310
23872F6DFEB4129B949CA33823F58830E86D65621E10047D9DB34D862E8EAC3C2ABC2F7B2C40D67CDFE01F5545B92105AF983AC54D93D69E56FB8E797F88913F898A9FEC705D3F9D1B54EC8426FB500D40A03BD0119B06E1B95DDC7EB8F6975367793EBD70E66733DFB9BC982F9CE564727731999F5D4ECFCE3B8D6A4DC2A0
310
6D50FD148437D110834A64C6CDDF57FBACB5C307A2A477DFE4939736CFEF2B175371E0E10CF0DD1D5C15654E0BCA14D1E87DD02FF93782A162C0A3D95F1524A52770F972BF1EE9809D13CE7DD599467F8ECE9ADD85CE85A34CD45355448C64F9E8A031DC2D596ACC6E5DD93D9B82DE2EF5CAF81363A8E47996A0DE24564A79
310
4115AACE09C55E14540231FDA13C319787134EBF34E3A022514E5B4D9E0826E25C02D5805B15ABE1BEF51B26383D445DD9E875EE33FE4C22DA16427D65A3BCA92CA6D28DD01DF5DC53330704308475351050232CCD31583787BA75774AFB06E5070DD0C8EF484E19968C5D83BA5B90B244D31E54D55A372320FE4786B7EA58
310
44E135AA5467CB7EA333A61683CC6A8C3257034C10CF46F40EF9F5BE59BE5BD30C3C72D235E95D10345C1D45445A5F0BB47E46A5EBE5570F9380B5FA629579952296A773720405982B9DE04011506178964401AA8BDF1FBF0A8EAB6861DD6580C0E38217056766716DAEB2D6FA0917D3E4116581EADB879C4E7CFFB11EFACD
310
3D641311495D92C8676CB409A72D18610D803CE8A626049E8EC1887CB5B44CC39883690DDA8399B4B9855B481E7D71D4A9D22F96E5BB73BF5793020C02137BF837504B0304140006080000CC70623B000000000000000000000000350000006662782F36394639363044362D344446342D343946362D394244322D32343142
310
43333846323333332F76657274696365732E62696E504B0304140006080800CC70623BF270F1330600000004000000360000006662782F36394639363044362D344446342D343946362D394244322D3234314243333846323333332F747269616E676C65732E62696E636660600000504B0304140006080000CC70623B0000
310
00000000000000000000370000006662782F36394639363044362D344446342D343946362D394244322D3234314243333846323333332F617474726962757465732E62696E504B0304140006080800CC70623B08DA0BD19000000041010000360000006662782F36394639363044362D344446342D343946362D394244322D
310
3234314243333846323333332F6469726563746F72792E786D6C858F410AC3201045AF22B36F53E9A60B35CBEEBAE80D244E44489C6234F4F835464A48035D0DF398FF9F8AF63D0E6CC63039F212F8F9020C7D47C6792B21C5FE7403D62A1188E2E60C98D7234A5830286103A55745067B9D86B8A3CF9C7F90C11DE607FB14
310
4396D7B6A82D282E9A152AD114D5EF2CB866EEE831B8EEA07A7BB5A8D7D61A2BAAEB7FD5F70921FF497D00504B0304140006080800CC70623BCA768048FE000000A00100003B0000006662782F36394639363044362D344446342D343946362D394244322D3234314243333846323333332F7265736F75726365732F636F72
310
652E786D6C8D50596E833010BD0A9ADFCA60D600328E9AA639412F609909B1126CE4A5EAF16B0295DABFFECC8CDEA2797AECF8353F924FB44E193D409E5248504B332A3D0D10FC95B4901C39B3C6F85F3248B49871801506CE266BC2B243D2688FDA47549B11775038871E12F988C7004EDE7016A9083E2ADC3D5D84BC8B09
310
D33C8D74D471E6BC8D0192EDC93A815B742658898E651BCB59086ADC356A8C3FD555A1055ED7E7E254D615792D0F075295F585746FF53B694EE78A565DD736979A65AB9933AFE69F8CD2A2F038022F28ED489E135A7CE4554F9BBEA85E68DB53CAB255FEC71496F19FA6A0B42F8B3DEE6673C0F318E4497096AD7DC5F52C33
310
EEB55BFE0D504B010214000A0000080000CC70623B3DEE336E79000000790000001B00000000000000000000000000000000006175746F6465736B2D64657369676E2D7061636B6167652E786D6C504B01021400140006080800CC70623BD486FD9CA0000000F40000001300000000000000000000000000B20000005B436F
310
6E74656E745F54797065735D2E786D6C504B01021400140006080800CC70623BD9DDAED0EC0000007C010000080000000000000000000000000083010000636F72652E786D6C504B01021400140006080800CC70623B55019EA25F0000007C000000070000000000000000000000000095020000636E782E786D6C504B0102
310
1400140006080800CC70623BA24EB22D72010000D40300000C00000000000000000000000000190300006662782F636F72652E786D6C504B01021400140006080800CC70623B408A7D3B7C0000009D0000000B00000000000000000000000000B50400006662782F636E782E786D6C504B01021400140006080800CC70623B
310
449FB9BD290100001202000031000000000000000000000000005A0500006662782F36394639363044362D344446342D343946362D394244322D3234314243333846323333332F636F72652E786D6C504B01021400140006080800CC70623BAD7543B64E010000330300003000000000000000000000000000D20600006662
310
782F36394639363044362D344446342D343946362D394244322D3234314243333846323333332F636E782E786D6C504B01021400140006080800CC70623B8D05915C650500003B10000034000000000000000000000000006E0800006662782F36394639363044362D344446342D343946362D394244322D32343142433338
310
46323333332F6F626A656374732E786D6C504B01021400140006080000CC70623B0000000000000000000000003500000000000000000000000000250E00006662782F36394639363044362D344446342D343946362D394244322D3234314243333846323333332F76657274696365732E62696E504B010214001400060808
310
00CC70623BF270F13306000000040000003600000000000000000000000000780E00006662782F36394639363044362D344446342D343946362D394244322D3234314243333846323333332F747269616E676C65732E62696E504B01021400140006080000CC70623B00000000000000000000000037000000000000000000
310
00000000D20E00006662782F36394639363044362D344446342D343946362D394244322D3234314243333846323333332F617474726962757465732E62696E504B01021400140006080800CC70623B08DA0BD190000000410100003600000000000000000000000000270F00006662782F36394639363044362D344446342D
310
343946362D394244322D3234314243333846323333332F6469726563746F72792E786D6C504B01021400140006080800CC70623BCA768048FE000000A00100003B000000000000000000000000000B1000006662782F36394639363044362D344446342D343946362D394244322D3234314243333846323333332F7265736F
310
75726365732F636F72652E786D6C504B0506000000000E000E0080040000621100000000
  0
XRECORD
  5
176
102
{ACAD_REACTORS
330
173
102
}
330
173
100
AcDbXrecord
280
1
270
1
271
1
  0
XRECORD
  5
177
102
{ACAD_REACTORS
330
173
102
}
330
173
100
AcDbXrecord
280
1
270
1
271
1
  0
XRECORD
  5
1277
102
{ACAD_REACTORS
330
1276
102
}
330
1276
100
AcDbXrecord
280
1
102
DISPLAYNAME
  1
Metric50
102
FLAGS
 90
0
  0
CELLSTYLEMAP
  5
1243
102
{ACAD_REACTORS
330
162
102
}
330
162
100
AcDbCellStyleMap
 90
3
300
CELLSTYLE
  1
TABLEFORMAT_BEGIN
 90
5
170
1
 91
0
 92
32768
 62
257
 93
1
300
CONTENTFORMAT
  1
CONTENTFORMAT_BEGIN
 90
0
 91
0
 92
512
 93
0
300

 40
0.0
140
1.0
 94
5
 62
0
340
11
144
6.0
309
CONTENTFORMAT_END
171
1
301
MARGIN
  1
CELLMARGIN_BEGIN
 40
1.5
 40
1.5
 40
1.5
 40
1.5
 40
0.18
 40
0.18
309
CELLMARGIN_END
 94
6
 95
1
302
GRIDFORMAT
  1
GRIDFORMAT_BEGIN
 90
0
 91
1
 62
0
 92
-2
340
14
 93
0
 40
1.125
309
GRIDFORMAT_END
 95
2
302
GRIDFORMAT
  1
GRIDFORMAT_BEGIN
 90
0
 91
1
 62
0
 92
-2
340
14
 93
0
 40
1.125
309
GRIDFORMAT_END
 95
4
302
GRIDFORMAT
  1
GRIDFORMAT_BEGIN
 90
0
 91
1
 62
0
 92
-2
340
14
 93
0
 40
1.125
309
GRIDFORMAT_END
 95
8
302
GRIDFORMAT
  1
GRIDFORMAT_BEGIN
 90
0
 91
1
 62
0
 92
-2
340
14
 93
0
 40
1.125
309
GRIDFORMAT_END
 95
16
302
GRIDFORMAT
  1
GRIDFORMAT_BEGIN
 90
0
 91
1
 62
0
 92
-2
340
14
 93
0
 40
1.125
309
GRIDFORMAT_END
 95
32
302
GRIDFORMAT
  1
GRIDFORMAT_BEGIN
 90
0
 91
1
 62
0
 92
-2
340
14
 93
0
 40
1.125
309
GRIDFORMAT_END
309
TABLEFORMAT_END
  1
CELLSTYLE_BEGIN
 90
1
 91
1
300
_TITLE
309
CELLSTYLE_END
300
CELLSTYLE
  1
TABLEFORMAT_BEGIN
 90
5
170
1
 91
0
 92
0
 62
257
 93
1
300
CONTENTFORMAT
  1
CONTENTFORMAT_BEGIN
 90
0
 91
0
 92
512
 93
0
300

 40
0.0
140
1.0
 94
5
 62
0
340
11
144
4.5
309
CONTENTFORMAT_END
171
1
301
MARGIN
  1
CELLMARGIN_BEGIN
 40
1.5
 40
1.5
 40
1.5
 40
1.5
 40
0.18
 40
0.18
309
CELLMARGIN_END
 94
6
 95
1
302
GRIDFORMAT
  1
GRIDFORMAT_BEGIN
 90
0
 91
1
 62
0
 92
-2
340
14
 93
0
 40
1.125
309
GRIDFORMAT_END
 95
2
302
GRIDFORMAT
  1
GRIDFORMAT_BEGIN
 90
0
 91
1
 62
0
 92
-2
340
14
 93
0
 40
1.125
309
GRIDFORMAT_END
 95
4
302
GRIDFORMAT
  1
GRIDFORMAT_BEGIN
 90
0
 91
1
 62
0
 92
-2
340
14
 93
0
 40
1.125
309
GRIDFORMAT_END
 95
8
302
GRIDFORMAT
  1
GRIDFORMAT_BEGIN
 90
0
 91
1
 62
0
 92
-2
340
14
 93
0
 40
1.125
309
GRIDFORMAT_END
 95
16
302
GRIDFORMAT
  1
GRIDFORMAT_BEGIN
 90
0
 91
1
 62
0
 92
-2
340
14
 93
0
 40
1.125
309
GRIDFORMAT_END
 95
32
302
GRIDFORMAT
  1
GRIDFORMAT_BEGIN
 90
0
 91
1
 62
0
 92
-2
340
14
 93
0
 40
1.125
309
GRIDFORMAT_END
309
TABLEFORMAT_END
  1
CELLSTYLE_BEGIN
 90
2
 91
1
300
_HEADER
309
CELLSTYLE_END
300
CELLSTYLE
  1
TABLEFORMAT_BEGIN
 90
5
170
1
 91
0
 92
0
 62
257
 93
1
300
CONTENTFORMAT
  1
CONTENTFORMAT_BEGIN
 90
0
 91
0
 92
512
 93
0
300

 40
0.0
140
1.0
 94
2
 62
0
340
11
144
4.5
309
CONTENTFORMAT_END
171
1
301
MARGIN
  1
CELLMARGIN_BEGIN
 40
1.5
 40
1.5
 40
1.5
 40
1.5
 40
0.18
 40
0.18
309
CELLMARGIN_END
 94
6
 95
1
302
GRIDFORMAT
  1
GRIDFORMAT_BEGIN
 90
0
 91
1
 62
0
 92
-2
340
14
 93
0
 40
1.125
309
GRIDFORMAT_END
 95
2
302
GRIDFORMAT
  1
GRIDFORMAT_BEGIN
 90
0
 91
1
 62
0
 92
-2
340
14
 93
0
 40
1.125
309
GRIDFORMAT_END
 95
4
302
GRIDFORMAT
  1
GRIDFORMAT_BEGIN
 90
0
 91
1
 62
0
 92
-2
340
14
 93
0
 40
1.125
309
GRIDFORMAT_END
 95
8
302
GRIDFORMAT
  1
GRIDFORMAT_BEGIN
 90
0
 91
1
 62
0
 92
-2
340
14
 93
0
 40
1.125
309
GRIDFORMAT_END
 95
16
302
GRIDFORMAT
  1
GRIDFORMAT_BEGIN
 90
0
 91
1
 62
0
 92
-2
340
14
 93
0
 40
1.125
309
GRIDFORMAT_END
 95
32
302
GRIDFORMAT
  1
GRIDFORMAT_BEGIN
 90
0
 91
1
 62
0
 92
-2
340
14
 93
0
 40
1.125
309
GRIDFORMAT_END
309
TABLEFORMAT_END
  1
CELLSTYLE_BEGIN
 90
3
 91
2
300
_DATA
309
CELLSTYLE_END
  0
XRECORD
  5
1245
102
{ACAD_REACTORS
330
162
102
}
330
162
100
AcDbXrecord
280
1
102
ACAD_ROUNDTRIP_PRE2007_TABLESTYLE
 90
512
 91
0
  1

 92
512
 93
0
  2

 94
512
 95
0
  3

  0
XRECORD
  5
1251
102
{ACAD_REACTORS
330
1250
102
}
330
1250
100
AcDbXrecord
280
1
102
RTVSPost2010Prop28
280
1
102
RTVSPost2010PropOp28
 70
1
102
RTVSPost2010Prop29
280
1
102
RTVSPost2010PropOp29
 70
1
102
RTVSPost2010Prop30
280
0
102
RTVSPost2010PropOp30
 70
1
102
RTVSPost2010Prop31
280
0
102
RTVSPost2010PropOp31
 70
1
102
RTVSPost2010Prop32
280
0
102
RTVSPost2010PropOp32
 70
1
102
RTVSPost2010Prop33
280
0
102
RTVSPost2010PropOp33
 70
1
102
RTVSPost2010Prop34
280
0
102
RTVSPost2010PropOp34
 70
1
102
RTVSPost2010Prop35
280
0
102
RTVSPost2010PropOp35
 70
1
102
RTVSPost2010Prop36
280
0
102
RTVSPost2010PropOp36
 70
1
102
RTVSPost2010Prop37
 90
50
102
RTVSPost2010PropOp37
 70
1
102
RTVSPost2010Prop38
140
0.0
102
RTVSPost2010PropOp38
 70
1
102
RTVSPost2010Prop39
140
1.0
102
RTVSPost2010PropOp39
 70
1
102
RTVSPost2010Prop40
 90
0
102
RTVSPost2010PropOp40
 70
1
102
RTVSPost2010Prop41ColorIndex
 90
18
102
RTVSPost2010Prop41ColorRGB
 90
0
102
RTVSPost2010PropOp41
 70
1
102
RTVSPost2010Prop42
 90
50
102
RTVSPost2010PropOp42
 70
1
102
RTVSPost2010Prop43
 90
3
102
RTVSPost2010PropOp43
 70
1
102
RTVSPost2010Prop44ColorIndex
 90
5
102
RTVSPost2010Prop44ColorRGB
 90
255
102
RTVSPost2010PropOp44
 70
1
102
RTVSPost2010Prop45
280
0
102
RTVSPost2010PropOp45
 70
1
102
RTVSPost2010Prop46
 90
50
102
RTVSPost2010PropOp46
 70
1
102
RTVSPost2010Prop47
 90
50
102
RTVSPost2010PropOp47
 70
1
102
RTVSPost2010Prop48
 90
50
102
RTVSPost2010PropOp48
 70
1
102
RTVSPost2010Prop49
280
0
102
RTVSPost2010PropOp49
 70
1
102
RTVSPost2010Prop50
 90
50
102
RTVSPost2010PropOp50
 70
1
102
RTVSPost2010Prop51ColorIndex
 90
256
102
RTVSPost2010Prop51ColorRGB
 90
-16777216
102
RTVSPost2010PropOp51
 70
0
102
RTVSPost2010Prop52
140
1.0
102
RTVSPost2010PropOp52
 70
0
102
RTVSPost2010Prop53
 90
2
102
RTVSPost2010PropOp53
 70
1
102
RTVSPost2010Prop54
  1
strokes_ogs.tif
102
RTVSPost2010PropOp54
 70
1
102
RTVSPost2010Prop55
280
0
102
RTVSPost2010PropOp55
 70
1
102
RTVSPost2010Prop56
140
1.0
102
RTVSPost2010PropOp56
 70
1
102
RTVSPost2010Prop57
140
1.0
102
RTVSPost2010PropOp57
 70
1
102
RTVSPropertyOp0
 70
1
102
RTVSPropertyOp1
 70
1
102
RTVSPropertyOp2
 70
1
102
RTVSPropertyOp3
 70
1
102
RTVSPropertyOp4
 70
1
102
RTVSPropertyOp5
 70
1
102
RTVSPropertyOp6
 70
1
102
RTVSPropertyOp7
 70
1
102
RTVSPropertyOp8
 70
1
102
RTVSPropertyOp9
 70
1
102
RTVSPropertyOp10
 70
1
102
RTVSPropertyOp11
 70
1
102
RTVSPropertyOp12
 70
1
102
RTVSPropertyOp13
 70
1
102
RTVSPropertyOp14
 70
1
102
RTVSPropertyOp15
 70
1
102
RTVSPropertyOp16
 70
1
102
RTVSPropertyOp17
 70
1
102
RTVSPropertyOp18
 70
1
102
RTVSPropertyOp19
 70
1
102
RTVSPropertyOp20
 70
1
102
RTVSPropertyOp21
 70
1
102
RTVSPropertyOp22
 70
1
102
RTVSPropertyOp23
 70
1
102
RTVSPropertyOp24
 70
1
102
RTVSPropertyOp25
 70
1
102
RTVSPropertyOp26
 70
1
102
RTVSPropertyOp27
 70
1
102
RTVSPropertyOp28
 70
1
102
RTVSPropertyOp29
 70
1
102
RTVSPropertyOp30
 70
1
102
RTVSPropertyOp31
 70
1
102
RTVSPropertyOp32
 70
1
102
RTVSPropertyOp33
 70
1
102
RTVSPropertyOp34
 70
1
102
RTVSPropertyOp35
 70
1
102
RTVSPropertyOp36
 70
1
102
RTVSPropertyOp37
 70
1
102
RTVSPropertyOp38
 70
1
102
RTVSPropertyOp39
 70
1
102
RTVSPropertyOp40
 70
1
102
RTVSPropertyOp41
 70
1
102
RTVSPropertyOp42
 70
1
102
RTVSPropertyOp43
 70
1
102
RTVSPropertyOp44
 70
1
102
RTVSPropertyOp45
 70
1
102
RTVSPropertyOp46
 70
1
102
RTVSPropertyOp47
 70
1
102
RTVSPropertyOp48
 70
1
102
RTVSPropertyOp49
 70
1
102
RTVSPropertyOp50
 70
1
102
RTVSPropertyOp51
 70
0
102
RTVSPropertyOp52
 70
0
102
RTVSPropertyOp53
 70
1
102
RTVSPropertyOp54
 70
1
102
RTVSPropertyOp55
 70
1
102
RTVSPropertyOp56
 70
1
102
RTVSPropertyOp57
 70
1
102
RTVSPropertyOp58
 70
1
102
RTVSPropertyOp59
 70
1
102
RTVSPropertyOp60
 70
1
102
RTVSPropertyOp61
 70
1
102
RTVSPropertyOp62
 70
1
  0
XRECORD
  5
124F
102
{ACAD_REACTORS
330
124E
102
}
330
124E
100
AcDbXrecord
280
1
102
RTVSPost2010Prop28
280
0
102
RTVSPost2010PropOp28
 70
1
102
RTVSPost2010Prop29
280
1
102
RTVSPost2010PropOp29
 70
1
102
RTVSPost2010Prop30
280
1
102
RTVSPost2010PropOp30
 70
1
102
RTVSPost2010Prop31
280
0
102
RTVSPost2010PropOp31
 70
1
102
RTVSPost2010Prop32
280
0
102
RTVSPost2010PropOp32
 70
1
102
RTVSPost2010Prop33
280
0
102
RTVSPost2010PropOp33
 70
1
102
RTVSPost2010Prop34
280
0
102
RTVSPost2010PropOp34
 70
1
102
RTVSPost2010Prop35
280
0
102
RTVSPost2010PropOp35
 70
1
102
RTVSPost2010Prop36
280
0
102
RTVSPost2010PropOp36
 70
1
102
RTVSPost2010Prop37
 90
50
102
RTVSPost2010PropOp37
 70
1
102
RTVSPost2010Prop38
140
0.0
102
RTVSPost2010PropOp38
 70
1
102
RTVSPost2010Prop39
140
1.0
102
RTVSPost2010PropOp39
 70
1
102
RTVSPost2010Prop40
 90
0
102
RTVSPost2010PropOp40
 70
1
102
RTVSPost2010Prop41ColorIndex
 90
18
102
RTVSPost2010Prop41ColorRGB
 90
0
102
RTVSPost2010PropOp41
 70
1
102
RTVSPost2010Prop42
 90
50
102
RTVSPost2010PropOp42
 70
1
102
RTVSPost2010Prop43
 90
3
102
RTVSPost2010PropOp43
 70
1
102
RTVSPost2010Prop44ColorIndex
 90
5
102
RTVSPost2010Prop44ColorRGB
 90
255
102
RTVSPost2010PropOp44
 70
1
102
RTVSPost2010Prop45
280
0
102
RTVSPost2010PropOp45
 70
1
102
RTVSPost2010Prop46
 90
50
102
RTVSPost2010PropOp46
 70
1
102
RTVSPost2010Prop47
 90
50
102
RTVSPost2010PropOp47
 70
1
102
RTVSPost2010Prop48
 90
50
102
RTVSPost2010PropOp48
 70
1
102
RTVSPost2010Prop49
280
0
102
RTVSPost2010PropOp49
 70
1
102
RTVSPost2010Prop50
 90
50
102
RTVSPost2010PropOp50
 70
1
102
RTVSPost2010Prop51ColorIndex
 90
256
102
RTVSPost2010Prop51ColorRGB
 90
-16777216
102
RTVSPost2010PropOp51
 70
0
102
RTVSPost2010Prop52
140
1.0
102
RTVSPost2010PropOp52
 70
0
102
RTVSPost2010Prop53
 90
2
102
RTVSPost2010PropOp53
 70
1
102
RTVSPost2010Prop54
  1
strokes_ogs.tif
102
RTVSPost2010PropOp54
 70
1
102
RTVSPost2010Prop55
280
0
102
RTVSPost2010PropOp55
 70
1
102
RTVSPost2010Prop56
140
1.0
102
RTVSPost2010PropOp56
 70
1
102
RTVSPost2010Prop57
140
1.0
102
RTVSPost2010PropOp57
 70
1
102
RTVSPropertyOp0
 70
1
102
RTVSPropertyOp1
 70
1
102
RTVSPropertyOp2
 70
1
102
RTVSPropertyOp3
 70
1
102
RTVSPropertyOp4
 70
1
102
RTVSPropertyOp5
 70
1
102
RTVSPropertyOp6
 70
1
102
RTVSPropertyOp7
 70
1
102
RTVSPropertyOp8
 70
1
102
RTVSPropertyOp9
 70
1
102
RTVSPropertyOp10
 70
1
102
RTVSPropertyOp11
 70
1
102
RTVSPropertyOp12
 70
1
102
RTVSPropertyOp13
 70
1
102
RTVSPropertyOp14
 70
1
102
RTVSPropertyOp15
 70
1
102
RTVSPropertyOp16
 70
1
102
RTVSPropertyOp17
 70
1
102
RTVSPropertyOp18
 70
1
102
RTVSPropertyOp19
 70
1
102
RTVSPropertyOp20
 70
1
102
RTVSPropertyOp21
 70
1
102
RTVSPropertyOp22
 70
1
102
RTVSPropertyOp23
 70
1
102
RTVSPropertyOp24
 70
1
102
RTVSPropertyOp25
 70
1
102
RTVSPropertyOp26
 70
1
102
RTVSPropertyOp27
 70
1
102
RTVSPropertyOp28
 70
1
102
RTVSPropertyOp29
 70
1
102
RTVSPropertyOp30
 70
1
102
RTVSPropertyOp31
 70
1
102
RTVSPropertyOp32
 70
1
102
RTVSPropertyOp33
 70
1
102
RTVSPropertyOp34
 70
1
102
RTVSPropertyOp35
 70
1
102
RTVSPropertyOp36
 70
1
102
RTVSPropertyOp37
 70
1
102
RTVSPropertyOp38
 70
1
102
RTVSPropertyOp39
 70
1
102
RTVSPropertyOp40
 70
1
102
RTVSPropertyOp41
 70
1
102
RTVSPropertyOp42
 70
1
102
RTVSPropertyOp43
 70
1
102
RTVSPropertyOp44
 70
1
102
RTVSPropertyOp45
 70
1
102
RTVSPropertyOp46
 70
1
102
RTVSPropertyOp47
 70
1
102
RTVSPropertyOp48
 70
1
102
RTVSPropertyOp49
 70
1
102
RTVSPropertyOp50
 70
1
102
RTVSPropertyOp51
 70
0
102
RTVSPropertyOp52
 70
0
102
RTVSPropertyOp53
 70
1
102
RTVSPropertyOp54
 70
1
102
RTVSPropertyOp55
 70
1
102
RTVSPropertyOp56
 70
1
102
RTVSPropertyOp57
 70
1
102
RTVSPropertyOp58
 70
1
102
RTVSPropertyOp59
 70
1
102
RTVSPropertyOp60
 70
1
102
RTVSPropertyOp61
 70
1
102
RTVSPropertyOp62
 70
1
  0
XRECORD
  5
125D
102
{ACAD_REACTORS
330
125C
102
}
330
125C
100
AcDbXrecord
280
1
102
RTVSPost2010Prop28
280
0
102
RTVSPost2010PropOp28
 70
1
102
RTVSPost2010Prop29
280
1
102
RTVSPost2010PropOp29
 70
1
102
RTVSPost2010Prop30
280
1
102
RTVSPost2010PropOp30
 70
1
102
RTVSPost2010Prop31
280
0
102
RTVSPost2010PropOp31
 70
1
102
RTVSPost2010Prop32
280
0
102
RTVSPost2010PropOp32
 70
1
102
RTVSPost2010Prop33
280
0
102
RTVSPost2010PropOp33
 70
1
102
RTVSPost2010Prop34
280
0
102
RTVSPost2010PropOp34
 70
1
102
RTVSPost2010Prop35
280
0
102
RTVSPost2010PropOp35
 70
1
102
RTVSPost2010Prop36
280
0
102
RTVSPost2010PropOp36
 70
1
102
RTVSPost2010Prop37
 90
50
102
RTVSPost2010PropOp37
 70
1
102
RTVSPost2010Prop38
140
0.0
102
RTVSPost2010PropOp38
 70
1
102
RTVSPost2010Prop39
140
1.0
102
RTVSPost2010PropOp39
 70
1
102
RTVSPost2010Prop40
 90
0
102
RTVSPost2010PropOp40
 70
1
102
RTVSPost2010Prop41ColorIndex
 90
18
102
RTVSPost2010Prop41ColorRGB
 90
0
102
RTVSPost2010PropOp41
 70
1
102
RTVSPost2010Prop42
 90
50
102
RTVSPost2010PropOp42
 70
1
102
RTVSPost2010Prop43
 90
3
102
RTVSPost2010PropOp43
 70
1
102
RTVSPost2010Prop44ColorIndex
 90
5
102
RTVSPost2010Prop44ColorRGB
 90
255
102
RTVSPost2010PropOp44
 70
1
102
RTVSPost2010Prop45
280
0
102
RTVSPost2010PropOp45
 70
1
102
RTVSPost2010Prop46
 90
50
102
RTVSPost2010PropOp46
 70
1
102
RTVSPost2010Prop47
 90
50
102
RTVSPost2010PropOp47
 70
1
102
RTVSPost2010Prop48
 90
50
102
RTVSPost2010PropOp48
 70
1
102
RTVSPost2010Prop49
280
0
102
RTVSPost2010PropOp49
 70
1
102
RTVSPost2010Prop50
 90
50
102
RTVSPost2010PropOp50
 70
1
102
RTVSPost2010Prop51ColorIndex
 90
256
102
RTVSPost2010Prop51ColorRGB
 90
-16777216
102
RTVSPost2010PropOp51
 70
0
102
RTVSPost2010Prop52
140
1.0
102
RTVSPost2010PropOp52
 70
0
102
RTVSPost2010Prop53
 90
2
102
RTVSPost2010PropOp53
 70
1
102
RTVSPost2010Prop54
  1
strokes_ogs.tif
102
RTVSPost2010PropOp54
 70
1
102
RTVSPost2010Prop55
280
0
102
RTVSPost2010PropOp55
 70
1
102
RTVSPost2010Prop56
140
1.0
102
RTVSPost2010PropOp56
 70
1
102
RTVSPost2010Prop57
140
1.0
102
RTVSPost2010PropOp57
 70
1
102
RTVSPropertyOp0
 70
1
102
RTVSPropertyOp1
 70
1
102
RTVSPropertyOp2
 70
1
102
RTVSPropertyOp3
 70
1
102
RTVSPropertyOp4
 70
1
102
RTVSPropertyOp5
 70
1
102
RTVSPropertyOp6
 70
1
102
RTVSPropertyOp7
 70
1
102
RTVSPropertyOp8
 70
1
102
RTVSPropertyOp9
 70
1
102
RTVSPropertyOp10
 70
1
102
RTVSPropertyOp11
 70
1
102
RTVSPropertyOp12
 70
1
102
RTVSPropertyOp13
 70
1
102
RTVSPropertyOp14
 70
1
102
RTVSPropertyOp15
 70
1
102
RTVSPropertyOp16
 70
1
102
RTVSPropertyOp17
 70
1
102
RTVSPropertyOp18
 70
1
102
RTVSPropertyOp19
 70
1
102
RTVSPropertyOp20
 70
1
102
RTVSPropertyOp21
 70
1
102
RTVSPropertyOp22
 70
1
102
RTVSPropertyOp23
 70
1
102
RTVSPropertyOp24
 70
1
102
RTVSPropertyOp25
 70
1
102
RTVSPropertyOp26
 70
1
102
RTVSPropertyOp27
 70
1
102
RTVSPropertyOp28
 70
1
102
RTVSPropertyOp29
 70
1
102
RTVSPropertyOp30
 70
1
102
RTVSPropertyOp31
 70
1
102
RTVSPropertyOp32
 70
1
102
RTVSPropertyOp33
 70
1
102
RTVSPropertyOp34
 70
1
102
RTVSPropertyOp35
 70
1
102
RTVSPropertyOp36
 70
1
102
RTVSPropertyOp37
 70
1
102
RTVSPropertyOp38
 70
1
102
RTVSPropertyOp39
 70
1
102
RTVSPropertyOp40
 70
1
102
RTVSPropertyOp41
 70
1
102
RTVSPropertyOp42
 70
1
102
RTVSPropertyOp43
 70
1
102
RTVSPropertyOp44
 70
1
102
RTVSPropertyOp45
 70
1
102
RTVSPropertyOp46
 70
1
102
RTVSPropertyOp47
 70
1
102
RTVSPropertyOp48
 70
1
102
RTVSPropertyOp49
 70
1
102
RTVSPropertyOp50
 70
1
102
RTVSPropertyOp51
 70
0
102
RTVSPropertyOp52
 70
0
102
RTVSPropertyOp53
 70
1
102
RTVSPropertyOp54
 70
1
102
RTVSPropertyOp55
 70
1
102
RTVSPropertyOp56
 70
1
102
RTVSPropertyOp57
 70
1
102
RTVSPropertyOp58
 70
1
102
RTVSPropertyOp59
 70
1
102
RTVSPropertyOp60
 70
1
102
RTVSPropertyOp61
 70
1
102
RTVSPropertyOp62
 70
1
  0
XRECORD
  5
1265
102
{ACAD_REACTORS
330
1264
102
}
330
1264
100
AcDbXrecord
280
1
102
RTVSPost2010Prop28
280
0
102
RTVSPost2010PropOp28
 70
1
102
RTVSPost2010Prop29
280
1
102
RTVSPost2010PropOp29
 70
1
102
RTVSPost2010Prop30
280
1
102
RTVSPost2010PropOp30
 70
1
102
RTVSPost2010Prop31
280
0
102
RTVSPost2010PropOp31
 70
1
102
RTVSPost2010Prop32
280
0
102
RTVSPost2010PropOp32
 70
1
102
RTVSPost2010Prop33
280
0
102
RTVSPost2010PropOp33
 70
1
102
RTVSPost2010Prop34
280
0
102
RTVSPost2010PropOp34
 70
1
102
RTVSPost2010Prop35
280
0
102
RTVSPost2010PropOp35
 70
1
102
RTVSPost2010Prop36
280
0
102
RTVSPost2010PropOp36
 70
1
102
RTVSPost2010Prop37
 90
50
102
RTVSPost2010PropOp37
 70
1
102
RTVSPost2010Prop38
140
0.0
102
RTVSPost2010PropOp38
 70
1
102
RTVSPost2010Prop39
140
1.0
102
RTVSPost2010PropOp39
 70
1
102
RTVSPost2010Prop40
 90
0
102
RTVSPost2010PropOp40
 70
1
102
RTVSPost2010Prop41ColorIndex
 90
18
102
RTVSPost2010Prop41ColorRGB
 90
0
102
RTVSPost2010PropOp41
 70
1
102
RTVSPost2010Prop42
 90
50
102
RTVSPost2010PropOp42
 70
1
102
RTVSPost2010Prop43
 90
3
102
RTVSPost2010PropOp43
 70
1
102
RTVSPost2010Prop44ColorIndex
 90
5
102
RTVSPost2010Prop44ColorRGB
 90
255
102
RTVSPost2010PropOp44
 70
1
102
RTVSPost2010Prop45
280
0
102
RTVSPost2010PropOp45
 70
1
102
RTVSPost2010Prop46
 90
50
102
RTVSPost2010PropOp46
 70
1
102
RTVSPost2010Prop47
 90
50
102
RTVSPost2010PropOp47
 70
1
102
RTVSPost2010Prop48
 90
50
102
RTVSPost2010PropOp48
 70
1
102
RTVSPost2010Prop49
280
0
102
RTVSPost2010PropOp49
 70
1
102
RTVSPost2010Prop50
 90
50
102
RTVSPost2010PropOp50
 70
1
102
RTVSPost2010Prop51ColorIndex
 90
256
102
RTVSPost2010Prop51ColorRGB
 90
-16777216
102
RTVSPost2010PropOp51
 70
0
102
RTVSPost2010Prop52
140
1.0
102
RTVSPost2010PropOp52
 70
0
102
RTVSPost2010Prop53
 90
2
102
RTVSPost2010PropOp53
 70
1
102
RTVSPost2010Prop54
  1
strokes_ogs.tif
102
RTVSPost2010PropOp54
 70
1
102
RTVSPost2010Prop55
280
0
102
RTVSPost2010PropOp55
 70
1
102
RTVSPost2010Prop56
140
1.0
102
RTVSPost2010PropOp56
 70
1
102
RTVSPost2010Prop57
140
1.0
102
RTVSPost2010PropOp57
 70
1
102
RTVSPropertyOp0
 70
1
102
RTVSPropertyOp1
 70
1
102
RTVSPropertyOp2
 70
1
102
RTVSPropertyOp3
 70
1
102
RTVSPropertyOp4
 70
1
102
RTVSPropertyOp5
 70
1
102
RTVSPropertyOp6
 70
1
102
RTVSPropertyOp7
 70
1
102
RTVSPropertyOp8
 70
1
102
RTVSPropertyOp9
 70
1
102
RTVSPropertyOp10
 70
1
102
RTVSPropertyOp11
 70
1
102
RTVSPropertyOp12
 70
1
102
RTVSPropertyOp13
 70
1
102
RTVSPropertyOp14
 70
1
102
RTVSPropertyOp15
 70
1
102
RTVSPropertyOp16
 70
1
102
RTVSPropertyOp17
 70
1
102
RTVSPropertyOp18
 70
1
102
RTVSPropertyOp19
 70
1
102
RTVSPropertyOp20
 70
1
102
RTVSPropertyOp21
 70
1
102
RTVSPropertyOp22
 70
1
102
RTVSPropertyOp23
 70
1
102
RTVSPropertyOp24
 70
1
102
RTVSPropertyOp25
 70
1
102
RTVSPropertyOp26
 70
1
102
RTVSPropertyOp27
 70
1
102
RTVSPropertyOp28
 70
1
102
RTVSPropertyOp29
 70
1
102
RTVSPropertyOp30
 70
1
102
RTVSPropertyOp31
 70
1
102
RTVSPropertyOp32
 70
1
102
RTVSPropertyOp33
 70
1
102
RTVSPropertyOp34
 70
1
102
RTVSPropertyOp35
 70
1
102
RTVSPropertyOp36
 70
1
102
RTVSPropertyOp37
 70
1
102
RTVSPropertyOp38
 70
1
102
RTVSPropertyOp39
 70
1
102
RTVSPropertyOp40
 70
1
102
RTVSPropertyOp41
 70
1
102
RTVSPropertyOp42
 70
1
102
RTVSPropertyOp43
 70
1
102
RTVSPropertyOp44
 70
1
102
RTVSPropertyOp45
 70
1
102
RTVSPropertyOp46
 70
1
102
RTVSPropertyOp47
 70
1
102
RTVSPropertyOp48
 70
1
102
RTVSPropertyOp49
 70
1
102
RTVSPropertyOp50
 70
1
102
RTVSPropertyOp51
 70
0
102
RTVSPropertyOp52
 70
0
102
RTVSPropertyOp53
 70
1
102
RTVSPropertyOp54
 70
1
102
RTVSPropertyOp55
 70
1
102
RTVSPropertyOp56
 70
1
102
RTVSPropertyOp57
 70
1
102
RTVSPropertyOp58
 70
1
102
RTVSPropertyOp59
 70
1
102
RTVSPropertyOp60
 70
1
102
RTVSPropertyOp61
 70
1
102
RTVSPropertyOp62
 70
1
  0
XRECORD
  5
1257
102
{ACAD_REACTORS
330
1256
102
}
330
1256
100
AcDbXrecord
280
1
102
RTVSPost2010Prop28
280
0
102
RTVSPost2010PropOp28
 70
1
102
RTVSPost2010Prop29
280
1
102
RTVSPost2010PropOp29
 70
1
102
RTVSPost2010Prop30
280
1
102
RTVSPost2010PropOp30
 70
1
102
RTVSPost2010Prop31
280
0
102
RTVSPost2010PropOp31
 70
1
102
RTVSPost2010Prop32
280
0
102
RTVSPost2010PropOp32
 70
1
102
RTVSPost2010Prop33
280
0
102
RTVSPost2010PropOp33
 70
1
102
RTVSPost2010Prop34
280
0
102
RTVSPost2010PropOp34
 70
1
102
RTVSPost2010Prop35
280
0
102
RTVSPost2010PropOp35
 70
1
102
RTVSPost2010Prop36
280
0
102
RTVSPost2010PropOp36
 70
1
102
RTVSPost2010Prop37
 90
50
102
RTVSPost2010PropOp37
 70
1
102
RTVSPost2010Prop38
140
0.0
102
RTVSPost2010PropOp38
 70
1
102
RTVSPost2010Prop39
140
1.0
102
RTVSPost2010PropOp39
 70
1
102
RTVSPost2010Prop40
 90
0
102
RTVSPost2010PropOp40
 70
1
102
RTVSPost2010Prop41ColorIndex
 90
18
102
RTVSPost2010Prop41ColorRGB
 90
0
102
RTVSPost2010PropOp41
 70
1
102
RTVSPost2010Prop42
 90
50
102
RTVSPost2010PropOp42
 70
1
102
RTVSPost2010Prop43
 90
3
102
RTVSPost2010PropOp43
 70
1
102
RTVSPost2010Prop44ColorIndex
 90
5
102
RTVSPost2010Prop44ColorRGB
 90
255
102
RTVSPost2010PropOp44
 70
1
102
RTVSPost2010Prop45
280
0
102
RTVSPost2010PropOp45
 70
1
102
RTVSPost2010Prop46
 90
50
102
RTVSPost2010PropOp46
 70
1
102
RTVSPost2010Prop47
 90
50
102
RTVSPost2010PropOp47
 70
1
102
RTVSPost2010Prop48
 90
50
102
RTVSPost2010PropOp48
 70
1
102
RTVSPost2010Prop49
280
0
102
RTVSPost2010PropOp49
 70
1
102
RTVSPost2010Prop50
 90
50
102
RTVSPost2010PropOp50
 70
1
102
RTVSPost2010Prop51ColorIndex
 90
256
102
RTVSPost2010Prop51ColorRGB
 90
-16777216
102
RTVSPost2010PropOp51
 70
0
102
RTVSPost2010Prop52
140
1.0
102
RTVSPost2010PropOp52
 70
0
102
RTVSPost2010Prop53
 90
2
102
RTVSPost2010PropOp53
 70
1
102
RTVSPost2010Prop54
  1
strokes_ogs.tif
102
RTVSPost2010PropOp54
 70
1
102
RTVSPost2010Prop55
280
0
102
RTVSPost2010PropOp55
 70
1
102
RTVSPost2010Prop56
140
1.0
102
RTVSPost2010PropOp56
 70
1
102
RTVSPost2010Prop57
140
1.0
102
RTVSPost2010PropOp57
 70
1
102
RTVSPropertyOp0
 70
1
102
RTVSPropertyOp1
 70
1
102
RTVSPropertyOp2
 70
1
102
RTVSPropertyOp3
 70
1
102
RTVSPropertyOp4
 70
1
102
RTVSPropertyOp5
 70
1
102
RTVSPropertyOp6
 70
1
102
RTVSPropertyOp7
 70
1
102
RTVSPropertyOp8
 70
1
102
RTVSPropertyOp9
 70
1
102
RTVSPropertyOp10
 70
1
102
RTVSPropertyOp11
 70
1
102
RTVSPropertyOp12
 70
1
102
RTVSPropertyOp13
 70
1
102
RTVSPropertyOp14
 70
1
102
RTVSPropertyOp15
 70
1
102
RTVSPropertyOp16
 70
1
102
RTVSPropertyOp17
 70
1
102
RTVSPropertyOp18
 70
1
102
RTVSPropertyOp19
 70
1
102
RTVSPropertyOp20
 70
1
102
RTVSPropertyOp21
 70
1
102
RTVSPropertyOp22
 70
1
102
RTVSPropertyOp23
 70
1
102
RTVSPropertyOp24
 70
1
102
RTVSPropertyOp25
 70
1
102
RTVSPropertyOp26
 70
1
102
RTVSPropertyOp27
 70
1
102
RTVSPropertyOp28
 70
1
102
RTVSPropertyOp29
 70
1
102
RTVSPropertyOp30
 70
1
102
RTVSPropertyOp31
 70
1
102
RTVSPropertyOp32
 70
1
102
RTVSPropertyOp33
 70
1
102
RTVSPropertyOp34
 70
1
102
RTVSPropertyOp35
 70
1
102
RTVSPropertyOp36
 70
1
102
RTVSPropertyOp37
 70
1
102
RTVSPropertyOp38
 70
1
102
RTVSPropertyOp39
 70
1
102
RTVSPropertyOp40
 70
1
102
RTVSPropertyOp41
 70
1
102
RTVSPropertyOp42
 70
1
102
RTVSPropertyOp43
 70
1
102
RTVSPropertyOp44
 70
1
102
RTVSPropertyOp45
 70
1
102
RTVSPropertyOp46
 70
1
102
RTVSPropertyOp47
 70
1
102
RTVSPropertyOp48
 70
1
102
RTVSPropertyOp49
 70
1
102
RTVSPropertyOp50
 70
1
102
RTVSPropertyOp51
 70
0
102
RTVSPropertyOp52
 70
0
102
RTVSPropertyOp53
 70
1
102
RTVSPropertyOp54
 70
1
102
RTVSPropertyOp55
 70
1
102
RTVSPropertyOp56
 70
1
102
RTVSPropertyOp57
 70
1
102
RTVSPropertyOp58
 70
1
102
RTVSPropertyOp59
 70
1
102
RTVSPropertyOp60
 70
1
102
RTVSPropertyOp61
 70
1
102
RTVSPropertyOp62
 70
1
  0
XRECORD
  5
125B
102
{ACAD_REACTORS
330
125A
102
}
330
125A
100
AcDbXrecord
280
1
102
RTVSPost2010Prop28
280
0
102
RTVSPost2010PropOp28
 70
1
102
RTVSPost2010Prop29
280
1
102
RTVSPost2010PropOp29
 70
1
102
RTVSPost2010Prop30
280
1
102
RTVSPost2010PropOp30
 70
1
102
RTVSPost2010Prop31
280
0
102
RTVSPost2010PropOp31
 70
1
102
RTVSPost2010Prop32
280
0
102
RTVSPost2010PropOp32
 70
1
102
RTVSPost2010Prop33
280
0
102
RTVSPost2010PropOp33
 70
1
102
RTVSPost2010Prop34
280
0
102
RTVSPost2010PropOp34
 70
1
102
RTVSPost2010Prop35
280
0
102
RTVSPost2010PropOp35
 70
1
102
RTVSPost2010Prop36
280
0
102
RTVSPost2010PropOp36
 70
1
102
RTVSPost2010Prop37
 90
50
102
RTVSPost2010PropOp37
 70
1
102
RTVSPost2010Prop38
140
0.0
102
RTVSPost2010PropOp38
 70
1
102
RTVSPost2010Prop39
140
1.0
102
RTVSPost2010PropOp39
 70
1
102
RTVSPost2010Prop40
 90
0
102
RTVSPost2010PropOp40
 70
1
102
RTVSPost2010Prop41ColorIndex
 90
18
102
RTVSPost2010Prop41ColorRGB
 90
0
102
RTVSPost2010PropOp41
 70
1
102
RTVSPost2010Prop42
 90
50
102
RTVSPost2010PropOp42
 70
1
102
RTVSPost2010Prop43
 90
3
102
RTVSPost2010PropOp43
 70
1
102
RTVSPost2010Prop44ColorIndex
 90
5
102
RTVSPost2010Prop44ColorRGB
 90
255
102
RTVSPost2010PropOp44
 70
1
102
RTVSPost2010Prop45
280
0
102
RTVSPost2010PropOp45
 70
1
102
RTVSPost2010Prop46
 90
50
102
RTVSPost2010PropOp46
 70
1
102
RTVSPost2010Prop47
 90
50
102
RTVSPost2010PropOp47
 70
1
102
RTVSPost2010Prop48
 90
50
102
RTVSPost2010PropOp48
 70
1
102
RTVSPost2010Prop49
280
0
102
RTVSPost2010PropOp49
 70
1
102
RTVSPost2010Prop50
 90
50
102
RTVSPost2010PropOp50
 70
1
102
RTVSPost2010Prop51ColorIndex
 90
256
102
RTVSPost2010Prop51ColorRGB
 90
-16777216
102
RTVSPost2010PropOp51
 70
0
102
RTVSPost2010Prop52
140
1.0
102
RTVSPost2010PropOp52
 70
0
102
RTVSPost2010Prop53
 90
2
102
RTVSPost2010PropOp53
 70
1
102
RTVSPost2010Prop54
  1
strokes_ogs.tif
102
RTVSPost2010PropOp54
 70
1
102
RTVSPost2010Prop55
280
0
102
RTVSPost2010PropOp55
 70
1
102
RTVSPost2010Prop56
140
1.0
102
RTVSPost2010PropOp56
 70
1
102
RTVSPost2010Prop57
140
1.0
102
RTVSPost2010PropOp57
 70
1
102
RTVSPropertyOp0
 70
1
102
RTVSPropertyOp1
 70
1
102
RTVSPropertyOp2
 70
1
102
RTVSPropertyOp3
 70
1
102
RTVSPropertyOp4
 70
1
102
RTVSPropertyOp5
 70
1
102
RTVSPropertyOp6
 70
1
102
RTVSPropertyOp7
 70
1
102
RTVSPropertyOp8
 70
1
102
RTVSPropertyOp9
 70
1
102
RTVSPropertyOp10
 70
1
102
RTVSPropertyOp11
 70
1
102
RTVSPropertyOp12
 70
1
102
RTVSPropertyOp13
 70
1
102
RTVSPropertyOp14
 70
1
102
RTVSPropertyOp15
 70
1
102
RTVSPropertyOp16
 70
1
102
RTVSPropertyOp17
 70
1
102
RTVSPropertyOp18
 70
1
102
RTVSPropertyOp19
 70
1
102
RTVSPropertyOp20
 70
1
102
RTVSPropertyOp21
 70
1
102
RTVSPropertyOp22
 70
1
102
RTVSPropertyOp23
 70
1
102
RTVSPropertyOp24
 70
1
102
RTVSPropertyOp25
 70
1
102
RTVSPropertyOp26
 70
1
102
RTVSPropertyOp27
 70
1
102
RTVSPropertyOp28
 70
1
102
RTVSPropertyOp29
 70
1
102
RTVSPropertyOp30
 70
1
102
RTVSPropertyOp31
 70
1
102
RTVSPropertyOp32
 70
1
102
RTVSPropertyOp33
 70
1
102
RTVSPropertyOp34
 70
1
102
RTVSPropertyOp35
 70
1
102
RTVSPropertyOp36
 70
1
102
RTVSPropertyOp37
 70
1
102
RTVSPropertyOp38
 70
1
102
RTVSPropertyOp39
 70
1
102
RTVSPropertyOp40
 70
1
102
RTVSPropertyOp41
 70
1
102
RTVSPropertyOp42
 70
1
102
RTVSPropertyOp43
 70
1
102
RTVSPropertyOp44
 70
1
102
RTVSPropertyOp45
 70
1
102
RTVSPropertyOp46
 70
1
102
RTVSPropertyOp47
 70
1
102
RTVSPropertyOp48
 70
1
102
RTVSPropertyOp49
 70
1
102
RTVSPropertyOp50
 70
1
102
RTVSPropertyOp51
 70
0
102
RTVSPropertyOp52
 70
0
102
RTVSPropertyOp53
 70
1
102
RTVSPropertyOp54
 70
1
102
RTVSPropertyOp55
 70
1
102
RTVSPropertyOp56
 70
1
102
RTVSPropertyOp57
 70
1
102
RTVSPropertyOp58
 70
1
102
RTVSPropertyOp59
 70
1
102
RTVSPropertyOp60
 70
1
102
RTVSPropertyOp61
 70
1
102
RTVSPropertyOp62
 70
1
  0
XRECORD
  5
126B
102
{ACAD_REACTORS
330
126A
102
}
330
126A
100
AcDbXrecord
280
1
102
RTVSPost2010Prop28
280
0
102
RTVSPost2010PropOp28
 70
1
102
RTVSPost2010Prop29
280
1
102
RTVSPost2010PropOp29
 70
1
102
RTVSPost2010Prop30
280
1
102
RTVSPost2010PropOp30
 70
1
102
RTVSPost2010Prop31
280
0
102
RTVSPost2010PropOp31
 70
1
102
RTVSPost2010Prop32
280
0
102
RTVSPost2010PropOp32
 70
1
102
RTVSPost2010Prop33
280
0
102
RTVSPost2010PropOp33
 70
1
102
RTVSPost2010Prop34
280
0
102
RTVSPost2010PropOp34
 70
1
102
RTVSPost2010Prop35
280
0
102
RTVSPost2010PropOp35
 70
1
102
RTVSPost2010Prop36
280
0
102
RTVSPost2010PropOp36
 70
1
102
RTVSPost2010Prop37
 90
50
102
RTVSPost2010PropOp37
 70
1
102
RTVSPost2010Prop38
140
0.0
102
RTVSPost2010PropOp38
 70
1
102
RTVSPost2010Prop39
140
1.0
102
RTVSPost2010PropOp39
 70
1
102
RTVSPost2010Prop40
 90
0
102
RTVSPost2010PropOp40
 70
1
102
RTVSPost2010Prop41ColorIndex
 90
18
102
RTVSPost2010Prop41ColorRGB
 90
0
102
RTVSPost2010PropOp41
 70
1
102
RTVSPost2010Prop42
 90
50
102
RTVSPost2010PropOp42
 70
1
102
RTVSPost2010Prop43
 90
3
102
RTVSPost2010PropOp43
 70
1
102
RTVSPost2010Prop44ColorIndex
 90
5
102
RTVSPost2010Prop44ColorRGB
 90
255
102
RTVSPost2010PropOp44
 70
1
102
RTVSPost2010Prop45
280
0
102
RTVSPost2010PropOp45
 70
1
102
RTVSPost2010Prop46
 90
50
102
RTVSPost2010PropOp46
 70
1
102
RTVSPost2010Prop47
 90
50
102
RTVSPost2010PropOp47
 70
1
102
RTVSPost2010Prop48
 90
50
102
RTVSPost2010PropOp48
 70
1
102
RTVSPost2010Prop49
280
0
102
RTVSPost2010PropOp49
 70
1
102
RTVSPost2010Prop50
 90
50
102
RTVSPost2010PropOp50
 70
1
102
RTVSPost2010Prop51ColorIndex
 90
256
102
RTVSPost2010Prop51ColorRGB
 90
-16777216
102
RTVSPost2010PropOp51
 70
0
102
RTVSPost2010Prop52
140
1.0
102
RTVSPost2010PropOp52
 70
0
102
RTVSPost2010Prop53
 90
2
102
RTVSPost2010PropOp53
 70
1
102
RTVSPost2010Prop54
  1
strokes_ogs.tif
102
RTVSPost2010PropOp54
 70
1
102
RTVSPost2010Prop55
280
0
102
RTVSPost2010PropOp55
 70
1
102
RTVSPost2010Prop56
140
1.0
102
RTVSPost2010PropOp56
 70
1
102
RTVSPost2010Prop57
140
1.0
102
RTVSPost2010PropOp57
 70
1
102
RTVSPropertyOp0
 70
0
102
RTVSPropertyOp1
 70
0
102
RTVSPropertyOp2
 70
0
102
RTVSPropertyOp3
 70
0
102
RTVSPropertyOp4
 70
0
102
RTVSPropertyOp5
 70
0
102
RTVSPropertyOp6
 70
0
102
RTVSPropertyOp7
 70
0
102
RTVSPropertyOp8
 70
0
102
RTVSPropertyOp9
 70
0
102
RTVSPropertyOp10
 70
0
102
RTVSPropertyOp11
 70
0
102
RTVSPropertyOp12
 70
0
102
RTVSPropertyOp13
 70
0
102
RTVSPropertyOp14
 70
2
102
RTVSPropertyOp15
 70
0
102
RTVSPropertyOp16
 70
0
102
RTVSPropertyOp17
 70
0
102
RTVSPropertyOp18
 70
0
102
RTVSPropertyOp19
 70
0
102
RTVSPropertyOp20
 70
0
102
RTVSPropertyOp21
 70
0
102
RTVSPropertyOp22
 70
0
102
RTVSPropertyOp23
 70
0
102
RTVSPropertyOp24
 70
0
102
RTVSPropertyOp25
 70
0
102
RTVSPropertyOp26
 70
0
102
RTVSPropertyOp27
 70
0
102
RTVSPropertyOp28
 70
1
102
RTVSPropertyOp29
 70
1
102
RTVSPropertyOp30
 70
1
102
RTVSPropertyOp31
 70
1
102
RTVSPropertyOp32
 70
1
102
RTVSPropertyOp33
 70
1
102
RTVSPropertyOp34
 70
1
102
RTVSPropertyOp35
 70
1
102
RTVSPropertyOp36
 70
1
102
RTVSPropertyOp37
 70
1
102
RTVSPropertyOp38
 70
1
102
RTVSPropertyOp39
 70
1
102
RTVSPropertyOp40
 70
1
102
RTVSPropertyOp41
 70
1
102
RTVSPropertyOp42
 70
1
102
RTVSPropertyOp43
 70
1
102
RTVSPropertyOp44
 70
1
102
RTVSPropertyOp45
 70
1
102
RTVSPropertyOp46
 70
1
102
RTVSPropertyOp47
 70
1
102
RTVSPropertyOp48
 70
1
102
RTVSPropertyOp49
 70
1
102
RTVSPropertyOp50
 70
1
102
RTVSPropertyOp51
 70
0
102
RTVSPropertyOp52
 70
0
102
RTVSPropertyOp53
 70
1
102
RTVSPropertyOp54
 70
1
102
RTVSPropertyOp55
 70
1
102
RTVSPropertyOp56
 70
1
102
RTVSPropertyOp57
 70
1
102
RTVSPropertyOp58
 70
1
102
RTVSPropertyOp59
 70
1
102
RTVSPropertyOp60
 70
1
102
RTVSPropertyOp61
 70
1
102
RTVSPropertyOp62
 70
1
  0
XRECORD
  5
1263
102
{ACAD_REACTORS
330
1262
102
}
330
1262
100
AcDbXrecord
280
1
102
RTVSPost2010Prop28
280
0
102
RTVSPost2010PropOp28
 70
1
102
RTVSPost2010Prop29
280
1
102
RTVSPost2010PropOp29
 70
1
102
RTVSPost2010Prop30
280
1
102
RTVSPost2010PropOp30
 70
1
102
RTVSPost2010Prop31
280
0
102
RTVSPost2010PropOp31
 70
1
102
RTVSPost2010Prop32
280
0
102
RTVSPost2010PropOp32
 70
1
102
RTVSPost2010Prop33
280
0
102
RTVSPost2010PropOp33
 70
1
102
RTVSPost2010Prop34
280
0
102
RTVSPost2010PropOp34
 70
1
102
RTVSPost2010Prop35
280
0
102
RTVSPost2010PropOp35
 70
1
102
RTVSPost2010Prop36
280
0
102
RTVSPost2010PropOp36
 70
1
102
RTVSPost2010Prop37
 90
50
102
RTVSPost2010PropOp37
 70
1
102
RTVSPost2010Prop38
140
0.0
102
RTVSPost2010PropOp38
 70
1
102
RTVSPost2010Prop39
140
1.0
102
RTVSPost2010PropOp39
 70
1
102
RTVSPost2010Prop40
 90
0
102
RTVSPost2010PropOp40
 70
1
102
RTVSPost2010Prop41ColorIndex
 90
18
102
RTVSPost2010Prop41ColorRGB
 90
0
102
RTVSPost2010PropOp41
 70
1
102
RTVSPost2010Prop42
 90
50
102
RTVSPost2010PropOp42
 70
1
102
RTVSPost2010Prop43
 90
3
102
RTVSPost2010PropOp43
 70
1
102
RTVSPost2010Prop44ColorIndex
 90
5
102
RTVSPost2010Prop44ColorRGB
 90
255
102
RTVSPost2010PropOp44
 70
1
102
RTVSPost2010Prop45
280
0
102
RTVSPost2010PropOp45
 70
1
102
RTVSPost2010Prop46
 90
50
102
RTVSPost2010PropOp46
 70
1
102
RTVSPost2010Prop47
 90
50
102
RTVSPost2010PropOp47
 70
1
102
RTVSPost2010Prop48
 90
50
102
RTVSPost2010PropOp48
 70
1
102
RTVSPost2010Prop49
280
0
102
RTVSPost2010PropOp49
 70
1
102
RTVSPost2010Prop50
 90
50
102
RTVSPost2010PropOp50
 70
1
102
RTVSPost2010Prop51ColorIndex
 90
256
102
RTVSPost2010Prop51ColorRGB
 90
-16777216
102
RTVSPost2010PropOp51
 70
0
102
RTVSPost2010Prop52
140
1.0
102
RTVSPost2010PropOp52
 70
0
102
RTVSPost2010Prop53
 90
2
102
RTVSPost2010PropOp53
 70
1
102
RTVSPost2010Prop54
  1
strokes_ogs.tif
102
RTVSPost2010PropOp54
 70
1
102
RTVSPost2010Prop55
280
0
102
RTVSPost2010PropOp55
 70
1
102
RTVSPost2010Prop56
140
1.0
102
RTVSPost2010PropOp56
 70
1
102
RTVSPost2010Prop57
140
1.0
102
RTVSPost2010PropOp57
 70
1
102
RTVSPropertyOp0
 70
1
102
RTVSPropertyOp1
 70
1
102
RTVSPropertyOp2
 70
1
102
RTVSPropertyOp3
 70
1
102
RTVSPropertyOp4
 70
1
102
RTVSPropertyOp5
 70
1
102
RTVSPropertyOp6
 70
1
102
RTVSPropertyOp7
 70
1
102
RTVSPropertyOp8
 70
1
102
RTVSPropertyOp9
 70
1
102
RTVSPropertyOp10
 70
1
102
RTVSPropertyOp11
 70
1
102
RTVSPropertyOp12
 70
1
102
RTVSPropertyOp13
 70
1
102
RTVSPropertyOp14
 70
1
102
RTVSPropertyOp15
 70
1
102
RTVSPropertyOp16
 70
1
102
RTVSPropertyOp17
 70
1
102
RTVSPropertyOp18
 70
1
102
RTVSPropertyOp19
 70
1
102
RTVSPropertyOp20
 70
1
102
RTVSPropertyOp21
 70
1
102
RTVSPropertyOp22
 70
1
102
RTVSPropertyOp23
 70
1
102
RTVSPropertyOp24
 70
1
102
RTVSPropertyOp25
 70
1
102
RTVSPropertyOp26
 70
1
102
RTVSPropertyOp27
 70
1
102
RTVSPropertyOp28
 70
1
102
RTVSPropertyOp29
 70
1
102
RTVSPropertyOp30
 70
1
102
RTVSPropertyOp31
 70
1
102
RTVSPropertyOp32
 70
1
102
RTVSPropertyOp33
 70
1
102
RTVSPropertyOp34
 70
1
102
RTVSPropertyOp35
 70
1
102
RTVSPropertyOp36
 70
1
102
RTVSPropertyOp37
 70
1
102
RTVSPropertyOp38
 70
1
102
RTVSPropertyOp39
 70
1
102
RTVSPropertyOp40
 70
1
102
RTVSPropertyOp41
 70
1
102
RTVSPropertyOp42
 70
1
102
RTVSPropertyOp43
 70
1
102
RTVSPropertyOp44
 70
1
102
RTVSPropertyOp45
 70
1
102
RTVSPropertyOp46
 70
1
102
RTVSPropertyOp47
 70
1
102
RTVSPropertyOp48
 70
1
102
RTVSPropertyOp49
 70
1
102
RTVSPropertyOp50
 70
1
102
RTVSPropertyOp51
 70
0
102
RTVSPropertyOp52
 70
0
102
RTVSPropertyOp53
 70
1
102
RTVSPropertyOp54
 70
1
102
RTVSPropertyOp55
 70
1
102
RTVSPropertyOp56
 70
1
102
RTVSPropertyOp57
 70
1
102
RTVSPropertyOp58
 70
1
102
RTVSPropertyOp59
 70
1
102
RTVSPropertyOp60
 70
1
102
RTVSPropertyOp61
 70
1
102
RTVSPropertyOp62
 70
1
  0
XRECORD
  5
1247
102
{ACAD_REACTORS
330
1246
102
}
330
1246
100
AcDbXrecord
280
1
102
RTVSPost2010Prop28
280
0
102
RTVSPost2010PropOp28
 70
1
102
RTVSPost2010Prop29
280
1
102
RTVSPost2010PropOp29
 70
1
102
RTVSPost2010Prop30
280
1
102
RTVSPost2010PropOp30
 70
1
102
RTVSPost2010Prop31
280
0
102
RTVSPost2010PropOp31
 70
1
102
RTVSPost2010Prop32
280
0
102
RTVSPost2010PropOp32
 70
1
102
RTVSPost2010Prop33
280
0
102
RTVSPost2010PropOp33
 70
1
102
RTVSPost2010Prop34
280
0
102
RTVSPost2010PropOp34
 70
1
102
RTVSPost2010Prop35
280
0
102
RTVSPost2010PropOp35
 70
1
102
RTVSPost2010Prop36
280
0
102
RTVSPost2010PropOp36
 70
1
102
RTVSPost2010Prop37
 90
50
102
RTVSPost2010PropOp37
 70
1
102
RTVSPost2010Prop38
140
0.0
102
RTVSPost2010PropOp38
 70
1
102
RTVSPost2010Prop39
140
1.0
102
RTVSPost2010PropOp39
 70
1
102
RTVSPost2010Prop40
 90
0
102
RTVSPost2010PropOp40
 70
1
102
RTVSPost2010Prop41ColorIndex
 90
18
102
RTVSPost2010Prop41ColorRGB
 90
0
102
RTVSPost2010PropOp41
 70
1
102
RTVSPost2010Prop42
 90
50
102
RTVSPost2010PropOp42
 70
1
102
RTVSPost2010Prop43
 90
3
102
RTVSPost2010PropOp43
 70
1
102
RTVSPost2010Prop44ColorIndex
 90
5
102
RTVSPost2010Prop44ColorRGB
 90
255
102
RTVSPost2010PropOp44
 70
1
102
RTVSPost2010Prop45
280
0
102
RTVSPost2010PropOp45
 70
1
102
RTVSPost2010Prop46
 90
50
102
RTVSPost2010PropOp46
 70
1
102
RTVSPost2010Prop47
 90
50
102
RTVSPost2010PropOp47
 70
1
102
RTVSPost2010Prop48
 90
50
102
RTVSPost2010PropOp48
 70
1
102
RTVSPost2010Prop49
280
0
102
RTVSPost2010PropOp49
 70
1
102
RTVSPost2010Prop50
 90
50
102
RTVSPost2010PropOp50
 70
1
102
RTVSPost2010Prop51ColorIndex
 90
256
102
RTVSPost2010Prop51ColorRGB
 90
-16777216
102
RTVSPost2010PropOp51
 70
0
102
RTVSPost2010Prop52
140
1.0
102
RTVSPost2010PropOp52
 70
0
102
RTVSPost2010Prop53
 90
2
102
RTVSPost2010PropOp53
 70
1
102
RTVSPost2010Prop54
  1
strokes_ogs.tif
102
RTVSPost2010PropOp54
 70
1
102
RTVSPost2010Prop55
280
0
102
RTVSPost2010PropOp55
 70
1
102
RTVSPost2010Prop56
140
1.0
102
RTVSPost2010PropOp56
 70
1
102
RTVSPost2010Prop57
140
1.0
102
RTVSPost2010PropOp57
 70
1
102
RTVSPropertyOp0
 70
1
102
RTVSPropertyOp1
 70
1
102
RTVSPropertyOp2
 70
1
102
RTVSPropertyOp3
 70
1
102
RTVSPropertyOp4
 70
1
102
RTVSPropertyOp5
 70
1
102
RTVSPropertyOp6
 70
1
102
RTVSPropertyOp7
 70
1
102
RTVSPropertyOp8
 70
1
102
RTVSPropertyOp9
 70
1
102
RTVSPropertyOp10
 70
1
102
RTVSPropertyOp11
 70
1
102
RTVSPropertyOp12
 70
1
102
RTVSPropertyOp13
 70
1
102
RTVSPropertyOp14
 70
1
102
RTVSPropertyOp15
 70
1
102
RTVSPropertyOp16
 70
1
102
RTVSPropertyOp17
 70
1
102
RTVSPropertyOp18
 70
1
102
RTVSPropertyOp19
 70
1
102
RTVSPropertyOp20
 70
1
102
RTVSPropertyOp21
 70
1
102
RTVSPropertyOp22
 70
1
102
RTVSPropertyOp23
 70
1
102
RTVSPropertyOp24
 70
1
102
RTVSPropertyOp25
 70
1
102
RTVSPropertyOp26
 70
1
102
RTVSPropertyOp27
 70
1
102
RTVSPropertyOp28
 70
1
102
RTVSPropertyOp29
 70
1
102
RTVSPropertyOp30
 70
1
102
RTVSPropertyOp31
 70
1
102
RTVSPropertyOp32
 70
1
102
RTVSPropertyOp33
 70
1
102
RTVSPropertyOp34
 70
1
102
RTVSPropertyOp35
 70
1
102
RTVSPropertyOp36
 70
1
102
RTVSPropertyOp37
 70
1
102
RTVSPropertyOp38
 70
1
102
RTVSPropertyOp39
 70
1
102
RTVSPropertyOp40
 70
1
102
RTVSPropertyOp41
 70
1
102
RTVSPropertyOp42
 70
1
102
RTVSPropertyOp43
 70
1
102
RTVSPropertyOp44
 70
1
102
RTVSPropertyOp45
 70
1
102
RTVSPropertyOp46
 70
1
102
RTVSPropertyOp47
 70
1
102
RTVSPropertyOp48
 70
1
102
RTVSPropertyOp49
 70
1
102
RTVSPropertyOp50
 70
1
102
RTVSPropertyOp51
 70
0
102
RTVSPropertyOp52
 70
0
102
RTVSPropertyOp53
 70
1
102
RTVSPropertyOp54
 70
1
102
RTVSPropertyOp55
 70
1
102
RTVSPropertyOp56
 70
1
102
RTVSPropertyOp57
 70
1
102
RTVSPropertyOp58
 70
1
102
RTVSPropertyOp59
 70
1
102
RTVSPropertyOp60
 70
1
102
RTVSPropertyOp61
 70
1
102
RTVSPropertyOp62
 70
1
  0
XRECORD
  5
1249
102
{ACAD_REACTORS
330
1248
102
}
330
1248
100
AcDbXrecord
280
1
102
RTVSPost2010Prop28
280
0
102
RTVSPost2010PropOp28
 70
1
102
RTVSPost2010Prop29
280
1
102
RTVSPost2010PropOp29
 70
1
102
RTVSPost2010Prop30
280
1
102
RTVSPost2010PropOp30
 70
1
102
RTVSPost2010Prop31
280
0
102
RTVSPost2010PropOp31
 70
1
102
RTVSPost2010Prop32
280
0
102
RTVSPost2010PropOp32
 70
1
102
RTVSPost2010Prop33
280
0
102
RTVSPost2010PropOp33
 70
1
102
RTVSPost2010Prop34
280
0
102
RTVSPost2010PropOp34
 70
1
102
RTVSPost2010Prop35
280
0
102
RTVSPost2010PropOp35
 70
1
102
RTVSPost2010Prop36
280
0
102
RTVSPost2010PropOp36
 70
1
102
RTVSPost2010Prop37
 90
50
102
RTVSPost2010PropOp37
 70
1
102
RTVSPost2010Prop38
140
0.0
102
RTVSPost2010PropOp38
 70
1
102
RTVSPost2010Prop39
140
1.0
102
RTVSPost2010PropOp39
 70
1
102
RTVSPost2010Prop40
 90
0
102
RTVSPost2010PropOp40
 70
1
102
RTVSPost2010Prop41ColorIndex
 90
18
102
RTVSPost2010Prop41ColorRGB
 90
0
102
RTVSPost2010PropOp41
 70
1
102
RTVSPost2010Prop42
 90
50
102
RTVSPost2010PropOp42
 70
1
102
RTVSPost2010Prop43
 90
3
102
RTVSPost2010PropOp43
 70
1
102
RTVSPost2010Prop44ColorIndex
 90
5
102
RTVSPost2010Prop44ColorRGB
 90
255
102
RTVSPost2010PropOp44
 70
1
102
RTVSPost2010Prop45
280
0
102
RTVSPost2010PropOp45
 70
1
102
RTVSPost2010Prop46
 90
50
102
RTVSPost2010PropOp46
 70
1
102
RTVSPost2010Prop47
 90
50
102
RTVSPost2010PropOp47
 70
1
102
RTVSPost2010Prop48
 90
50
102
RTVSPost2010PropOp48
 70
1
102
RTVSPost2010Prop49
280
0
102
RTVSPost2010PropOp49
 70
1
102
RTVSPost2010Prop50
 90
50
102
RTVSPost2010PropOp50
 70
1
102
RTVSPost2010Prop51ColorIndex
 90
256
102
RTVSPost2010Prop51ColorRGB
 90
-16777216
102
RTVSPost2010PropOp51
 70
0
102
RTVSPost2010Prop52
140
1.0
102
RTVSPost2010PropOp52
 70
0
102
RTVSPost2010Prop53
 90
2
102
RTVSPost2010PropOp53
 70
1
102
RTVSPost2010Prop54
  1
strokes_ogs.tif
102
RTVSPost2010PropOp54
 70
1
102
RTVSPost2010Prop55
280
0
102
RTVSPost2010PropOp55
 70
1
102
RTVSPost2010Prop56
140
1.0
102
RTVSPost2010PropOp56
 70
1
102
RTVSPost2010Prop57
140
1.0
102
RTVSPost2010PropOp57
 70
1
102
RTVSPropertyOp0
 70
1
102
RTVSPropertyOp1
 70
1
102
RTVSPropertyOp2
 70
1
102
RTVSPropertyOp3
 70
1
102
RTVSPropertyOp4
 70
1
102
RTVSPropertyOp5
 70
1
102
RTVSPropertyOp6
 70
1
102
RTVSPropertyOp7
 70
1
102
RTVSPropertyOp8
 70
1
102
RTVSPropertyOp9
 70
1
102
RTVSPropertyOp10
 70
1
102
RTVSPropertyOp11
 70
1
102
RTVSPropertyOp12
 70
1
102
RTVSPropertyOp13
 70
1
102
RTVSPropertyOp14
 70
1
102
RTVSPropertyOp15
 70
1
102
RTVSPropertyOp16
 70
1
102
RTVSPropertyOp17
 70
1
102
RTVSPropertyOp18
 70
1
102
RTVSPropertyOp19
 70
1
102
RTVSPropertyOp20
 70
1
102
RTVSPropertyOp21
 70
1
102
RTVSPropertyOp22
 70
1
102
RTVSPropertyOp23
 70
1
102
RTVSPropertyOp24
 70
1
102
RTVSPropertyOp25
 70
1
102
RTVSPropertyOp26
 70
1
102
RTVSPropertyOp27
 70
1
102
RTVSPropertyOp28
 70
1
102
RTVSPropertyOp29
 70
1
102
RTVSPropertyOp30
 70
1
102
RTVSPropertyOp31
 70
1
102
RTVSPropertyOp32
 70
1
102
RTVSPropertyOp33
 70
1
102
RTVSPropertyOp34
 70
1
102
RTVSPropertyOp35
 70
1
102
RTVSPropertyOp36
 70
1
102
RTVSPropertyOp37
 70
1
102
RTVSPropertyOp38
 70
1
102
RTVSPropertyOp39
 70
1
102
RTVSPropertyOp40
 70
1
102
RTVSPropertyOp41
 70
1
102
RTVSPropertyOp42
 70
1
102
RTVSPropertyOp43
 70
1
102
RTVSPropertyOp44
 70
1
102
RTVSPropertyOp45
 70
1
102
RTVSPropertyOp46
 70
1
102
RTVSPropertyOp47
 70
1
102
RTVSPropertyOp48
 70
1
102
RTVSPropertyOp49
 70
1
102
RTVSPropertyOp50
 70
1
102
RTVSPropertyOp51
 70
0
102
RTVSPropertyOp52
 70
0
102
RTVSPropertyOp53
 70
1
102
RTVSPropertyOp54
 70
1
102
RTVSPropertyOp55
 70
1
102
RTVSPropertyOp56
 70
1
102
RTVSPropertyOp57
 70
1
102
RTVSPropertyOp58
 70
1
102
RTVSPropertyOp59
 70
1
102
RTVSPropertyOp60
 70
1
102
RTVSPropertyOp61
 70
1
102
RTVSPropertyOp62
 70
1
  0
XRECORD
  5
124B
102
{ACAD_REACTORS
330
124A
102
}
330
124A
100
AcDbXrecord
280
1
102
RTVSPost2010Prop28
280
0
102
RTVSPost2010PropOp28
 70
1
102
RTVSPost2010Prop29
280
1
102
RTVSPost2010PropOp29
 70
1
102
RTVSPost2010Prop30
280
1
102
RTVSPost2010PropOp30
 70
1
102
RTVSPost2010Prop31
280
0
102
RTVSPost2010PropOp31
 70
1
102
RTVSPost2010Prop32
280
0
102
RTVSPost2010PropOp32
 70
1
102
RTVSPost2010Prop33
280
0
102
RTVSPost2010PropOp33
 70
1
102
RTVSPost2010Prop34
280
0
102
RTVSPost2010PropOp34
 70
1
102
RTVSPost2010Prop35
280
0
102
RTVSPost2010PropOp35
 70
1
102
RTVSPost2010Prop36
280
0
102
RTVSPost2010PropOp36
 70
1
102
RTVSPost2010Prop37
 90
50
102
RTVSPost2010PropOp37
 70
1
102
RTVSPost2010Prop38
140
0.0
102
RTVSPost2010PropOp38
 70
1
102
RTVSPost2010Prop39
140
1.0
102
RTVSPost2010PropOp39
 70
1
102
RTVSPost2010Prop40
 90
0
102
RTVSPost2010PropOp40
 70
1
102
RTVSPost2010Prop41ColorIndex
 90
18
102
RTVSPost2010Prop41ColorRGB
 90
0
102
RTVSPost2010PropOp41
 70
1
102
RTVSPost2010Prop42
 90
50
102
RTVSPost2010PropOp42
 70
1
102
RTVSPost2010Prop43
 90
3
102
RTVSPost2010PropOp43
 70
1
102
RTVSPost2010Prop44ColorIndex
 90
5
102
RTVSPost2010Prop44ColorRGB
 90
255
102
RTVSPost2010PropOp44
 70
1
102
RTVSPost2010Prop45
280
0
102
RTVSPost2010PropOp45
 70
1
102
RTVSPost2010Prop46
 90
50
102
RTVSPost2010PropOp46
 70
1
102
RTVSPost2010Prop47
 90
50
102
RTVSPost2010PropOp47
 70
1
102
RTVSPost2010Prop48
 90
50
102
RTVSPost2010PropOp48
 70
1
102
RTVSPost2010Prop49
280
0
102
RTVSPost2010PropOp49
 70
1
102
RTVSPost2010Prop50
 90
50
102
RTVSPost2010PropOp50
 70
1
102
RTVSPost2010Prop51ColorIndex
 90
256
102
RTVSPost2010Prop51ColorRGB
 90
-16777216
102
RTVSPost2010PropOp51
 70
0
102
RTVSPost2010Prop52
140
1.0
102
RTVSPost2010PropOp52
 70
0
102
RTVSPost2010Prop53
 90
2
102
RTVSPost2010PropOp53
 70
1
102
RTVSPost2010Prop54
  1
strokes_ogs.tif
102
RTVSPost2010PropOp54
 70
1
102
RTVSPost2010Prop55
280
0
102
RTVSPost2010PropOp55
 70
1
102
RTVSPost2010Prop56
140
1.0
102
RTVSPost2010PropOp56
 70
1
102
RTVSPost2010Prop57
140
1.0
102
RTVSPost2010PropOp57
 70
1
102
RTVSPropertyOp0
 70
1
102
RTVSPropertyOp1
 70
1
102
RTVSPropertyOp2
 70
1
102
RTVSPropertyOp3
 70
1
102
RTVSPropertyOp4
 70
1
102
RTVSPropertyOp5
 70
1
102
RTVSPropertyOp6
 70
1
102
RTVSPropertyOp7
 70
1
102
RTVSPropertyOp8
 70
1
102
RTVSPropertyOp9
 70
1
102
RTVSPropertyOp10
 70
1
102
RTVSPropertyOp11
 70
1
102
RTVSPropertyOp12
 70
1
102
RTVSPropertyOp13
 70
1
102
RTVSPropertyOp14
 70
1
102
RTVSPropertyOp15
 70
1
102
RTVSPropertyOp16
 70
1
102
RTVSPropertyOp17
 70
1
102
RTVSPropertyOp18
 70
1
102
RTVSPropertyOp19
 70
1
102
RTVSPropertyOp20
 70
1
102
RTVSPropertyOp21
 70
1
102
RTVSPropertyOp22
 70
1
102
RTVSPropertyOp23
 70
1
102
RTVSPropertyOp24
 70
1
102
RTVSPropertyOp25
 70
1
102
RTVSPropertyOp26
 70
1
102
RTVSPropertyOp27
 70
1
102
RTVSPropertyOp28
 70
1
102
RTVSPropertyOp29
 70
1
102
RTVSPropertyOp30
 70
1
102
RTVSPropertyOp31
 70
1
102
RTVSPropertyOp32
 70
1
102
RTVSPropertyOp33
 70
1
102
RTVSPropertyOp34
 70
1
102
RTVSPropertyOp35
 70
1
102
RTVSPropertyOp36
 70
1
102
RTVSPropertyOp37
 70
1
102
RTVSPropertyOp38
 70
1
102
RTVSPropertyOp39
 70
1
102
RTVSPropertyOp40
 70
1
102
RTVSPropertyOp41
 70
1
102
RTVSPropertyOp42
 70
1
102
RTVSPropertyOp43
 70
1
102
RTVSPropertyOp44
 70
1
102
RTVSPropertyOp45
 70
1
102
RTVSPropertyOp46
 70
1
102
RTVSPropertyOp47
 70
1
102
RTVSPropertyOp48
 70
1
102
RTVSPropertyOp49
 70
1
102
RTVSPropertyOp50
 70
1
102
RTVSPropertyOp51
 70
0
102
RTVSPropertyOp52
 70
0
102
RTVSPropertyOp53
 70
1
102
RTVSPropertyOp54
 70
1
102
RTVSPropertyOp55
 70
1
102
RTVSPropertyOp56
 70
1
102
RTVSPropertyOp57
 70
1
102
RTVSPropertyOp58
 70
1
102
RTVSPropertyOp59
 70
1
102
RTVSPropertyOp60
 70
1
102
RTVSPropertyOp61
 70
1
102
RTVSPropertyOp62
 70
1
  0
XRECORD
  5
124D
102
{ACAD_REACTORS
330
124C
102
}
330
124C
100
AcDbXrecord
280
1
102
RTVSPost2010Prop28
280
0
102
RTVSPost2010PropOp28
 70
1
102
RTVSPost2010Prop29
280
1
102
RTVSPost2010PropOp29
 70
1
102
RTVSPost2010Prop30
280
1
102
RTVSPost2010PropOp30
 70
1
102
RTVSPost2010Prop31
280
0
102
RTVSPost2010PropOp31
 70
1
102
RTVSPost2010Prop32
280
0
102
RTVSPost2010PropOp32
 70
1
102
RTVSPost2010Prop33
280
0
102
RTVSPost2010PropOp33
 70
1
102
RTVSPost2010Prop34
280
0
102
RTVSPost2010PropOp34
 70
1
102
RTVSPost2010Prop35
280
0
102
RTVSPost2010PropOp35
 70
1
102
RTVSPost2010Prop36
280
0
102
RTVSPost2010PropOp36
 70
1
102
RTVSPost2010Prop37
 90
50
102
RTVSPost2010PropOp37
 70
1
102
RTVSPost2010Prop38
140
0.0
102
RTVSPost2010PropOp38
 70
1
102
RTVSPost2010Prop39
140
1.0
102
RTVSPost2010PropOp39
 70
1
102
RTVSPost2010Prop40
 90
0
102
RTVSPost2010PropOp40
 70
1
102
RTVSPost2010Prop41ColorIndex
 90
18
102
RTVSPost2010Prop41ColorRGB
 90
0
102
RTVSPost2010PropOp41
 70
1
102
RTVSPost2010Prop42
 90
50
102
RTVSPost2010PropOp42
 70
1
102
RTVSPost2010Prop43
 90
3
102
RTVSPost2010PropOp43
 70
1
102
RTVSPost2010Prop44ColorIndex
 90
5
102
RTVSPost2010Prop44ColorRGB
 90
255
102
RTVSPost2010PropOp44
 70
1
102
RTVSPost2010Prop45
280
0
102
RTVSPost2010PropOp45
 70
1
102
RTVSPost2010Prop46
 90
50
102
RTVSPost2010PropOp46
 70
1
102
RTVSPost2010Prop47
 90
50
102
RTVSPost2010PropOp47
 70
1
102
RTVSPost2010Prop48
 90
50
102
RTVSPost2010PropOp48
 70
1
102
RTVSPost2010Prop49
280
0
102
RTVSPost2010PropOp49
 70
1
102
RTVSPost2010Prop50
 90
50
102
RTVSPost2010PropOp50
 70
1
102
RTVSPost2010Prop51ColorIndex
 90
256
102
RTVSPost2010Prop51ColorRGB
 90
-16777216
102
RTVSPost2010PropOp51
 70
0
102
RTVSPost2010Prop52
140
1.0
102
RTVSPost2010PropOp52
 70
0
102
RTVSPost2010Prop53
 90
2
102
RTVSPost2010PropOp53
 70
1
102
RTVSPost2010Prop54
  1
strokes_ogs.tif
102
RTVSPost2010PropOp54
 70
1
102
RTVSPost2010Prop55
280
0
102
RTVSPost2010PropOp55
 70
1
102
RTVSPost2010Prop56
140
1.0
102
RTVSPost2010PropOp56
 70
1
102
RTVSPost2010Prop57
140
1.0
102
RTVSPost2010PropOp57
 70
1
102
RTVSPropertyOp0
 70
1
102
RTVSPropertyOp1
 70
1
102
RTVSPropertyOp2
 70
1
102
RTVSPropertyOp3
 70
1
102
RTVSPropertyOp4
 70
1
102
RTVSPropertyOp5
 70
1
102
RTVSPropertyOp6
 70
1
102
RTVSPropertyOp7
 70
1
102
RTVSPropertyOp8
 70
1
102
RTVSPropertyOp9
 70
1
102
RTVSPropertyOp10
 70
1
102
RTVSPropertyOp11
 70
1
102
RTVSPropertyOp12
 70
1
102
RTVSPropertyOp13
 70
1
102
RTVSPropertyOp14
 70
1
102
RTVSPropertyOp15
 70
1
102
RTVSPropertyOp16
 70
1
102
RTVSPropertyOp17
 70
1
102
RTVSPropertyOp18
 70
1
102
RTVSPropertyOp19
 70
1
102
RTVSPropertyOp20
 70
1
102
RTVSPropertyOp21
 70
1
102
RTVSPropertyOp22
 70
1
102
RTVSPropertyOp23
 70
1
102
RTVSPropertyOp24
 70
1
102
RTVSPropertyOp25
 70
1
102
RTVSPropertyOp26
 70
1
102
RTVSPropertyOp27
 70
1
102
RTVSPropertyOp28
 70
1
102
RTVSPropertyOp29
 70
1
102
RTVSPropertyOp30
 70
1
102
RTVSPropertyOp31
 70
1
102
RTVSPropertyOp32
 70
1
102
RTVSPropertyOp33
 70
1
102
RTVSPropertyOp34
 70
1
102
RTVSPropertyOp35
 70
1
102
RTVSPropertyOp36
 70
1
102
RTVSPropertyOp37
 70
1
102
RTVSPropertyOp38
 70
1
102
RTVSPropertyOp39
 70
1
102
RTVSPropertyOp40
 70
1
102
RTVSPropertyOp41
 70
1
102
RTVSPropertyOp42
 70
1
102
RTVSPropertyOp43
 70
1
102
RTVSPropertyOp44
 70
1
102
RTVSPropertyOp45
 70
1
102
RTVSPropertyOp46
 70
1
102
RTVSPropertyOp47
 70
1
102
RTVSPropertyOp48
 70
1
102
RTVSPropertyOp49
 70
1
102
RTVSPropertyOp50
 70
1
102
RTVSPropertyOp51
 70
0
102
RTVSPropertyOp52
 70
0
102
RTVSPropertyOp53
 70
1
102
RTVSPropertyOp54
 70
1
102
RTVSPropertyOp55
 70
1
102
RTVSPropertyOp56
 70
1
102
RTVSPropertyOp57
 70
1
102
RTVSPropertyOp58
 70
1
102
RTVSPropertyOp59
 70
1
102
RTVSPropertyOp60
 70
1
102
RTVSPropertyOp61
 70
1
102
RTVSPropertyOp62
 70
1
  0
XRECORD
  5
1255
102
{ACAD_REACTORS
330
1254
102
}
330
1254
100
AcDbXrecord
280
1
102
RTVSPost2010Prop28
280
0
102
RTVSPost2010PropOp28
 70
1
102
RTVSPost2010Prop29
280
1
102
RTVSPost2010PropOp29
 70
1
102
RTVSPost2010Prop30
280
1
102
RTVSPost2010PropOp30
 70
1
102
RTVSPost2010Prop31
280
0
102
RTVSPost2010PropOp31
 70
1
102
RTVSPost2010Prop32
280
0
102
RTVSPost2010PropOp32
 70
1
102
RTVSPost2010Prop33
280
0
102
RTVSPost2010PropOp33
 70
1
102
RTVSPost2010Prop34
280
0
102
RTVSPost2010PropOp34
 70
1
102
RTVSPost2010Prop35
280
0
102
RTVSPost2010PropOp35
 70
1
102
RTVSPost2010Prop36
280
0
102
RTVSPost2010PropOp36
 70
1
102
RTVSPost2010Prop37
 90
50
102
RTVSPost2010PropOp37
 70
1
102
RTVSPost2010Prop38
140
0.0
102
RTVSPost2010PropOp38
 70
1
102
RTVSPost2010Prop39
140
1.0
102
RTVSPost2010PropOp39
 70
1
102
RTVSPost2010Prop40
 90
0
102
RTVSPost2010PropOp40
 70
1
102
RTVSPost2010Prop41ColorIndex
 90
18
102
RTVSPost2010Prop41ColorRGB
 90
0
102
RTVSPost2010PropOp41
 70
1
102
RTVSPost2010Prop42
 90
50
102
RTVSPost2010PropOp42
 70
1
102
RTVSPost2010Prop43
 90
3
102
RTVSPost2010PropOp43
 70
1
102
RTVSPost2010Prop44ColorIndex
 90
5
102
RTVSPost2010Prop44ColorRGB
 90
255
102
RTVSPost2010PropOp44
 70
1
102
RTVSPost2010Prop45
280
0
102
RTVSPost2010PropOp45
 70
1
102
RTVSPost2010Prop46
 90
50
102
RTVSPost2010PropOp46
 70
1
102
RTVSPost2010Prop47
 90
50
102
RTVSPost2010PropOp47
 70
1
102
RTVSPost2010Prop48
 90
50
102
RTVSPost2010PropOp48
 70
1
102
RTVSPost2010Prop49
280
0
102
RTVSPost2010PropOp49
 70
1
102
RTVSPost2010Prop50
 90
50
102
RTVSPost2010PropOp50
 70
1
102
RTVSPost2010Prop51ColorIndex
 90
256
102
RTVSPost2010Prop51ColorRGB
 90
-16777216
102
RTVSPost2010PropOp51
 70
0
102
RTVSPost2010Prop52
140
1.0
102
RTVSPost2010PropOp52
 70
0
102
RTVSPost2010Prop53
 90
2
102
RTVSPost2010PropOp53
 70
1
102
RTVSPost2010Prop54
  1
strokes_ogs.tif
102
RTVSPost2010PropOp54
 70
1
102
RTVSPost2010Prop55
280
0
102
RTVSPost2010PropOp55
 70
1
102
RTVSPost2010Prop56
140
1.0
102
RTVSPost2010PropOp56
 70
1
102
RTVSPost2010Prop57
140
1.0
102
RTVSPost2010PropOp57
 70
1
102
RTVSPropertyOp0
 70
1
102
RTVSPropertyOp1
 70
1
102
RTVSPropertyOp2
 70
1
102
RTVSPropertyOp3
 70
1
102
RTVSPropertyOp4
 70
1
102
RTVSPropertyOp5
 70
1
102
RTVSPropertyOp6
 70
1
102
RTVSPropertyOp7
 70
1
102
RTVSPropertyOp8
 70
1
102
RTVSPropertyOp9
 70
1
102
RTVSPropertyOp10
 70
1
102
RTVSPropertyOp11
 70
1
102
RTVSPropertyOp12
 70
1
102
RTVSPropertyOp13
 70
1
102
RTVSPropertyOp14
 70
1
102
RTVSPropertyOp15
 70
1
102
RTVSPropertyOp16
 70
1
102
RTVSPropertyOp17
 70
1
102
RTVSPropertyOp18
 70
1
102
RTVSPropertyOp19
 70
1
102
RTVSPropertyOp20
 70
1
102
RTVSPropertyOp21
 70
1
102
RTVSPropertyOp22
 70
1
102
RTVSPropertyOp23
 70
1
102
RTVSPropertyOp24
 70
1
102
RTVSPropertyOp25
 70
1
102
RTVSPropertyOp26
 70
1
102
RTVSPropertyOp27
 70
1
102
RTVSPropertyOp28
 70
1
102
RTVSPropertyOp29
 70
1
102
RTVSPropertyOp30
 70
1
102
RTVSPropertyOp31
 70
1
102
RTVSPropertyOp32
 70
1
102
RTVSPropertyOp33
 70
1
102
RTVSPropertyOp34
 70
1
102
RTVSPropertyOp35
 70
1
102
RTVSPropertyOp36
 70
1
102
RTVSPropertyOp37
 70
1
102
RTVSPropertyOp38
 70
1
102
RTVSPropertyOp39
 70
1
102
RTVSPropertyOp40
 70
1
102
RTVSPropertyOp41
 70
1
102
RTVSPropertyOp42
 70
1
102
RTVSPropertyOp43
 70
1
102
RTVSPropertyOp44
 70
1
102
RTVSPropertyOp45
 70
1
102
RTVSPropertyOp46
 70
1
102
RTVSPropertyOp47
 70
1
102
RTVSPropertyOp48
 70
1
102
RTVSPropertyOp49
 70
1
102
RTVSPropertyOp50
 70
1
102
RTVSPropertyOp51
 70
0
102
RTVSPropertyOp52
 70
0
102
RTVSPropertyOp53
 70
1
102
RTVSPropertyOp54
 70
1
102
RTVSPropertyOp55
 70
1
102
RTVSPropertyOp56
 70
1
102
RTVSPropertyOp57
 70
1
102
RTVSPropertyOp58
 70
1
102
RTVSPropertyOp59
 70
1
102
RTVSPropertyOp60
 70
1
102
RTVSPropertyOp61
 70
1
102
RTVSPropertyOp62
 70
1
  0
XRECORD
  5
1267
102
{ACAD_REACTORS
330
1266
102
}
330
1266
100
AcDbXrecord
280
1
102
RTVSPost2010Prop28
280
0
102
RTVSPost2010PropOp28
 70
1
102
RTVSPost2010Prop29
280
1
102
RTVSPost2010PropOp29
 70
1
102
RTVSPost2010Prop30
280
1
102
RTVSPost2010PropOp30
 70
1
102
RTVSPost2010Prop31
280
0
102
RTVSPost2010PropOp31
 70
1
102
RTVSPost2010Prop32
280
0
102
RTVSPost2010PropOp32
 70
1
102
RTVSPost2010Prop33
280
0
102
RTVSPost2010PropOp33
 70
1
102
RTVSPost2010Prop34
280
0
102
RTVSPost2010PropOp34
 70
1
102
RTVSPost2010Prop35
280
0
102
RTVSPost2010PropOp35
 70
1
102
RTVSPost2010Prop36
280
0
102
RTVSPost2010PropOp36
 70
1
102
RTVSPost2010Prop37
 90
50
102
RTVSPost2010PropOp37
 70
1
102
RTVSPost2010Prop38
140
0.0
102
RTVSPost2010PropOp38
 70
1
102
RTVSPost2010Prop39
140
1.0
102
RTVSPost2010PropOp39
 70
1
102
RTVSPost2010Prop40
 90
0
102
RTVSPost2010PropOp40
 70
1
102
RTVSPost2010Prop41ColorIndex
 90
18
102
RTVSPost2010Prop41ColorRGB
 90
0
102
RTVSPost2010PropOp41
 70
1
102
RTVSPost2010Prop42
 90
50
102
RTVSPost2010PropOp42
 70
1
102
RTVSPost2010Prop43
 90
3
102
RTVSPost2010PropOp43
 70
1
102
RTVSPost2010Prop44ColorIndex
 90
5
102
RTVSPost2010Prop44ColorRGB
 90
255
102
RTVSPost2010PropOp44
 70
1
102
RTVSPost2010Prop45
280
0
102
RTVSPost2010PropOp45
 70
1
102
RTVSPost2010Prop46
 90
50
102
RTVSPost2010PropOp46
 70
1
102
RTVSPost2010Prop47
 90
50
102
RTVSPost2010PropOp47
 70
1
102
RTVSPost2010Prop48
 90
50
102
RTVSPost2010PropOp48
 70
1
102
RTVSPost2010Prop49
280
0
102
RTVSPost2010PropOp49
 70
1
102
RTVSPost2010Prop50
 90
50
102
RTVSPost2010PropOp50
 70
1
102
RTVSPost2010Prop51ColorIndex
 90
256
102
RTVSPost2010Prop51ColorRGB
 90
-16777216
102
RTVSPost2010PropOp51
 70
0
102
RTVSPost2010Prop52
140
1.0
102
RTVSPost2010PropOp52
 70
0
102
RTVSPost2010Prop53
 90
2
102
RTVSPost2010PropOp53
 70
1
102
RTVSPost2010Prop54
  1
strokes_ogs.tif
102
RTVSPost2010PropOp54
 70
1
102
RTVSPost2010Prop55
280
0
102
RTVSPost2010PropOp55
 70
1
102
RTVSPost2010Prop56
140
1.0
102
RTVSPost2010PropOp56
 70
1
102
RTVSPost2010Prop57
140
1.0
102
RTVSPost2010PropOp57
 70
1
102
RTVSPropertyOp0
 70
0
102
RTVSPropertyOp1
 70
0
102
RTVSPropertyOp2
 70
0
102
RTVSPropertyOp3
 70
0
102
RTVSPropertyOp4
 70
0
102
RTVSPropertyOp5
 70
0
102
RTVSPropertyOp6
 70
0
102
RTVSPropertyOp7
 70
0
102
RTVSPropertyOp8
 70
0
102
RTVSPropertyOp9
 70
0
102
RTVSPropertyOp10
 70
0
102
RTVSPropertyOp11
 70
0
102
RTVSPropertyOp12
 70
0
102
RTVSPropertyOp13
 70
0
102
RTVSPropertyOp14
 70
2
102
RTVSPropertyOp15
 70
0
102
RTVSPropertyOp16
 70
0
102
RTVSPropertyOp17
 70
0
102
RTVSPropertyOp18
 70
0
102
RTVSPropertyOp19
 70
0
102
RTVSPropertyOp20
 70
0
102
RTVSPropertyOp21
 70
0
102
RTVSPropertyOp22
 70
0
102
RTVSPropertyOp23
 70
0
102
RTVSPropertyOp24
 70
0
102
RTVSPropertyOp25
 70
0
102
RTVSPropertyOp26
 70
0
102
RTVSPropertyOp27
 70
0
102
RTVSPropertyOp28
 70
1
102
RTVSPropertyOp29
 70
1
102
RTVSPropertyOp30
 70
1
102
RTVSPropertyOp31
 70
1
102
RTVSPropertyOp32
 70
1
102
RTVSPropertyOp33
 70
1
102
RTVSPropertyOp34
 70
1
102
RTVSPropertyOp35
 70
1
102
RTVSPropertyOp36
 70
1
102
RTVSPropertyOp37
 70
1
102
RTVSPropertyOp38
 70
1
102
RTVSPropertyOp39
 70
1
102
RTVSPropertyOp40
 70
1
102
RTVSPropertyOp41
 70
1
102
RTVSPropertyOp42
 70
1
102
RTVSPropertyOp43
 70
1
102
RTVSPropertyOp44
 70
1
102
RTVSPropertyOp45
 70
1
102
RTVSPropertyOp46
 70
1
102
RTVSPropertyOp47
 70
1
102
RTVSPropertyOp48
 70
1
102
RTVSPropertyOp49
 70
1
102
RTVSPropertyOp50
 70
1
102
RTVSPropertyOp51
 70
0
102
RTVSPropertyOp52
 70
0
102
RTVSPropertyOp53
 70
1
102
RTVSPropertyOp54
 70
1
102
RTVSPropertyOp55
 70
1
102
RTVSPropertyOp56
 70
1
102
RTVSPropertyOp57
 70
1
102
RTVSPropertyOp58
 70
1
102
RTVSPropertyOp59
 70
1
102
RTVSPropertyOp60
 70
1
102
RTVSPropertyOp61
 70
1
102
RTVSPropertyOp62
 70
1
  0
XRECORD
  5
1261
102
{ACAD_REACTORS
330
1260
102
}
330
1260
100
AcDbXrecord
280
1
102
RTVSPost2010Prop28
280
0
102
RTVSPost2010PropOp28
 70
1
102
RTVSPost2010Prop29
280
1
102
RTVSPost2010PropOp29
 70
1
102
RTVSPost2010Prop30
280
1
102
RTVSPost2010PropOp30
 70
1
102
RTVSPost2010Prop31
280
0
102
RTVSPost2010PropOp31
 70
1
102
RTVSPost2010Prop32
280
0
102
RTVSPost2010PropOp32
 70
1
102
RTVSPost2010Prop33
280
0
102
RTVSPost2010PropOp33
 70
1
102
RTVSPost2010Prop34
280
0
102
RTVSPost2010PropOp34
 70
1
102
RTVSPost2010Prop35
280
0
102
RTVSPost2010PropOp35
 70
1
102
RTVSPost2010Prop36
280
0
102
RTVSPost2010PropOp36
 70
1
102
RTVSPost2010Prop37
 90
50
102
RTVSPost2010PropOp37
 70
1
102
RTVSPost2010Prop38
140
0.0
102
RTVSPost2010PropOp38
 70
1
102
RTVSPost2010Prop39
140
1.0
102
RTVSPost2010PropOp39
 70
1
102
RTVSPost2010Prop40
 90
0
102
RTVSPost2010PropOp40
 70
1
102
RTVSPost2010Prop41ColorIndex
 90
18
102
RTVSPost2010Prop41ColorRGB
 90
0
102
RTVSPost2010PropOp41
 70
1
102
RTVSPost2010Prop42
 90
50
102
RTVSPost2010PropOp42
 70
1
102
RTVSPost2010Prop43
 90
3
102
RTVSPost2010PropOp43
 70
1
102
RTVSPost2010Prop44ColorIndex
 90
5
102
RTVSPost2010Prop44ColorRGB
 90
255
102
RTVSPost2010PropOp44
 70
1
102
RTVSPost2010Prop45
280
0
102
RTVSPost2010PropOp45
 70
1
102
RTVSPost2010Prop46
 90
50
102
RTVSPost2010PropOp46
 70
1
102
RTVSPost2010Prop47
 90
50
102
RTVSPost2010PropOp47
 70
1
102
RTVSPost2010Prop48
 90
50
102
RTVSPost2010PropOp48
 70
1
102
RTVSPost2010Prop49
280
0
102
RTVSPost2010PropOp49
 70
1
102
RTVSPost2010Prop50
 90
50
102
RTVSPost2010PropOp50
 70
1
102
RTVSPost2010Prop51ColorIndex
 90
256
102
RTVSPost2010Prop51ColorRGB
 90
-16777216
102
RTVSPost2010PropOp51
 70
0
102
RTVSPost2010Prop52
140
1.0
102
RTVSPost2010PropOp52
 70
0
102
RTVSPost2010Prop53
 90
2
102
RTVSPost2010PropOp53
 70
1
102
RTVSPost2010Prop54
  1
strokes_ogs.tif
102
RTVSPost2010PropOp54
 70
1
102
RTVSPost2010Prop55
280
0
102
RTVSPost2010PropOp55
 70
1
102
RTVSPost2010Prop56
140
1.0
102
RTVSPost2010PropOp56
 70
1
102
RTVSPost2010Prop57
140
1.0
102
RTVSPost2010PropOp57
 70
1
102
RTVSPropertyOp0
 70
1
102
RTVSPropertyOp1
 70
1
102
RTVSPropertyOp2
 70
1
102
RTVSPropertyOp3
 70
1
102
RTVSPropertyOp4
 70
1
102
RTVSPropertyOp5
 70
1
102
RTVSPropertyOp6
 70
1
102
RTVSPropertyOp7
 70
1
102
RTVSPropertyOp8
 70
1
102
RTVSPropertyOp9
 70
1
102
RTVSPropertyOp10
 70
1
102
RTVSPropertyOp11
 70
1
102
RTVSPropertyOp12
 70
1
102
RTVSPropertyOp13
 70
1
102
RTVSPropertyOp14
 70
1
102
RTVSPropertyOp15
 70
1
102
RTVSPropertyOp16
 70
1
102
RTVSPropertyOp17
 70
1
102
RTVSPropertyOp18
 70
1
102
RTVSPropertyOp19
 70
1
102
RTVSPropertyOp20
 70
1
102
RTVSPropertyOp21
 70
1
102
RTVSPropertyOp22
 70
1
102
RTVSPropertyOp23
 70
1
102
RTVSPropertyOp24
 70
1
102
RTVSPropertyOp25
 70
1
102
RTVSPropertyOp26
 70
1
102
RTVSPropertyOp27
 70
1
102
RTVSPropertyOp28
 70
1
102
RTVSPropertyOp29
 70
1
102
RTVSPropertyOp30
 70
1
102
RTVSPropertyOp31
 70
1
102
RTVSPropertyOp32
 70
1
102
RTVSPropertyOp33
 70
1
102
RTVSPropertyOp34
 70
1
102
RTVSPropertyOp35
 70
1
102
RTVSPropertyOp36
 70
1
102
RTVSPropertyOp37
 70
1
102
RTVSPropertyOp38
 70
1
102
RTVSPropertyOp39
 70
1
102
RTVSPropertyOp40
 70
1
102
RTVSPropertyOp41
 70
1
102
RTVSPropertyOp42
 70
1
102
RTVSPropertyOp43
 70
1
102
RTVSPropertyOp44
 70
1
102
RTVSPropertyOp45
 70
1
102
RTVSPropertyOp46
 70
1
102
RTVSPropertyOp47
 70
1
102
RTVSPropertyOp48
 70
1
102
RTVSPropertyOp49
 70
1
102
RTVSPropertyOp50
 70
1
102
RTVSPropertyOp51
 70
0
102
RTVSPropertyOp52
 70
0
102
RTVSPropertyOp53
 70
1
102
RTVSPropertyOp54
 70
1
102
RTVSPropertyOp55
 70
1
102
RTVSPropertyOp56
 70
1
102
RTVSPropertyOp57
 70
1
102
RTVSPropertyOp58
 70
1
102
RTVSPropertyOp59
 70
1
102
RTVSPropertyOp60
 70
1
102
RTVSPropertyOp61
 70
1
102
RTVSPropertyOp62
 70
1
  0
XRECORD
  5
1269
102
{ACAD_REACTORS
330
1268
102
}
330
1268
100
AcDbXrecord
280
1
102
RTVSPost2010Prop28
280
0
102
RTVSPost2010PropOp28
 70
1
102
RTVSPost2010Prop29
280
1
102
RTVSPost2010PropOp29
 70
1
102
RTVSPost2010Prop30
280
1
102
RTVSPost2010PropOp30
 70
1
102
RTVSPost2010Prop31
280
0
102
RTVSPost2010PropOp31
 70
1
102
RTVSPost2010Prop32
280
0
102
RTVSPost2010PropOp32
 70
1
102
RTVSPost2010Prop33
280
0
102
RTVSPost2010PropOp33
 70
1
102
RTVSPost2010Prop34
280
0
102
RTVSPost2010PropOp34
 70
1
102
RTVSPost2010Prop35
280
0
102
RTVSPost2010PropOp35
 70
1
102
RTVSPost2010Prop36
280
0
102
RTVSPost2010PropOp36
 70
1
102
RTVSPost2010Prop37
 90
50
102
RTVSPost2010PropOp37
 70
1
102
RTVSPost2010Prop38
140
0.0
102
RTVSPost2010PropOp38
 70
1
102
RTVSPost2010Prop39
140
1.0
102
RTVSPost2010PropOp39
 70
1
102
RTVSPost2010Prop40
 90
0
102
RTVSPost2010PropOp40
 70
1
102
RTVSPost2010Prop41ColorIndex
 90
18
102
RTVSPost2010Prop41ColorRGB
 90
0
102
RTVSPost2010PropOp41
 70
1
102
RTVSPost2010Prop42
 90
50
102
RTVSPost2010PropOp42
 70
1
102
RTVSPost2010Prop43
 90
3
102
RTVSPost2010PropOp43
 70
1
102
RTVSPost2010Prop44ColorIndex
 90
5
102
RTVSPost2010Prop44ColorRGB
 90
255
102
RTVSPost2010PropOp44
 70
1
102
RTVSPost2010Prop45
280
0
102
RTVSPost2010PropOp45
 70
1
102
RTVSPost2010Prop46
 90
50
102
RTVSPost2010PropOp46
 70
1
102
RTVSPost2010Prop47
 90
50
102
RTVSPost2010PropOp47
 70
1
102
RTVSPost2010Prop48
 90
50
102
RTVSPost2010PropOp48
 70
1
102
RTVSPost2010Prop49
280
0
102
RTVSPost2010PropOp49
 70
1
102
RTVSPost2010Prop50
 90
50
102
RTVSPost2010PropOp50
 70
1
102
RTVSPost2010Prop51ColorIndex
 90
256
102
RTVSPost2010Prop51ColorRGB
 90
-16777216
102
RTVSPost2010PropOp51
 70
0
102
RTVSPost2010Prop52
140
1.0
102
RTVSPost2010PropOp52
 70
0
102
RTVSPost2010Prop53
 90
2
102
RTVSPost2010PropOp53
 70
1
102
RTVSPost2010Prop54
  1
strokes_ogs.tif
102
RTVSPost2010PropOp54
 70
1
102
RTVSPost2010Prop55
280
0
102
RTVSPost2010PropOp55
 70
1
102
RTVSPost2010Prop56
140
1.0
102
RTVSPost2010PropOp56
 70
1
102
RTVSPost2010Prop57
140
1.0
102
RTVSPost2010PropOp57
 70
1
102
RTVSPropertyOp0
 70
0
102
RTVSPropertyOp1
 70
0
102
RTVSPropertyOp2
 70
0
102
RTVSPropertyOp3
 70
0
102
RTVSPropertyOp4
 70
0
102
RTVSPropertyOp5
 70
0
102
RTVSPropertyOp6
 70
0
102
RTVSPropertyOp7
 70
0
102
RTVSPropertyOp8
 70
0
102
RTVSPropertyOp9
 70
0
102
RTVSPropertyOp10
 70
0
102
RTVSPropertyOp11
 70
0
102
RTVSPropertyOp12
 70
0
102
RTVSPropertyOp13
 70
0
102
RTVSPropertyOp14
 70
2
102
RTVSPropertyOp15
 70
0
102
RTVSPropertyOp16
 70
0
102
RTVSPropertyOp17
 70
0
102
RTVSPropertyOp18
 70
0
102
RTVSPropertyOp19
 70
0
102
RTVSPropertyOp20
 70
0
102
RTVSPropertyOp21
 70
0
102
RTVSPropertyOp22
 70
0
102
RTVSPropertyOp23
 70
0
102
RTVSPropertyOp24
 70
0
102
RTVSPropertyOp25
 70
0
102
RTVSPropertyOp26
 70
0
102
RTVSPropertyOp27
 70
0
102
RTVSPropertyOp28
 70
1
102
RTVSPropertyOp29
 70
1
102
RTVSPropertyOp30
 70
1
102
RTVSPropertyOp31
 70
1
102
RTVSPropertyOp32
 70
1
102
RTVSPropertyOp33
 70
1
102
RTVSPropertyOp34
 70
1
102
RTVSPropertyOp35
 70
1
102
RTVSPropertyOp36
 70
1
102
RTVSPropertyOp37
 70
1
102
RTVSPropertyOp38
 70
1
102
RTVSPropertyOp39
 70
1
102
RTVSPropertyOp40
 70
1
102
RTVSPropertyOp41
 70
1
102
RTVSPropertyOp42
 70
1
102
RTVSPropertyOp43
 70
1
102
RTVSPropertyOp44
 70
1
102
RTVSPropertyOp45
 70
1
102
RTVSPropertyOp46
 70
1
102
RTVSPropertyOp47
 70
1
102
RTVSPropertyOp48
 70
1
102
RTVSPropertyOp49
 70
1
102
RTVSPropertyOp50
 70
1
102
RTVSPropertyOp51
 70
0
102
RTVSPropertyOp52
 70
0
102
RTVSPropertyOp53
 70
1
102
RTVSPropertyOp54
 70
1
102
RTVSPropertyOp55
 70
1
102
RTVSPropertyOp56
 70
1
102
RTVSPropertyOp57
 70
1
102
RTVSPropertyOp58
 70
1
102
RTVSPropertyOp59
 70
1
102
RTVSPropertyOp60
 70
1
102
RTVSPropertyOp61
 70
1
102
RTVSPropertyOp62
 70
1
  0
XRECORD
  5
1259
102
{ACAD_REACTORS
330
1258
102
}
330
1258
100
AcDbXrecord
280
1
102
RTVSPost2010Prop28
280
0
102
RTVSPost2010PropOp28
 70
1
102
RTVSPost2010Prop29
280
1
102
RTVSPost2010PropOp29
 70
1
102
RTVSPost2010Prop30
280
1
102
RTVSPost2010PropOp30
 70
1
102
RTVSPost2010Prop31
280
0
102
RTVSPost2010PropOp31
 70
1
102
RTVSPost2010Prop32
280
0
102
RTVSPost2010PropOp32
 70
1
102
RTVSPost2010Prop33
280
0
102
RTVSPost2010PropOp33
 70
1
102
RTVSPost2010Prop34
280
0
102
RTVSPost2010PropOp34
 70
1
102
RTVSPost2010Prop35
280
0
102
RTVSPost2010PropOp35
 70
1
102
RTVSPost2010Prop36
280
0
102
RTVSPost2010PropOp36
 70
1
102
RTVSPost2010Prop37
 90
50
102
RTVSPost2010PropOp37
 70
1
102
RTVSPost2010Prop38
140
0.0
102
RTVSPost2010PropOp38
 70
1
102
RTVSPost2010Prop39
140
1.0
102
RTVSPost2010PropOp39
 70
1
102
RTVSPost2010Prop40
 90
0
102
RTVSPost2010PropOp40
 70
1
102
RTVSPost2010Prop41ColorIndex
 90
18
102
RTVSPost2010Prop41ColorRGB
 90
0
102
RTVSPost2010PropOp41
 70
1
102
RTVSPost2010Prop42
 90
50
102
RTVSPost2010PropOp42
 70
1
102
RTVSPost2010Prop43
 90
3
102
RTVSPost2010PropOp43
 70
1
102
RTVSPost2010Prop44ColorIndex
 90
5
102
RTVSPost2010Prop44ColorRGB
 90
255
102
RTVSPost2010PropOp44
 70
1
102
RTVSPost2010Prop45
280
0
102
RTVSPost2010PropOp45
 70
1
102
RTVSPost2010Prop46
 90
50
102
RTVSPost2010PropOp46
 70
1
102
RTVSPost2010Prop47
 90
50
102
RTVSPost2010PropOp47
 70
1
102
RTVSPost2010Prop48
 90
50
102
RTVSPost2010PropOp48
 70
1
102
RTVSPost2010Prop49
280
0
102
RTVSPost2010PropOp49
 70
1
102
RTVSPost2010Prop50
 90
50
102
RTVSPost2010PropOp50
 70
1
102
RTVSPost2010Prop51ColorIndex
 90
256
102
RTVSPost2010Prop51ColorRGB
 90
-16777216
102
RTVSPost2010PropOp51
 70
0
102
RTVSPost2010Prop52
140
1.0
102
RTVSPost2010PropOp52
 70
0
102
RTVSPost2010Prop53
 90
2
102
RTVSPost2010PropOp53
 70
1
102
RTVSPost2010Prop54
  1
strokes_ogs.tif
102
RTVSPost2010PropOp54
 70
1
102
RTVSPost2010Prop55
280
0
102
RTVSPost2010PropOp55
 70
1
102
RTVSPost2010Prop56
140
1.0
102
RTVSPost2010PropOp56
 70
1
102
RTVSPost2010Prop57
140
1.0
102
RTVSPost2010PropOp57
 70
1
102
RTVSPropertyOp0
 70
1
102
RTVSPropertyOp1
 70
1
102
RTVSPropertyOp2
 70
1
102
RTVSPropertyOp3
 70
1
102
RTVSPropertyOp4
 70
1
102
RTVSPropertyOp5
 70
1
102
RTVSPropertyOp6
 70
1
102
RTVSPropertyOp7
 70
1
102
RTVSPropertyOp8
 70
1
102
RTVSPropertyOp9
 70
1
102
RTVSPropertyOp10
 70
1
102
RTVSPropertyOp11
 70
1
102
RTVSPropertyOp12
 70
1
102
RTVSPropertyOp13
 70
1
102
RTVSPropertyOp14
 70
1
102
RTVSPropertyOp15
 70
1
102
RTVSPropertyOp16
 70
1
102
RTVSPropertyOp17
 70
1
102
RTVSPropertyOp18
 70
1
102
RTVSPropertyOp19
 70
1
102
RTVSPropertyOp20
 70
1
102
RTVSPropertyOp21
 70
1
102
RTVSPropertyOp22
 70
1
102
RTVSPropertyOp23
 70
1
102
RTVSPropertyOp24
 70
1
102
RTVSPropertyOp25
 70
1
102
RTVSPropertyOp26
 70
1
102
RTVSPropertyOp27
 70
1
102
RTVSPropertyOp28
 70
1
102
RTVSPropertyOp29
 70
1
102
RTVSPropertyOp30
 70
1
102
RTVSPropertyOp31
 70
1
102
RTVSPropertyOp32
 70
1
102
RTVSPropertyOp33
 70
1
102
RTVSPropertyOp34
 70
1
102
RTVSPropertyOp35
 70
1
102
RTVSPropertyOp36
 70
1
102
RTVSPropertyOp37
 70
1
102
RTVSPropertyOp38
 70
1
102
RTVSPropertyOp39
 70
1
102
RTVSPropertyOp40
 70
1
102
RTVSPropertyOp41
 70
1
102
RTVSPropertyOp42
 70
1
102
RTVSPropertyOp43
 70
1
102
RTVSPropertyOp44
 70
1
102
RTVSPropertyOp45
 70
1
102
RTVSPropertyOp46
 70
1
102
RTVSPropertyOp47
 70
1
102
RTVSPropertyOp48
 70
1
102
RTVSPropertyOp49
 70
1
102
RTVSPropertyOp50
 70
1
102
RTVSPropertyOp51
 70
0
102
RTVSPropertyOp52
 70
0
102
RTVSPropertyOp53
 70
1
102
RTVSPropertyOp54
 70
1
102
RTVSPropertyOp55
 70
1
102
RTVSPropertyOp56
 70
1
102
RTVSPropertyOp57
 70
1
102
RTVSPropertyOp58
 70
1
102
RTVSPropertyOp59
 70
1
102
RTVSPropertyOp60
 70
1
102
RTVSPropertyOp61
 70
1
102
RTVSPropertyOp62
 70
1
  0
XRECORD
  5
1275
102
{ACAD_REACTORS
330
1274
102
}
330
1274
100
AcDbXrecord
280
1
102
RTVSPost2010Prop28
280
0
102
RTVSPost2010PropOp28
 70
1
102
RTVSPost2010Prop29
280
1
102
RTVSPost2010PropOp29
 70
1
102
RTVSPost2010Prop30
280
1
102
RTVSPost2010PropOp30
 70
1
102
RTVSPost2010Prop31
280
0
102
RTVSPost2010PropOp31
 70
1
102
RTVSPost2010Prop32
280
0
102
RTVSPost2010PropOp32
 70
1
102
RTVSPost2010Prop33
280
0
102
RTVSPost2010PropOp33
 70
1
102
RTVSPost2010Prop34
280
0
102
RTVSPost2010PropOp34
 70
1
102
RTVSPost2010Prop35
280
0
102
RTVSPost2010PropOp35
 70
1
102
RTVSPost2010Prop36
280
0
102
RTVSPost2010PropOp36
 70
1
102
RTVSPost2010Prop37
 90
50
102
RTVSPost2010PropOp37
 70
1
102
RTVSPost2010Prop38
140
0.0
102
RTVSPost2010PropOp38
 70
1
102
RTVSPost2010Prop39
140
1.0
102
RTVSPost2010PropOp39
 70
1
102
RTVSPost2010Prop40
 90
0
102
RTVSPost2010PropOp40
 70
1
102
RTVSPost2010Prop41ColorIndex
 90
18
102
RTVSPost2010Prop41ColorRGB
 90
0
102
RTVSPost2010PropOp41
 70
1
102
RTVSPost2010Prop42
 90
50
102
RTVSPost2010PropOp42
 70
1
102
RTVSPost2010Prop43
 90
3
102
RTVSPost2010PropOp43
 70
1
102
RTVSPost2010Prop44ColorIndex
 90
5
102
RTVSPost2010Prop44ColorRGB
 90
255
102
RTVSPost2010PropOp44
 70
1
102
RTVSPost2010Prop45
280
0
102
RTVSPost2010PropOp45
 70
1
102
RTVSPost2010Prop46
 90
50
102
RTVSPost2010PropOp46
 70
1
102
RTVSPost2010Prop47
 90
50
102
RTVSPost2010PropOp47
 70
1
102
RTVSPost2010Prop48
 90
50
102
RTVSPost2010PropOp48
 70
1
102
RTVSPost2010Prop49
280
0
102
RTVSPost2010PropOp49
 70
1
102
RTVSPost2010Prop50
 90
50
102
RTVSPost2010PropOp50
 70
1
102
RTVSPost2010Prop51ColorIndex
 90
256
102
RTVSPost2010Prop51ColorRGB
 90
-16777216
102
RTVSPost2010PropOp51
 70
0
102
RTVSPost2010Prop52
140
1.0
102
RTVSPost2010PropOp52
 70
0
102
RTVSPost2010Prop53
 90
2
102
RTVSPost2010PropOp53
 70
1
102
RTVSPost2010Prop54
  1
strokes_ogs.tif
102
RTVSPost2010PropOp54
 70
1
102
RTVSPost2010Prop55
280
0
102
RTVSPost2010PropOp55
 70
1
102
RTVSPost2010Prop56
140
1.0
102
RTVSPost2010PropOp56
 70
1
102
RTVSPost2010Prop57
140
1.0
102
RTVSPost2010PropOp57
 70
1
102
RTVSPropertyOp0
 70
1
102
RTVSPropertyOp1
 70
1
102
RTVSPropertyOp2
 70
1
102
RTVSPropertyOp3
 70
1
102
RTVSPropertyOp4
 70
1
102
RTVSPropertyOp5
 70
1
102
RTVSPropertyOp6
 70
1
102
RTVSPropertyOp7
 70
1
102
RTVSPropertyOp8
 70
1
102
RTVSPropertyOp9
 70
1
102
RTVSPropertyOp10
 70
1
102
RTVSPropertyOp11
 70
1
102
RTVSPropertyOp12
 70
1
102
RTVSPropertyOp13
 70
1
102
RTVSPropertyOp14
 70
1
102
RTVSPropertyOp15
 70
1
102
RTVSPropertyOp16
 70
1
102
RTVSPropertyOp17
 70
1
102
RTVSPropertyOp18
 70
1
102
RTVSPropertyOp19
 70
1
102
RTVSPropertyOp20
 70
1
102
RTVSPropertyOp21
 70
1
102
RTVSPropertyOp22
 70
1
102
RTVSPropertyOp23
 70
1
102
RTVSPropertyOp24
 70
1
102
RTVSPropertyOp25
 70
1
102
RTVSPropertyOp26
 70
1
102
RTVSPropertyOp27
 70
1
102
RTVSPropertyOp28
 70
1
102
RTVSPropertyOp29
 70
1
102
RTVSPropertyOp30
 70
1
102
RTVSPropertyOp31
 70
1
102
RTVSPropertyOp32
 70
1
102
RTVSPropertyOp33
 70
1
102
RTVSPropertyOp34
 70
1
102
RTVSPropertyOp35
 70
1
102
RTVSPropertyOp36
 70
1
102
RTVSPropertyOp37
 70
1
102
RTVSPropertyOp38
 70
1
102
RTVSPropertyOp39
 70
1
102
RTVSPropertyOp40
 70
1
102
RTVSPropertyOp41
 70
1
102
RTVSPropertyOp42
 70
1
102
RTVSPropertyOp43
 70
1
102
RTVSPropertyOp44
 70
1
102
RTVSPropertyOp45
 70
1
102
RTVSPropertyOp46
 70
1
102
RTVSPropertyOp47
 70
1
102
RTVSPropertyOp48
 70
1
102
RTVSPropertyOp49
 70
1
102
RTVSPropertyOp50
 70
1
102
RTVSPropertyOp51
 70
0
102
RTVSPropertyOp52
 70
0
102
RTVSPropertyOp53
 70
1
102
RTVSPropertyOp54
 70
1
102
RTVSPropertyOp55
 70
1
102
RTVSPropertyOp56
 70
1
102
RTVSPropertyOp57
 70
1
102
RTVSPropertyOp58
 70
1
102
RTVSPropertyOp59
 70
1
102
RTVSPropertyOp60
 70
1
102
RTVSPropertyOp61
 70
1
102
RTVSPropertyOp62
 70
1
  0
XRECORD
  5
1273
102
{ACAD_REACTORS
330
1272
102
}
330
1272
100
AcDbXrecord
280
1
102
RTVSPost2010Prop28
280
0
102
RTVSPost2010PropOp28
 70
1
102
RTVSPost2010Prop29
280
1
102
RTVSPost2010PropOp29
 70
1
102
RTVSPost2010Prop30
280
1
102
RTVSPost2010PropOp30
 70
1
102
RTVSPost2010Prop31
280
0
102
RTVSPost2010PropOp31
 70
1
102
RTVSPost2010Prop32
280
0
102
RTVSPost2010PropOp32
 70
1
102
RTVSPost2010Prop33
280
0
102
RTVSPost2010PropOp33
 70
1
102
RTVSPost2010Prop34
280
0
102
RTVSPost2010PropOp34
 70
1
102
RTVSPost2010Prop35
280
0
102
RTVSPost2010PropOp35
 70
1
102
RTVSPost2010Prop36
280
0
102
RTVSPost2010PropOp36
 70
1
102
RTVSPost2010Prop37
 90
50
102
RTVSPost2010PropOp37
 70
1
102
RTVSPost2010Prop38
140
0.0
102
RTVSPost2010PropOp38
 70
1
102
RTVSPost2010Prop39
140
1.0
102
RTVSPost2010PropOp39
 70
1
102
RTVSPost2010Prop40
 90
0
102
RTVSPost2010PropOp40
 70
1
102
RTVSPost2010Prop41ColorIndex
 90
18
102
RTVSPost2010Prop41ColorRGB
 90
0
102
RTVSPost2010PropOp41
 70
1
102
RTVSPost2010Prop42
 90
50
102
RTVSPost2010PropOp42
 70
1
102
RTVSPost2010Prop43
 90
3
102
RTVSPost2010PropOp43
 70
1
102
RTVSPost2010Prop44ColorIndex
 90
5
102
RTVSPost2010Prop44ColorRGB
 90
255
102
RTVSPost2010PropOp44
 70
1
102
RTVSPost2010Prop45
280
0
102
RTVSPost2010PropOp45
 70
1
102
RTVSPost2010Prop46
 90
50
102
RTVSPost2010PropOp46
 70
1
102
RTVSPost2010Prop47
 90
50
102
RTVSPost2010PropOp47
 70
1
102
RTVSPost2010Prop48
 90
50
102
RTVSPost2010PropOp48
 70
1
102
RTVSPost2010Prop49
280
0
102
RTVSPost2010PropOp49
 70
1
102
RTVSPost2010Prop50
 90
50
102
RTVSPost2010PropOp50
 70
1
102
RTVSPost2010Prop51ColorIndex
 90
256
102
RTVSPost2010Prop51ColorRGB
 90
-16777216
102
RTVSPost2010PropOp51
 70
0
102
RTVSPost2010Prop52
140
1.0
102
RTVSPost2010PropOp52
 70
0
102
RTVSPost2010Prop53
 90
2
102
RTVSPost2010PropOp53
 70
1
102
RTVSPost2010Prop54
  1
strokes_ogs.tif
102
RTVSPost2010PropOp54
 70
1
102
RTVSPost2010Prop55
280
0
102
RTVSPost2010PropOp55
 70
1
102
RTVSPost2010Prop56
140
1.0
102
RTVSPost2010PropOp56
 70
1
102
RTVSPost2010Prop57
140
1.0
102
RTVSPost2010PropOp57
 70
1
102
RTVSPropertyOp0
 70
1
102
RTVSPropertyOp1
 70
1
102
RTVSPropertyOp2
 70
1
102
RTVSPropertyOp3
 70
1
102
RTVSPropertyOp4
 70
1
102
RTVSPropertyOp5
 70
1
102
RTVSPropertyOp6
 70
1
102
RTVSPropertyOp7
 70
1
102
RTVSPropertyOp8
 70
1
102
RTVSPropertyOp9
 70
1
102
RTVSPropertyOp10
 70
1
102
RTVSPropertyOp11
 70
1
102
RTVSPropertyOp12
 70
1
102
RTVSPropertyOp13
 70
1
102
RTVSPropertyOp14
 70
1
102
RTVSPropertyOp15
 70
1
102
RTVSPropertyOp16
 70
1
102
RTVSPropertyOp17
 70
1
102
RTVSPropertyOp18
 70
1
102
RTVSPropertyOp19
 70
1
102
RTVSPropertyOp20
 70
1
102
RTVSPropertyOp21
 70
1
102
RTVSPropertyOp22
 70
1
102
RTVSPropertyOp23
 70
1
102
RTVSPropertyOp24
 70
1
102
RTVSPropertyOp25
 70
1
102
RTVSPropertyOp26
 70
1
102
RTVSPropertyOp27
 70
1
102
RTVSPropertyOp28
 70
1
102
RTVSPropertyOp29
 70
1
102
RTVSPropertyOp30
 70
1
102
RTVSPropertyOp31
 70
1
102
RTVSPropertyOp32
 70
1
102
RTVSPropertyOp33
 70
1
102
RTVSPropertyOp34
 70
1
102
RTVSPropertyOp35
 70
1
102
RTVSPropertyOp36
 70
1
102
RTVSPropertyOp37
 70
1
102
RTVSPropertyOp38
 70
1
102
RTVSPropertyOp39
 70
1
102
RTVSPropertyOp40
 70
1
102
RTVSPropertyOp41
 70
1
102
RTVSPropertyOp42
 70
1
102
RTVSPropertyOp43
 70
1
102
RTVSPropertyOp44
 70
1
102
RTVSPropertyOp45
 70
1
102
RTVSPropertyOp46
 70
1
102
RTVSPropertyOp47
 70
1
102
RTVSPropertyOp48
 70
1
102
RTVSPropertyOp49
 70
1
102
RTVSPropertyOp50
 70
1
102
RTVSPropertyOp51
 70
0
102
RTVSPropertyOp52
 70
0
102
RTVSPropertyOp53
 70
1
102
RTVSPropertyOp54
 70
1
102
RTVSPropertyOp55
 70
1
102
RTVSPropertyOp56
 70
1
102
RTVSPropertyOp57
 70
1
102
RTVSPropertyOp58
 70
1
102
RTVSPropertyOp59
 70
1
102
RTVSPropertyOp60
 70
1
102
RTVSPropertyOp61
 70
1
102
RTVSPropertyOp62
 70
1
  0
XRECORD
  5
126D
102
{ACAD_REACTORS
330
126C
102
}
330
126C
100
AcDbXrecord
280
1
102
RTVSPost2010Prop28
280
0
102
RTVSPost2010PropOp28
 70
1
102
RTVSPost2010Prop29
280
1
102
RTVSPost2010PropOp29
 70
1
102
RTVSPost2010Prop30
280
1
102
RTVSPost2010PropOp30
 70
1
102
RTVSPost2010Prop31
280
0
102
RTVSPost2010PropOp31
 70
1
102
RTVSPost2010Prop32
280
0
102
RTVSPost2010PropOp32
 70
1
102
RTVSPost2010Prop33
280
0
102
RTVSPost2010PropOp33
 70
1
102
RTVSPost2010Prop34
280
0
102
RTVSPost2010PropOp34
 70
1
102
RTVSPost2010Prop35
280
0
102
RTVSPost2010PropOp35
 70
1
102
RTVSPost2010Prop36
280
0
102
RTVSPost2010PropOp36
 70
1
102
RTVSPost2010Prop37
 90
50
102
RTVSPost2010PropOp37
 70
1
102
RTVSPost2010Prop38
140
0.0
102
RTVSPost2010PropOp38
 70
1
102
RTVSPost2010Prop39
140
1.0
102
RTVSPost2010PropOp39
 70
1
102
RTVSPost2010Prop40
 90
0
102
RTVSPost2010PropOp40
 70
1
102
RTVSPost2010Prop41ColorIndex
 90
18
102
RTVSPost2010Prop41ColorRGB
 90
0
102
RTVSPost2010PropOp41
 70
1
102
RTVSPost2010Prop42
 90
50
102
RTVSPost2010PropOp42
 70
1
102
RTVSPost2010Prop43
 90
3
102
RTVSPost2010PropOp43
 70
1
102
RTVSPost2010Prop44ColorIndex
 90
5
102
RTVSPost2010Prop44ColorRGB
 90
255
102
RTVSPost2010PropOp44
 70
1
102
RTVSPost2010Prop45
280
0
102
RTVSPost2010PropOp45
 70
1
102
RTVSPost2010Prop46
 90
50
102
RTVSPost2010PropOp46
 70
1
102
RTVSPost2010Prop47
 90
50
102
RTVSPost2010PropOp47
 70
1
102
RTVSPost2010Prop48
 90
50
102
RTVSPost2010PropOp48
 70
1
102
RTVSPost2010Prop49
280
0
102
RTVSPost2010PropOp49
 70
1
102
RTVSPost2010Prop50
 90
50
102
RTVSPost2010PropOp50
 70
1
102
RTVSPost2010Prop51ColorIndex
 90
256
102
RTVSPost2010Prop51ColorRGB
 90
-16777216
102
RTVSPost2010PropOp51
 70
0
102
RTVSPost2010Prop52
140
1.0
102
RTVSPost2010PropOp52
 70
0
102
RTVSPost2010Prop53
 90
2
102
RTVSPost2010PropOp53
 70
1
102
RTVSPost2010Prop54
  1
strokes_ogs.tif
102
RTVSPost2010PropOp54
 70
1
102
RTVSPost2010Prop55
280
0
102
RTVSPost2010PropOp55
 70
1
102
RTVSPost2010Prop56
140
1.0
102
RTVSPost2010PropOp56
 70
1
102
RTVSPost2010Prop57
140
1.0
102
RTVSPost2010PropOp57
 70
1
102
RTVSPropertyOp0
 70
1
102
RTVSPropertyOp1
 70
1
102
RTVSPropertyOp2
 70
1
102
RTVSPropertyOp3
 70
1
102
RTVSPropertyOp4
 70
1
102
RTVSPropertyOp5
 70
1
102
RTVSPropertyOp6
 70
1
102
RTVSPropertyOp7
 70
1
102
RTVSPropertyOp8
 70
1
102
RTVSPropertyOp9
 70
1
102
RTVSPropertyOp10
 70
1
102
RTVSPropertyOp11
 70
1
102
RTVSPropertyOp12
 70
1
102
RTVSPropertyOp13
 70
1
102
RTVSPropertyOp14
 70
1
102
RTVSPropertyOp15
 70
1
102
RTVSPropertyOp16
 70
1
102
RTVSPropertyOp17
 70
1
102
RTVSPropertyOp18
 70
1
102
RTVSPropertyOp19
 70
1
102
RTVSPropertyOp20
 70
1
102
RTVSPropertyOp21
 70
1
102
RTVSPropertyOp22
 70
1
102
RTVSPropertyOp23
 70
1
102
RTVSPropertyOp24
 70
1
102
RTVSPropertyOp25
 70
1
102
RTVSPropertyOp26
 70
1
102
RTVSPropertyOp27
 70
1
102
RTVSPropertyOp28
 70
1
102
RTVSPropertyOp29
 70
1
102
RTVSPropertyOp30
 70
1
102
RTVSPropertyOp31
 70
1
102
RTVSPropertyOp32
 70
1
102
RTVSPropertyOp33
 70
1
102
RTVSPropertyOp34
 70
1
102
RTVSPropertyOp35
 70
1
102
RTVSPropertyOp36
 70
1
102
RTVSPropertyOp37
 70
1
102
RTVSPropertyOp38
 70
1
102
RTVSPropertyOp39
 70
1
102
RTVSPropertyOp40
 70
1
102
RTVSPropertyOp41
 70
1
102
RTVSPropertyOp42
 70
1
102
RTVSPropertyOp43
 70
1
102
RTVSPropertyOp44
 70
1
102
RTVSPropertyOp45
 70
1
102
RTVSPropertyOp46
 70
1
102
RTVSPropertyOp47
 70
1
102
RTVSPropertyOp48
 70
1
102
RTVSPropertyOp49
 70
1
102
RTVSPropertyOp50
 70
1
102
RTVSPropertyOp51
 70
0
102
RTVSPropertyOp52
 70
0
102
RTVSPropertyOp53
 70
1
102
RTVSPropertyOp54
 70
1
102
RTVSPropertyOp55
 70
1
102
RTVSPropertyOp56
 70
1
102
RTVSPropertyOp57
 70
1
102
RTVSPropertyOp58
 70
1
102
RTVSPropertyOp59
 70
1
102
RTVSPropertyOp60
 70
1
102
RTVSPropertyOp61
 70
1
102
RTVSPropertyOp62
 70
1
  0
XRECORD
  5
126F
102
{ACAD_REACTORS
330
126E
102
}
330
126E
100
AcDbXrecord
280
1
102
RTVSPost2010Prop28
280
0
102
RTVSPost2010PropOp28
 70
1
102
RTVSPost2010Prop29
280
1
102
RTVSPost2010PropOp29
 70
1
102
RTVSPost2010Prop30
280
1
102
RTVSPost2010PropOp30
 70
1
102
RTVSPost2010Prop31
280
0
102
RTVSPost2010PropOp31
 70
1
102
RTVSPost2010Prop32
280
0
102
RTVSPost2010PropOp32
 70
1
102
RTVSPost2010Prop33
280
0
102
RTVSPost2010PropOp33
 70
1
102
RTVSPost2010Prop34
280
0
102
RTVSPost2010PropOp34
 70
1
102
RTVSPost2010Prop35
280
0
102
RTVSPost2010PropOp35
 70
1
102
RTVSPost2010Prop36
280
0
102
RTVSPost2010PropOp36
 70
1
102
RTVSPost2010Prop37
 90
50
102
RTVSPost2010PropOp37
 70
1
102
RTVSPost2010Prop38
140
0.0
102
RTVSPost2010PropOp38
 70
1
102
RTVSPost2010Prop39
140
1.0
102
RTVSPost2010PropOp39
 70
1
102
RTVSPost2010Prop40
 90
0
102
RTVSPost2010PropOp40
 70
1
102
RTVSPost2010Prop41ColorIndex
 90
18
102
RTVSPost2010Prop41ColorRGB
 90
0
102
RTVSPost2010PropOp41
 70
1
102
RTVSPost2010Prop42
 90
50
102
RTVSPost2010PropOp42
 70
1
102
RTVSPost2010Prop43
 90
3
102
RTVSPost2010PropOp43
 70
1
102
RTVSPost2010Prop44ColorIndex
 90
5
102
RTVSPost2010Prop44ColorRGB
 90
255
102
RTVSPost2010PropOp44
 70
1
102
RTVSPost2010Prop45
280
0
102
RTVSPost2010PropOp45
 70
1
102
RTVSPost2010Prop46
 90
50
102
RTVSPost2010PropOp46
 70
1
102
RTVSPost2010Prop47
 90
50
102
RTVSPost2010PropOp47
 70
1
102
RTVSPost2010Prop48
 90
50
102
RTVSPost2010PropOp48
 70
1
102
RTVSPost2010Prop49
280
0
102
RTVSPost2010PropOp49
 70
1
102
RTVSPost2010Prop50
 90
50
102
RTVSPost2010PropOp50
 70
1
102
RTVSPost2010Prop51ColorIndex
 90
256
102
RTVSPost2010Prop51ColorRGB
 90
-16777216
102
RTVSPost2010PropOp51
 70
0
102
RTVSPost2010Prop52
140
1.0
102
RTVSPost2010PropOp52
 70
0
102
RTVSPost2010Prop53
 90
2
102
RTVSPost2010PropOp53
 70
1
102
RTVSPost2010Prop54
  1
strokes_ogs.tif
102
RTVSPost2010PropOp54
 70
1
102
RTVSPost2010Prop55
280
0
102
RTVSPost2010PropOp55
 70
1
102
RTVSPost2010Prop56
140
1.0
102
RTVSPost2010PropOp56
 70
1
102
RTVSPost2010Prop57
140
1.0
102
RTVSPost2010PropOp57
 70
1
102
RTVSPropertyOp0
 70
1
102
RTVSPropertyOp1
 70
1
102
RTVSPropertyOp2
 70
1
102
RTVSPropertyOp3
 70
1
102
RTVSPropertyOp4
 70
1
102
RTVSPropertyOp5
 70
1
102
RTVSPropertyOp6
 70
1
102
RTVSPropertyOp7
 70
1
102
RTVSPropertyOp8
 70
1
102
RTVSPropertyOp9
 70
1
102
RTVSPropertyOp10
 70
1
102
RTVSPropertyOp11
 70
1
102
RTVSPropertyOp12
 70
1
102
RTVSPropertyOp13
 70
1
102
RTVSPropertyOp14
 70
1
102
RTVSPropertyOp15
 70
1
102
RTVSPropertyOp16
 70
1
102
RTVSPropertyOp17
 70
1
102
RTVSPropertyOp18
 70
1
102
RTVSPropertyOp19
 70
1
102
RTVSPropertyOp20
 70
1
102
RTVSPropertyOp21
 70
1
102
RTVSPropertyOp22
 70
1
102
RTVSPropertyOp23
 70
1
102
RTVSPropertyOp24
 70
1
102
RTVSPropertyOp25
 70
1
102
RTVSPropertyOp26
 70
1
102
RTVSPropertyOp27
 70
1
102
RTVSPropertyOp28
 70
1
102
RTVSPropertyOp29
 70
1
102
RTVSPropertyOp30
 70
1
102
RTVSPropertyOp31
 70
1
102
RTVSPropertyOp32
 70
1
102
RTVSPropertyOp33
 70
1
102
RTVSPropertyOp34
 70
1
102
RTVSPropertyOp35
 70
1
102
RTVSPropertyOp36
 70
1
102
RTVSPropertyOp37
 70
1
102
RTVSPropertyOp38
 70
1
102
RTVSPropertyOp39
 70
1
102
RTVSPropertyOp40
 70
1
102
RTVSPropertyOp41
 70
1
102
RTVSPropertyOp42
 70
1
102
RTVSPropertyOp43
 70
1
102
RTVSPropertyOp44
 70
1
102
RTVSPropertyOp45
 70
1
102
RTVSPropertyOp46
 70
1
102
RTVSPropertyOp47
 70
1
102
RTVSPropertyOp48
 70
1
102
RTVSPropertyOp49
 70
1
102
RTVSPropertyOp50
 70
1
102
RTVSPropertyOp51
 70
0
102
RTVSPropertyOp52
 70
0
102
RTVSPropertyOp53
 70
1
102
RTVSPropertyOp54
 70
1
102
RTVSPropertyOp55
 70
1
102
RTVSPropertyOp56
 70
1
102
RTVSPropertyOp57
 70
1
102
RTVSPropertyOp58
 70
1
102
RTVSPropertyOp59
 70
1
102
RTVSPropertyOp60
 70
1
102
RTVSPropertyOp61
 70
1
102
RTVSPropertyOp62
 70
1
  0
XRECORD
  5
125F
102
{ACAD_REACTORS
330
125E
102
}
330
125E
100
AcDbXrecord
280
1
102
RTVSPost2010Prop28
280
0
102
RTVSPost2010PropOp28
 70
1
102
RTVSPost2010Prop29
280
1
102
RTVSPost2010PropOp29
 70
1
102
RTVSPost2010Prop30
280
1
102
RTVSPost2010PropOp30
 70
1
102
RTVSPost2010Prop31
280
0
102
RTVSPost2010PropOp31
 70
1
102
RTVSPost2010Prop32
280
0
102
RTVSPost2010PropOp32
 70
1
102
RTVSPost2010Prop33
280
0
102
RTVSPost2010PropOp33
 70
1
102
RTVSPost2010Prop34
280
0
102
RTVSPost2010PropOp34
 70
1
102
RTVSPost2010Prop35
280
0
102
RTVSPost2010PropOp35
 70
1
102
RTVSPost2010Prop36
280
0
102
RTVSPost2010PropOp36
 70
1
102
RTVSPost2010Prop37
 90
50
102
RTVSPost2010PropOp37
 70
1
102
RTVSPost2010Prop38
140
0.0
102
RTVSPost2010PropOp38
 70
1
102
RTVSPost2010Prop39
140
1.0
102
RTVSPost2010PropOp39
 70
1
102
RTVSPost2010Prop40
 90
0
102
RTVSPost2010PropOp40
 70
1
102
RTVSPost2010Prop41ColorIndex
 90
18
102
RTVSPost2010Prop41ColorRGB
 90
0
102
RTVSPost2010PropOp41
 70
1
102
RTVSPost2010Prop42
 90
50
102
RTVSPost2010PropOp42
 70
1
102
RTVSPost2010Prop43
 90
3
102
RTVSPost2010PropOp43
 70
1
102
RTVSPost2010Prop44ColorIndex
 90
5
102
RTVSPost2010Prop44ColorRGB
 90
255
102
RTVSPost2010PropOp44
 70
1
102
RTVSPost2010Prop45
280
0
102
RTVSPost2010PropOp45
 70
1
102
RTVSPost2010Prop46
 90
50
102
RTVSPost2010PropOp46
 70
1
102
RTVSPost2010Prop47
 90
50
102
RTVSPost2010PropOp47
 70
1
102
RTVSPost2010Prop48
 90
50
102
RTVSPost2010PropOp48
 70
1
102
RTVSPost2010Prop49
280
0
102
RTVSPost2010PropOp49
 70
1
102
RTVSPost2010Prop50
 90
50
102
RTVSPost2010PropOp50
 70
1
102
RTVSPost2010Prop51ColorIndex
 90
256
102
RTVSPost2010Prop51ColorRGB
 90
-16777216
102
RTVSPost2010PropOp51
 70
0
102
RTVSPost2010Prop52
140
1.0
102
RTVSPost2010PropOp52
 70
0
102
RTVSPost2010Prop53
 90
2
102
RTVSPost2010PropOp53
 70
1
102
RTVSPost2010Prop54
  1
strokes_ogs.tif
102
RTVSPost2010PropOp54
 70
1
102
RTVSPost2010Prop55
280
0
102
RTVSPost2010PropOp55
 70
1
102
RTVSPost2010Prop56
140
1.0
102
RTVSPost2010PropOp56
 70
1
102
RTVSPost2010Prop57
140
1.0
102
RTVSPost2010PropOp57
 70
1
102
RTVSPropertyOp0
 70
1
102
RTVSPropertyOp1
 70
1
102
RTVSPropertyOp2
 70
1
102
RTVSPropertyOp3
 70
1
102
RTVSPropertyOp4
 70
1
102
RTVSPropertyOp5
 70
1
102
RTVSPropertyOp6
 70
1
102
RTVSPropertyOp7
 70
1
102
RTVSPropertyOp8
 70
1
102
RTVSPropertyOp9
 70
1
102
RTVSPropertyOp10
 70
1
102
RTVSPropertyOp11
 70
1
102
RTVSPropertyOp12
 70
1
102
RTVSPropertyOp13
 70
1
102
RTVSPropertyOp14
 70
1
102
RTVSPropertyOp15
 70
1
102
RTVSPropertyOp16
 70
1
102
RTVSPropertyOp17
 70
1
102
RTVSPropertyOp18
 70
1
102
RTVSPropertyOp19
 70
1
102
RTVSPropertyOp20
 70
1
102
RTVSPropertyOp21
 70
1
102
RTVSPropertyOp22
 70
1
102
RTVSPropertyOp23
 70
1
102
RTVSPropertyOp24
 70
1
102
RTVSPropertyOp25
 70
1
102
RTVSPropertyOp26
 70
1
102
RTVSPropertyOp27
 70
1
102
RTVSPropertyOp28
 70
1
102
RTVSPropertyOp29
 70
1
102
RTVSPropertyOp30
 70
1
102
RTVSPropertyOp31
 70
1
102
RTVSPropertyOp32
 70
1
102
RTVSPropertyOp33
 70
1
102
RTVSPropertyOp34
 70
1
102
RTVSPropertyOp35
 70
1
102
RTVSPropertyOp36
 70
1
102
RTVSPropertyOp37
 70
1
102
RTVSPropertyOp38
 70
1
102
RTVSPropertyOp39
 70
1
102
RTVSPropertyOp40
 70
1
102
RTVSPropertyOp41
 70
1
102
RTVSPropertyOp42
 70
1
102
RTVSPropertyOp43
 70
1
102
RTVSPropertyOp44
 70
1
102
RTVSPropertyOp45
 70
1
102
RTVSPropertyOp46
 70
1
102
RTVSPropertyOp47
 70
1
102
RTVSPropertyOp48
 70
1
102
RTVSPropertyOp49
 70
1
102
RTVSPropertyOp50
 70
1
102
RTVSPropertyOp51
 70
0
102
RTVSPropertyOp52
 70
0
102
RTVSPropertyOp53
 70
1
102
RTVSPropertyOp54
 70
1
102
RTVSPropertyOp55
 70
1
102
RTVSPropertyOp56
 70
1
102
RTVSPropertyOp57
 70
1
102
RTVSPropertyOp58
 70
1
102
RTVSPropertyOp59
 70
1
102
RTVSPropertyOp60
 70
1
102
RTVSPropertyOp61
 70
1
102
RTVSPropertyOp62
 70
1
  0
XRECORD
  5
1253
102
{ACAD_REACTORS
330
1252
102
}
330
1252
100
AcDbXrecord
280
1
102
RTVSPost2010Prop28
280
0
102
RTVSPost2010PropOp28
 70
1
102
RTVSPost2010Prop29
280
1
102
RTVSPost2010PropOp29
 70
1
102
RTVSPost2010Prop30
280
1
102
RTVSPost2010PropOp30
 70
1
102
RTVSPost2010Prop31
280
0
102
RTVSPost2010PropOp31
 70
1
102
RTVSPost2010Prop32
280
0
102
RTVSPost2010PropOp32
 70
1
102
RTVSPost2010Prop33
280
0
102
RTVSPost2010PropOp33
 70
1
102
RTVSPost2010Prop34
280
0
102
RTVSPost2010PropOp34
 70
1
102
RTVSPost2010Prop35
280
0
102
RTVSPost2010PropOp35
 70
1
102
RTVSPost2010Prop36
280
0
102
RTVSPost2010PropOp36
 70
1
102
RTVSPost2010Prop37
 90
50
102
RTVSPost2010PropOp37
 70
1
102
RTVSPost2010Prop38
140
0.0
102
RTVSPost2010PropOp38
 70
1
102
RTVSPost2010Prop39
140
1.0
102
RTVSPost2010PropOp39
 70
1
102
RTVSPost2010Prop40
 90
0
102
RTVSPost2010PropOp40
 70
1
102
RTVSPost2010Prop41ColorIndex
 90
18
102
RTVSPost2010Prop41ColorRGB
 90
0
102
RTVSPost2010PropOp41
 70
1
102
RTVSPost2010Prop42
 90
50
102
RTVSPost2010PropOp42
 70
1
102
RTVSPost2010Prop43
 90
3
102
RTVSPost2010PropOp43
 70
1
102
RTVSPost2010Prop44ColorIndex
 90
5
102
RTVSPost2010Prop44ColorRGB
 90
255
102
RTVSPost2010PropOp44
 70
1
102
RTVSPost2010Prop45
280
0
102
RTVSPost2010PropOp45
 70
1
102
RTVSPost2010Prop46
 90
50
102
RTVSPost2010PropOp46
 70
1
102
RTVSPost2010Prop47
 90
50
102
RTVSPost2010PropOp47
 70
1
102
RTVSPost2010Prop48
 90
50
102
RTVSPost2010PropOp48
 70
1
102
RTVSPost2010Prop49
280
0
102
RTVSPost2010PropOp49
 70
1
102
RTVSPost2010Prop50
 90
50
102
RTVSPost2010PropOp50
 70
1
102
RTVSPost2010Prop51ColorIndex
 90
256
102
RTVSPost2010Prop51ColorRGB
 90
-16777216
102
RTVSPost2010PropOp51
 70
0
102
RTVSPost2010Prop52
140
1.0
102
RTVSPost2010PropOp52
 70
0
102
RTVSPost2010Prop53
 90
2
102
RTVSPost2010PropOp53
 70
1
102
RTVSPost2010Prop54
  1
strokes_ogs.tif
102
RTVSPost2010PropOp54
 70
1
102
RTVSPost2010Prop55
280
0
102
RTVSPost2010PropOp55
 70
1
102
RTVSPost2010Prop56
140
1.0
102
RTVSPost2010PropOp56
 70
1
102
RTVSPost2010Prop57
140
1.0
102
RTVSPost2010PropOp57
 70
1
102
RTVSPropertyOp0
 70
1
102
RTVSPropertyOp1
 70
1
102
RTVSPropertyOp2
 70
1
102
RTVSPropertyOp3
 70
1
102
RTVSPropertyOp4
 70
1
102
RTVSPropertyOp5
 70
1
102
RTVSPropertyOp6
 70
1
102
RTVSPropertyOp7
 70
1
102
RTVSPropertyOp8
 70
1
102
RTVSPropertyOp9
 70
1
102
RTVSPropertyOp10
 70
1
102
RTVSPropertyOp11
 70
1
102
RTVSPropertyOp12
 70
1
102
RTVSPropertyOp13
 70
1
102
RTVSPropertyOp14
 70
1
102
RTVSPropertyOp15
 70
1
102
RTVSPropertyOp16
 70
1
102
RTVSPropertyOp17
 70
1
102
RTVSPropertyOp18
 70
1
102
RTVSPropertyOp19
 70
1
102
RTVSPropertyOp20
 70
1
102
RTVSPropertyOp21
 70
1
102
RTVSPropertyOp22
 70
1
102
RTVSPropertyOp23
 70
1
102
RTVSPropertyOp24
 70
1
102
RTVSPropertyOp25
 70
1
102
RTVSPropertyOp26
 70
1
102
RTVSPropertyOp27
 70
1
102
RTVSPropertyOp28
 70
1
102
RTVSPropertyOp29
 70
1
102
RTVSPropertyOp30
 70
1
102
RTVSPropertyOp31
 70
1
102
RTVSPropertyOp32
 70
1
102
RTVSPropertyOp33
 70
1
102
RTVSPropertyOp34
 70
1
102
RTVSPropertyOp35
 70
1
102
RTVSPropertyOp36
 70
1
102
RTVSPropertyOp37
 70
1
102
RTVSPropertyOp38
 70
1
102
RTVSPropertyOp39
 70
1
102
RTVSPropertyOp40
 70
1
102
RTVSPropertyOp41
 70
1
102
RTVSPropertyOp42
 70
1
102
RTVSPropertyOp43
 70
1
102
RTVSPropertyOp44
 70
1
102
RTVSPropertyOp45
 70
1
102
RTVSPropertyOp46
 70
1
102
RTVSPropertyOp47
 70
1
102
RTVSPropertyOp48
 70
1
102
RTVSPropertyOp49
 70
1
102
RTVSPropertyOp50
 70
1
102
RTVSPropertyOp51
 70
0
102
RTVSPropertyOp52
 70
0
102
RTVSPropertyOp53
 70
1
102
RTVSPropertyOp54
 70
1
102
RTVSPropertyOp55
 70
1
102
RTVSPropertyOp56
 70
1
102
RTVSPropertyOp57
 70
1
102
RTVSPropertyOp58
 70
1
102
RTVSPropertyOp59
 70
1
102
RTVSPropertyOp60
 70
1
102
RTVSPropertyOp61
 70
1
102
RTVSPropertyOp62
 70
1
  0
XRECORD
  5
1271
102
{ACAD_REACTORS
330
1270
102
}
330
1270
100
AcDbXrecord
280
1
102
RTVSPost2010Prop28
280
0
102
RTVSPost2010PropOp28
 70
1
102
RTVSPost2010Prop29
280
1
102
RTVSPost2010PropOp29
 70
1
102
RTVSPost2010Prop30
280
1
102
RTVSPost2010PropOp30
 70
1
102
RTVSPost2010Prop31
280
0
102
RTVSPost2010PropOp31
 70
1
102
RTVSPost2010Prop32
280
0
102
RTVSPost2010PropOp32
 70
1
102
RTVSPost2010Prop33
280
0
102
RTVSPost2010PropOp33
 70
1
102
RTVSPost2010Prop34
280
0
102
RTVSPost2010PropOp34
 70
1
102
RTVSPost2010Prop35
280
0
102
RTVSPost2010PropOp35
 70
1
102
RTVSPost2010Prop36
280
0
102
RTVSPost2010PropOp36
 70
1
102
RTVSPost2010Prop37
 90
50
102
RTVSPost2010PropOp37
 70
1
102
RTVSPost2010Prop38
140
0.0
102
RTVSPost2010PropOp38
 70
1
102
RTVSPost2010Prop39
140
1.0
102
RTVSPost2010PropOp39
 70
1
102
RTVSPost2010Prop40
 90
0
102
RTVSPost2010PropOp40
 70
1
102
RTVSPost2010Prop41ColorIndex
 90
18
102
RTVSPost2010Prop41ColorRGB
 90
0
102
RTVSPost2010PropOp41
 70
1
102
RTVSPost2010Prop42
 90
50
102
RTVSPost2010PropOp42
 70
1
102
RTVSPost2010Prop43
 90
3
102
RTVSPost2010PropOp43
 70
1
102
RTVSPost2010Prop44ColorIndex
 90
5
102
RTVSPost2010Prop44ColorRGB
 90
255
102
RTVSPost2010PropOp44
 70
1
102
RTVSPost2010Prop45
280
0
102
RTVSPost2010PropOp45
 70
1
102
RTVSPost2010Prop46
 90
50
102
RTVSPost2010PropOp46
 70
1
102
RTVSPost2010Prop47
 90
50
102
RTVSPost2010PropOp47
 70
1
102
RTVSPost2010Prop48
 90
50
102
RTVSPost2010PropOp48
 70
1
102
RTVSPost2010Prop49
280
0
102
RTVSPost2010PropOp49
 70
1
102
RTVSPost2010Prop50
 90
50
102
RTVSPost2010PropOp50
 70
1
102
RTVSPost2010Prop51ColorIndex
 90
256
102
RTVSPost2010Prop51ColorRGB
 90
-16777216
102
RTVSPost2010PropOp51
 70
0
102
RTVSPost2010Prop52
140
1.0
102
RTVSPost2010PropOp52
 70
0
102
RTVSPost2010Prop53
 90
2
102
RTVSPost2010PropOp53
 70
1
102
RTVSPost2010Prop54
  1
strokes_ogs.tif
102
RTVSPost2010PropOp54
 70
1
102
RTVSPost2010Prop55
280
0
102
RTVSPost2010PropOp55
 70
1
102
RTVSPost2010Prop56
140
1.0
102
RTVSPost2010PropOp56
 70
1
102
RTVSPost2010Prop57
140
1.0
102
RTVSPost2010PropOp57
 70
1
102
RTVSPropertyOp0
 70
1
102
RTVSPropertyOp1
 70
1
102
RTVSPropertyOp2
 70
1
102
RTVSPropertyOp3
 70
1
102
RTVSPropertyOp4
 70
1
102
RTVSPropertyOp5
 70
1
102
RTVSPropertyOp6
 70
1
102
RTVSPropertyOp7
 70
1
102
RTVSPropertyOp8
 70
1
102
RTVSPropertyOp9
 70
1
102
RTVSPropertyOp10
 70
1
102
RTVSPropertyOp11
 70
1
102
RTVSPropertyOp12
 70
1
102
RTVSPropertyOp13
 70
1
102
RTVSPropertyOp14
 70
1
102
RTVSPropertyOp15
 70
1
102
RTVSPropertyOp16
 70
1
102
RTVSPropertyOp17
 70
1
102
RTVSPropertyOp18
 70
1
102
RTVSPropertyOp19
 70
1
102
RTVSPropertyOp20
 70
1
102
RTVSPropertyOp21
 70
1
102
RTVSPropertyOp22
 70
1
102
RTVSPropertyOp23
 70
1
102
RTVSPropertyOp24
 70
1
102
RTVSPropertyOp25
 70
1
102
RTVSPropertyOp26
 70
1
102
RTVSPropertyOp27
 70
1
102
RTVSPropertyOp28
 70
1
102
RTVSPropertyOp29
 70
1
102
RTVSPropertyOp30
 70
1
102
RTVSPropertyOp31
 70
1
102
RTVSPropertyOp32
 70
1
102
RTVSPropertyOp33
 70
1
102
RTVSPropertyOp34
 70
1
102
RTVSPropertyOp35
 70
1
102
RTVSPropertyOp36
 70
1
102
RTVSPropertyOp37
 70
1
102
RTVSPropertyOp38
 70
1
102
RTVSPropertyOp39
 70
1
102
RTVSPropertyOp40
 70
1
102
RTVSPropertyOp41
 70
1
102
RTVSPropertyOp42
 70
1
102
RTVSPropertyOp43
 70
1
102
RTVSPropertyOp44
 70
1
102
RTVSPropertyOp45
 70
1
102
RTVSPropertyOp46
 70
1
102
RTVSPropertyOp47
 70
1
102
RTVSPropertyOp48
 70
1
102
RTVSPropertyOp49
 70
1
102
RTVSPropertyOp50
 70
1
102
RTVSPropertyOp51
 70
0
102
RTVSPropertyOp52
 70
0
102
RTVSPropertyOp53
 70
1
102
RTVSPropertyOp54
 70
1
102
RTVSPropertyOp55
 70
1
102
RTVSPropertyOp56
 70
1
102
RTVSPropertyOp57
 70
1
102
RTVSPropertyOp58
 70
1
102
RTVSPropertyOp59
 70
1
102
RTVSPropertyOp60
 70
1
102
RTVSPropertyOp61
 70
1
102
RTVSPropertyOp62
 70
1
  0
DICTIONARY
  5
1831
330
C
100
AcDbDictionary
280
1
281
1
  3
WRITTEN_BY_EZDXF
350
1832
  0
DICTIONARYVAR
  5
1832
330
1831
100
DictionaryVariables
280
0
  1
1.4.3 @ 2026-03-28T13:19:23.709842+00:00
  0
ENDSEC
  0
EOF
