  0
SECTION
  2
HEADER
  9
$ACADVER
  1
AC1024
  9
$ACADMAINTVER
 70
6
  9
$DWGCODEPAGE
  3
ANSI_1252
  9
$LASTSAVEDBY
  1
ezdxf
  9
$INSBASE
 10
0.0
 20
0.0
 30
0.0
  9
$EXTMIN
 10
1e+20
 20
1e+20
 30
1e+20
  9
$EXTMAX
 10
-1e+20
 20
-1e+20
 30
-1e+20
  9
$LIMMIN
 10
0.0
 20
0.0
  9
$LIMMAX
 10
420.0
 20
297.0
  9
$ORTHOMODE
 70
0
  9
$REGENMODE
 70
1
  9
$FILLMODE
 70
1
  9
$QTEXTMODE
 70
0
  9
$MIRRTEXT
 70
1
  9
$LTSCALE
 40
1.0
  9
$ATTMODE
 70
1
  9
$TEXTSIZE
 40
2.5
  9
$TRACEWID
 40
1.0
  9
$TEXTSTYLE
  7
Standard
  9
$CLAYER
  8
0
  9
$CELTYPE
  6
ByLayer
  9
$CECOLOR
 62
256
  9
$CELTSCALE
 40
1.0
  9
$DISPSILH
 70
0
  9
$DIMSCALE
 40
1.0
  9
$DIMASZ
 40
2.5
  9
$DIMEXO
 40
0.625
  9
$DIMDLI
 40
3.75
  9
$DIMRND
 40
0.0
  9
$DIMDLE
 40
0.0
  9
$DIMEXE
 40
1.25
  9
$DIMTP
 40
0.0
  9
$DIMTM
 40
0.0
  9
$DIMTXT
 40
2.5
  9
$DIMCEN
 40
2.5
  9
$DIMTSZ
 40
0.0
  9
$DIMTOL
 70
0
  9
$DIMLIM
 70
0
  9
$DIMTIH
 70
0
  9
$DIMTOH
 70
0
  9
$DIMSE1
 70
0
  9
$DIMSE2
 70
0
  9
$DIMTAD
 70
1
  9
$DIMZIN
 70
8
  9
$DIMBLK
  1

  9
$DIMASO
 70
1
  9
$DIMSHO
 70
1
  9
$DIMPOST
  1

  9
$DIMAPOST
  1

  9
$DIMALT
 70
0
  9
$DIMALTD
 70
3
  9
$DIMALTF
 40
0.03937007874
  9
$DIMLFAC
 40
1.0
  9
$DIMTOFL
 70
1
  9
$DIMTVP
 40
0.0
  9
$DIMTIX
 70
0
  9
$DIMSOXD
 70
0
  9
$DIMSAH
 70
0
  9
$DIMBLK1
  1

  9
$DIMBLK2
  1

  9
$DIMSTYLE
  2
ISO-25
  9
$DIMCLRD
 70
0
  9
$DIMCLRE
 70
0
  9
$DIMCLRT
 70
0
  9
$DIMTFAC
 40
1.0
  9
$DIMGAP
 40
0.625
  9
$DIMJUST
 70
0
  9
$DIMSD1
 70
0
  9
$DIMSD2
 70
0
  9
$DIMTOLJ
 70
0
  9
$DIMTZIN
 70
8
  9
$DIMALTZ
 70
0
  9
$DIMALTTZ
 70
0
  9
$DIMUPT
 70
0
  9
$DIMDEC
 70
2
  9
$DIMTDEC
 70
2
  9
$DIMALTU
 70
2
  9
$DIMALTTD
 70
3
  9
$DIMTXSTY
  7
Standard
  9
$DIMAUNIT
 70
0
  9
$DIMADEC
 70
0
  9
$DIMALTRND
 40
0.0
  9
$DIMAZIN
 70
0
  9
$DIMDSEP
 70
44
  9
$DIMATFIT
 70
3
  9
$DIMFRAC
 70
0
  9
$DIMLDRBLK
  1

  9
$DIMLUNIT
 70
2
  9
$DIMLWD
 70
-2
  9
$DIMLWE
 70
-2
  9
$DIMTMOVE
 70
0
  9
$DIMFXL
 40
1.0
  9
$DIMFXLON
 70
0
  9
$DIMJOGANG
 40
0.785398163397
  9
$DIMTFILL
 70
0
  9
$DIMTFILLCLR
 70
0
  9
$DIMARCSYM
 70
0
  9
$DIMLTYPE
  6

  9
$DIMLTEX1
  6

  9
$DIMLTEX2
  6

  9
$DIMTXTDIRECTION
 70
0
  9
$LUNITS
 70
2
  9
$LUPREC
 70
4
  9
$SKETCHINC
 40
1.0
  9
$FILLETRAD
 40
10.0
  9
$AUNITS
 70
0
  9
$AUPREC
 70
2
  9
$MENU
  1
.
  9
$ELEVATION
 40
0.0
  9
$PELEVATION
 40
0.0
  9
$THICKNESS
 40
0.0
  9
$LIMCHECK
 70
0
  9
$CHAMFERA
 40
0.0
  9
$CHAMFERB
 40
0.0
  9
$CHAMFERC
 40
0.0
  9
$CHAMFERD
 40
0.0
  9
$SKPOLY
 70
0
  9
$TDCREATE
 40
2461128.8495486113
  9
$TDUCREATE
 40
2458532.153996898
  9
$TDUPDATE
 40
2461128.8495486113
  9
$TDUUPDATE
 40
2458532.1544311
  9
$TDINDWG
 40
0.0
  9
$TDUSRTIMER
 40
0.0
  9
$USRTIMER
 70
1
  9
$ANGBASE
 50
0.0
  9
$ANGDIR
 70
0
  9
$PDMODE
 70
0
  9
$PDSIZE
 40
0.0
  9
$PLINEWID
 40
0.0
  9
$SPLFRAME
 70
0
  9
$SPLINETYPE
 70
6
  9
$SPLINESEGS
 70
8
  9
$HANDSEED
  5
4FD
  9
$SURFTAB1
 70
6
  9
$SURFTAB2
 70
6
  9
$SURFTYPE
 70
6
  9
$SURFU
 70
6
  9
$SURFV
 70
6
  9
$UCSBASE
  2

  9
$UCSNAME
  2

  9
$UCSORG
 10
0.0
 20
0.0
 30
0.0
  9
$UCSXDIR
 10
1.0
 20
0.0
 30
0.0
  9
$UCSYDIR
 10
0.0
 20
1.0
 30
0.0
  9
$UCSORTHOREF
  2

  9
$UCSORTHOVIEW
 70
0
  9
$UCSORGTOP
 10
0.0
 20
0.0
 30
0.0
  9
$UCSORGBOTTOM
 10
0.0
 20
0.0
 30
0.0
  9
$UCSORGLEFT
 10
0.0
 20
0.0
 30
0.0
  9
$UCSORGRIGHT
 10
0.0
 20
0.0
 30
0.0
  9
$UCSORGFRONT
 10
0.0
 20
0.0
 30
0.0
  9
$UCSORGBACK
 10
0.0
 20
0.0
 30
0.0
  9
$PUCSBASE
  2

  9
$PUCSNAME
  2

  9
$PUCSORG
 10
0.0
 20
0.0
 30
0.0
  9
$PUCSXDIR
 10
1.0
 20
0.0
 30
0.0
  9
$PUCSYDIR
 10
0.0
 20
1.0
 30
0.0
  9
$PUCSORTHOREF
  2

  9
$PUCSORTHOVIEW
 70
0
  9
$PUCSORGTOP
 10
0.0
 20
0.0
 30
0.0
  9
$PUCSORGBOTTOM
 10
0.0
 20
0.0
 30
0.0
  9
$PUCSORGLEFT
 10
0.0
 20
0.0
 30
0.0
  9
$PUCSORGRIGHT
 10
0.0
 20
0.0
 30
0.0
  9
$PUCSORGFRONT
 10
0.0
 20
0.0
 30
0.0
  9
$PUCSORGBACK
 10
0.0
 20
0.0
 30
0.0
  9
$USERI1
 70
0
  9
$USERI2
 70
0
  9
$USERI3
 70
0
  9
$USERI4
 70
0
  9
$USERI5
 70
0
  9
$USERR1
 40
0.0
  9
$USERR2
 40
0.0
  9
$USERR3
 40
0.0
  9
$USERR4
 40
0.0
  9
$USERR5
 40
0.0
  9
$WORLDVIEW
 70
1
  9
$SHADEDGE
 70
3
  9
$SHADEDIF
 70
70
  9
$TILEMODE
 70
1
  9
$MAXACTVP
 70
64
  9
$PINSBASE
 10
0.0
 20
0.0
 30
0.0
  9
$PLIMCHECK
 70
0
  9
$PEXTMIN
 10
1e+20
 20
1e+20
 30
1e+20
  9
$PEXTMAX
 10
-1e+20
 20
-1e+20
 30
-1e+20
  9
$PLIMMIN
 10
0.0
 20
0.0
  9
$PLIMMAX
 10
420.0
 20
297.0
  9
$UNITMODE
 70
0
  9
$VISRETAIN
 70
1
  9
$PLINEGEN
 70
0
  9
$PSLTSCALE
 70
1
  9
$TREEDEPTH
 70
3020
  9
$CMLSTYLE
  2
Standard
  9
$CMLJUST
 70
0
  9
$CMLSCALE
 40
20.0
  9
$PROXYGRAPHICS
 70
1
  9
$MEASUREMENT
 70
1
  9
$CELWEIGHT
370
-1
  9
$ENDCAPS
280
0
  9
$JOINSTYLE
280
0
  9
$LWDISPLAY
290
0
  9
$INSUNITS
 70
6
  9
$HYPERLINKBASE
  1

  9
$STYLESHEET
  1

  9
$XEDIT
290
1
  9
$CEPSNTYPE
380
0
  9
$PSTYLEMODE
290
1
  9
$FINGERPRINTGUID
  2
{4F1D7624-A5C3-4AD0-AFF4-A0E9F5BDB329}
  9
$VERSIONGUID
  2
{894AA1E0-9CA3-4C93-BB90-DA6C5136A9DD}
  9
$EXTNAMES
290
1
  9
$PSVPSCALE
 40
0.0
  9
$OLESTARTUP
290
0
  9
$SORTENTS
280
127
  9
$INDEXCTL
280
0
  9
$HIDETEXT
280
1
  9
$XCLIPFRAME
280
1
  9
$HALOGAP
280
0
  9
$OBSCOLOR
 70
257
  9
$OBSLTYPE
280
0
  9
$INTERSECTIONDISPLAY
280
0
  9
$INTERSECTIONCOLOR
 70
257
  9
$DIMASSOC
280
2
  9
$PROJECTNAME
  1

  9
$CAMERADISPLAY
290
0
  9
$LENSLENGTH
 40
50.0
  9
$CAMERAHEIGHT
 40
0.0
  9
$STEPSPERSEC
 40
24.0
  9
$STEPSIZE
 40
100.0
  9
$3DDWFPREC
 40
2.0
  9
$PSOLWIDTH
 40
0.005
  9
$PSOLHEIGHT
 40
0.08
  9
$LOFTANG1
 40
1.570796326795
  9
$LOFTANG2
 40
1.570796326795
  9
$LOFTMAG1
 40
0.0
  9
$LOFTMAG2
 40
0.0
  9
$LOFTPARAM
 70
7
  9
$LOFTNORMALS
280
1
  9
$LATITUDE
 40
37.795
  9
$LONGITUDE
 40
-122.394
  9
$NORTHDIRECTION
 40
0.0
  9
$TIMEZONE
 70
-8000
  9
$LIGHTGLYPHDISPLAY
280
1
  9
$TILEMODELIGHTSYNCH
280
1
  9
$CMATERIAL
347
20
  9
$SOLIDHIST
280
0
  9
$SHOWHIST
280
1
  9
$DWFFRAME
280
2
  9
$DGNFRAME
280
2
  9
$REALWORLDSCALE
290
1
  9
$INTERFERECOLOR
 62
256
  9
$CSHADOW
280
0
  9
$SHADOWPLANELOCATION
 40
0.0
  0
ENDSEC
  0
SECTION
  2
CLASSES
  0
CLASS
  1
ACDBDICTIONARYWDFLT
  2
AcDbDictionaryWithDefault
  3
ObjectDBX Classes
 90
0
 91
0
280
0
281
0
  0
CLASS
  1
SUN
  2
AcDbSun
  3
SCENEOE
 90
1153
 91
0
280
0
281
0
  0
CLASS
  1
VISUALSTYLE
  2
AcDbVisualStyle
  3
ObjectDBX Classes
 90
4095
 91
0
280
0
281
0
  0
CLASS
  1
MATERIAL
  2
AcDbMaterial
  3
ObjectDBX Classes
 90
1153
 91
0
280
0
281
0
  0
CLASS
  1
SCALE
  2
AcDbScale
  3
ObjectDBX Classes
 90
1153
 91
0
280
0
281
0
  0
CLASS
  1
TABLESTYLE
  2
AcDbTableStyle
  3
ObjectDBX Classes
 90
4095
 91
0
280
0
281
0
  0
CLASS
  1
MLEADERSTYLE
  2
AcDbMLeaderStyle
  3
ACDB_MLEADERSTYLE_CLASS
 90
4095
 91
0
280
0
281
0
  0
CLASS
  1
DICTIONARYVAR
  2
AcDbDictionaryVar
  3
ObjectDBX Classes
 90
0
 91
0
280
0
281
0
  0
CLASS
  1
CELLSTYLEMAP
  2
AcDbCellStyleMap
  3
ObjectDBX Classes
 90
1152
 91
0
280
0
281
0
  0
CLASS
  1
MENTALRAYRENDERSETTINGS
  2
AcDbMentalRayRenderSettings
  3
SCENEOE
 90
1024
 91
0
280
0
281
0
  0
CLASS
  1
ACDBDETAILVIEWSTYLE
  2
AcDbDetailViewStyle
  3
ObjectDBX Classes
 90
1025
 91
0
280
0
281
0
  0
CLASS
  1
ACDBSECTIONVIEWSTYLE
  2
AcDbSectionViewStyle
  3
ObjectDBX Classes
 90
1025
 91
0
280
0
281
0
  0
CLASS
  1
RASTERVARIABLES
  2
AcDbRasterVariables
  3
ISM
 90
0
 91
0
280
0
281
0
  0
CLASS
  1
ACDBPLACEHOLDER
  2
AcDbPlaceHolder
  3
ObjectDBX Classes
 90
0
 91
0
280
0
281
0
  0
CLASS
  1
LAYOUT
  2
AcDbLayout
  3
ObjectDBX Classes
 90
0
 91
0
280
0
281
0
  0
ENDSEC
  0
SECTION
  2
TABLES
  0
TABLE
  2
VPORT
  5
8
330
0
100
AcDbSymbolTable
 70
1
  0
VPORT
  5
23
330
8
100
AcDbSymbolTableRecord
100
AcDbViewportTableRecord
  2
*Active
 70
0
 10
0.0
 20
0.0
 11
1.0
 21
1.0
 12
0.0
 22
0.0
 13
0.0
 23
0.0
 14
0.5
 24
0.5
 15
0.5
 25
0.5
 16
0.0
 26
0.0
 36
1.0
 17
0.0
 27
0.0
 37
0.0
 40
1000.0
 41
1.34
 42
50.0
 43
0.0
 44
0.0
 50
0.0
 51
0.0
 71
0
 72
1000
 73
1
 74
3
 75
0
 76
0
 77
0
 78
0
281
0
 65
0
146
0.0
  0
ENDTAB
  0
TABLE
  2
LTYPE
  5
2
330
0
100
AcDbSymbolTable
 70
3
  0
LTYPE
  5
24
330
2
100
AcDbSymbolTableRecord
100
AcDbLinetypeTableRecord
  2
ByBlock
 70
0
  3

 72
65
 73
0
 40
0.0
  0
LTYPE
  5
25
330
2
100
AcDbSymbolTableRecord
100
AcDbLinetypeTableRecord
  2
ByLayer
 70
0
  3

 72
65
 73
0
 40
0.0
  0
LTYPE
  5
26
330
2
100
AcDbSymbolTableRecord
100
AcDbLinetypeTableRecord
  2
Continuous
 70
0
  3

 72
65
 73
0
 40
0.0
  0
ENDTAB
  0
TABLE
  2
LAYER
  5
1
330
0
100
AcDbSymbolTable
 70
2
  0
LAYER
  5
27
330
1
100
AcDbSymbolTableRecord
100
AcDbLayerTableRecord
  2
0
 70
0
 62
7
  6
Continuous
370
-3
390
13
347
21
  0
LAYER
  5
28
330
1
100
AcDbSymbolTableRecord
100
AcDbLayerTableRecord
  2
Defpoints
 70
0
 62
7
  6
Continuous
290
0
370
-3
390
13
347
21
  0
ENDTAB
  0
TABLE
  2
STYLE
  5
5
330
0
100
AcDbSymbolTable
 70
1
  0
STYLE
  5
29
330
5
100
AcDbSymbolTableRecord
100
AcDbTextStyleTableRecord
  2
Standard
 70
0
 40
0.0
 41
1.0
 50
0.0
 71
0
 42
2.5
  3
txt
  4

  0
ENDTAB
  0
TABLE
  2
VIEW
  5
7
330
0
100
AcDbSymbolTable
 70
0
  0
ENDTAB
  0
TABLE
  2
UCS
  5
6
330
0
100
AcDbSymbolTable
 70
0
  0
ENDTAB
  0
TABLE
  2
APPID
  5
3
330
0
100
AcDbSymbolTable
 70
3
  0
APPID
  5
2A
330
3
100
AcDbSymbolTableRecord
100
AcDbRegAppTableRecord
  2
ACAD
 70
0
  0
APPID
  5
4FA
330
3
100
AcDbSymbolTableRecord
100
AcDbRegAppTableRecord
  2
HATCHBACKGROUNDCOLOR
 70
0
  0
APPID
  5
4FB
330
3
100
AcDbSymbolTableRecord
100
AcDbRegAppTableRecord
  2
EZDXF
 70
0
  0
ENDTAB
  0
TABLE
  2
DIMSTYLE
  5
4
330
0
100
AcDbSymbolTable
 70
1
100
AcDbDimStyleTable
  0
DIMSTYLE
105
2B
330
4
100
AcDbSymbolTableRecord
100
AcDbDimStyleTableRecord
  2
Standard
 70
0
 40
1.0
 41
2.5
 42
0.625
 43
3.75
 44
1.25
 45
0.0
 46
0.0
 47
0.0
 48
0.0
 49
2.5
140
2.5
141
2.5
142
0.0
143
0.03937007874
144
1.0
145
0.0
146
1.0
147
0.625
148
0.0
 69
0
 70
0
 71
0
 72
0
 73
0
 74
0
 75
0
 76
0
 77
1
 78
8
 79
3
170
0
171
3
172
1
173
0
174
0
175
0
176
0
177
0
178
0
179
2
271
2
272
2
273
2
274
3
275
0
276
0
277
2
278
44
279
0
280
0
281
0
282
0
283
0
284
8
285
0
286
0
288
0
289
3
290
0
371
-2
372
-2
  0
ENDTAB
  0
TABLE
  2
BLOCK_RECORD
  5
9
330
0
100
AcDbSymbolTable
 70
2
  0
BLOCK_RECORD
  5
17
330
9
100
AcDbSymbolTableRecord
100
AcDbBlockTableRecord
  2
*Model_Space
340
1A
 70
0
280
1
281
0
  0
BLOCK_RECORD
  5
1B
330
9
100
AcDbSymbolTableRecord
100
AcDbBlockTableRecord
  2
*Paper_Space
340
1E
 70
0
280
1
281
0
  0
ENDTAB
  0
ENDSEC
  0
SECTION
  2
BLOCKS
  0
BLOCK
  5
18
330
17
100
AcDbEntity
  8
0
100
AcDbBlockBegin
  2
*Model_Space
 70
0
 10
0.0
 20
0.0
 30
0.0
  3
*Model_Space
  1

  0
ENDBLK
  5
19
330
17
100
AcDbEntity
  8
0
100
AcDbBlockEnd
  0
BLOCK
  5
1C
330
1B
100
AcDbEntity
  8
0
100
AcDbBlockBegin
  2
*Paper_Space
 70
0
 10
0.0
 20
0.0
 30
0.0
  3
*Paper_Space
  1

  0
ENDBLK
  5
1D
330
1B
100
AcDbEntity
  8
0
100
AcDbBlockEnd
  0
ENDSEC
  0
SECTION
  2
ENTITIES
  0
POLYLINE
  5
2F
330
17
100
AcDbEntity
  8
0
 62
7
370
35
100
AcDb2dPolyline
 66
1
 10
0.0
 20
0.0
 30
0.0
 70
0
  0
VERTEX
  5
30
330
2F
100
AcDbEntity
  8
0
370
0
100
AcDbVertex
100
AcDb2dVertex
 10
43.69653349999999
 20
90.429032
 30
0.0
 70
0
  0
VERTEX
  5
31
330
2F
100
AcDbEntity
  8
0
370
0
100
AcDbVertex
100
AcDb2dVertex
 10
47.45135549999986
 20
89.43376200000102
 30
0.0
 70
0
  0
VERTEX
  5
32
330
2F
100
AcDbEntity
  8
0
370
0
100
AcDbVertex
100
AcDb2dVertex
 10
49.341736500000025
 20
88.88636800000018
 30
0.0
 70
0
  0
VERTEX
  5
33
330
2F
100
AcDbEntity
  8
0
370
0
100
AcDbVertex
100
AcDb2dVertex
 10
51.23260549999986
 20
88.29951500000016
 30
0.0
 70
0
  0
VERTEX
  5
34
330
2F
100
AcDbEntity
  8
0
370
0
100
AcDbVertex
100
AcDb2dVertex
 10
53.72955349999984
 20
87.44371100000012
 30
0.0
 70
0
  0
VERTEX
  5
35
330
2F
100
AcDbEntity
  8
0
370
0
100
AcDbVertex
100
AcDb2dVertex
 10
55.38012750000007
 20
86.80525200000102
 30
0.0
 70
0
  0
VERTEX
  5
36
330
2F
100
AcDbEntity
  8
0
370
0
100
AcDbVertex
100
AcDb2dVertex
 10
56.96722450000016
 20
86.10511800000018
 30
0.0
 70
0
  0
VERTEX
  5
37
330
2F
100
AcDbEntity
  8
0
370
0
100
AcDbVertex
100
AcDb2dVertex
 10
57.76519849999977
 20
85.70445300000006
 30
0.0
 70
0
  0
VERTEX
  5
38
330
2F
100
AcDbEntity
  8
0
370
0
100
AcDbVertex
100
AcDb2dVertex
 10
58.911072500000046
 20
85.03584300000102
 30
0.0
 70
0
  0
VERTEX
  5
39
330
2F
100
AcDbEntity
  8
0
370
0
100
AcDbVertex
100
AcDb2dVertex
 10
59.49224850000019
 20
84.628555
 30
0.0
 70
0
  0
VERTEX
  5
3A
330
2F
100
AcDbEntity
  8
0
370
0
100
AcDbVertex
100
AcDb2dVertex
 10
60.02838150000116
 20
84.18086300000118
 30
0.0
 70
0
  0
VERTEX
  5
3B
330
2F
100
AcDbEntity
  8
0
370
0
100
AcDbVertex
100
AcDb2dVertex
 10
60.49737550000009
 20
83.68705799999998
 30
0.0
 70
0
  0
VERTEX
  5
3C
330
2F
100
AcDbEntity
  8
0
370
0
100
AcDbVertex
100
AcDb2dVertex
 10
60.87518349999982
 20
83.13737500000002
 30
0.0
 70
0
  0
VERTEX
  5
3D
330
2F
100
AcDbEntity
  8
0
370
0
100
AcDbVertex
100
AcDb2dVertex
 10
61.1260984999999
 20
82.54374700000017
 30
0.0
 70
0
  0
VERTEX
  5
3E
330
2F
100
AcDbEntity
  8
0
370
0
100
AcDbVertex
100
AcDb2dVertex
 10
61.216492500000186
 20
82.12828100000002
 30
0.0
 70
0
  0
SEQEND
  5
3F
330
2F
100
AcDbEntity
  8
0
370
0
  0
LINE
  5
40
330
17
100
AcDbEntity
  8
0
 62
7
370
35
 48
0.297188
100
AcDbLine
 10
49.32897950000006
 20
82.12828100000002
 30
0.0
 11
61.216492500000186
 21
82.12828100000002
 31
0.0
  0
LINE
  5
41
330
17
100
AcDbEntity
  8
0
 62
7
370
35
 48
0.025
100
AcDbLine
 10
49.32897950000006
 20
82.12828100000002
 30
0.0
 11
49.32897950000006
 21
81.12828100000115
 31
0.0
  0
LINE
  5
42
330
17
100
AcDbEntity
  8
0
 62
7
370
35
 48
0.297311
100
AcDbLine
 10
49.32897950000006
 20
81.12828100000115
 30
0.0
 11
61.2214355000001
 21
81.12828100000115
 31
0.0
  0
POLYLINE
  5
43
330
17
100
AcDbEntity
  8
0
 62
7
370
35
100
AcDb2dPolyline
 66
1
 10
0.0
 20
0.0
 30
0.0
 70
0
  0
VERTEX
  5
44
330
43
100
AcDbEntity
  8
0
370
0
100
AcDbVertex
100
AcDb2dVertex
 10
61.2214355000001
 20
81.12828100000115
 30
0.0
 70
0
  0
VERTEX
  5
45
330
43
100
AcDbEntity
  8
0
370
0
100
AcDbVertex
100
AcDb2dVertex
 10
61.06951949999984
 20
80.34382599999913
 30
0.0
 70
0
  0
VERTEX
  5
46
330
43
100
AcDbEntity
  8
0
370
0
100
AcDbVertex
100
AcDb2dVertex
 10
60.90802050000002
 20
79.83665500000006
 30
0.0
 70
0
  0
VERTEX
  5
47
330
43
100
AcDbEntity
  8
0
370
0
100
AcDbVertex
100
AcDb2dVertex
 10
60.65875249999999
 20
79.23484800000006
 30
0.0
 70
0
  0
VERTEX
  5
48
330
43
100
AcDbEntity
  8
0
370
0
100
AcDbVertex
100
AcDb2dVertex
 10
60.359802500000114
 20
78.64494300000001
 30
0.0
 70
0
  0
VERTEX
  5
49
330
43
100
AcDbEntity
  8
0
370
0
100
AcDbVertex
100
AcDb2dVertex
 10
60.020691499999884
 20
78.06758100000002
 30
0.0
 70
0
  0
VERTEX
  5
4A
330
43
100
AcDbEntity
  8
0
370
0
100
AcDbVertex
100
AcDb2dVertex
 10
59.64947549999988
 20
77.50270100000012
 30
0.0
 70
0
  0
VERTEX
  5
4B
330
43
100
AcDbEntity
  8
0
370
0
100
AcDbVertex
100
AcDb2dVertex
 10
59.13104250000015
 20
76.7881010000001
 30
0.0
 70
0
  0
VERTEX
  5
4C
330
43
100
AcDbEntity
  8
0
370
0
100
AcDbVertex
100
AcDb2dVertex
 10
58.58050550000007
 20
76.09108000000106
 30
0.0
 70
0
  0
VERTEX
  5
4D
330
43
100
AcDbEntity
  8
0
370
0
100
AcDbVertex
100
AcDb2dVertex
 10
57.84808350000003
 20
75.22730999999999
 30
0.0
 70
0
  0
VERTEX
  5
4E
330
43
100
AcDbEntity
  8
0
370
0
100
AcDbVertex
100
AcDb2dVertex
 10
57.08959950000008
 20
74.38255300000014
 30
0.0
 70
0
  0
VERTEX
  5
4F
330
43
100
AcDbEntity
  8
0
370
0
100
AcDbVertex
100
AcDb2dVertex
 10
56.031799500000034
 20
73.25575300000014
 30
0.0
 70
0
  0
VERTEX
  5
50
330
43
100
AcDbEntity
  8
0
370
0
100
AcDbVertex
100
AcDb2dVertex
 10
54.48535149999998
 20
71.6631010000001
 30
0.0
 70
0
  0
SEQEND
  5
51
330
43
100
AcDbEntity
  8
0
370
0
  0
LINE
  5
52
330
17
100
AcDbEntity
  8
0
 62
7
370
35
 48
0.324976
100
AcDbLine
 10
41.48632850000013
 20
71.6631010000001
 30
0.0
 11
54.48535149999998
 21
71.6631010000001
 31
0.0
  0
LINE
  5
53
330
17
100
AcDbEntity
  8
0
 62
7
370
35
 48
0.025
100
AcDbLine
 10
41.48632850000013
 20
71.6631010000001
 30
0.0
 11
41.48632850000013
 21
70.6631010000001
 31
0.0
  0
LINE
  5
54
330
17
100
AcDbEntity
  8
0
 62
7
370
35
 48
0.300435
100
AcDbLine
 10
41.48632850000013
 20
70.6631010000001
 30
0.0
 11
53.50372349999998
 21
70.6631010000001
 31
0.0
  0
POLYLINE
  5
55
330
17
100
AcDbEntity
  8
0
 62
7
370
35
100
AcDb2dPolyline
 66
1
 10
0.0
 20
0.0
 30
0.0
 70
0
  0
VERTEX
  5
56
330
55
100
AcDbEntity
  8
0
370
0
100
AcDbVertex
100
AcDb2dVertex
 10
53.50372349999998
 20
70.6631010000001
 30
0.0
 70
0
  0
VERTEX
  5
57
330
55
100
AcDbEntity
  8
0
370
0
100
AcDbVertex
100
AcDb2dVertex
 10
51.101013500000136
 20
68.18232700000112
 30
0.0
 70
0
  0
VERTEX
  5
58
330
55
100
AcDbEntity
  8
0
370
0
100
AcDbVertex
100
AcDb2dVertex
 10
49.25860650000004
 20
66.19410700000003
 30
0.0
 70
0
  0
VERTEX
  5
59
330
55
100
AcDbEntity
  8
0
370
0
100
AcDbVertex
100
AcDb2dVertex
 10
47.01776149999978
 20
63.60548400000016
 30
0.0
 70
0
  0
VERTEX
  5
5A
330
55
100
AcDbEntity
  8
0
370
0
100
AcDbVertex
100
AcDb2dVertex
 10
46.654236500000025
 20
63.1631010000001
 30
0.0
 70
0
  0
SEQEND
  5
5B
330
55
100
AcDbEntity
  8
0
370
0
  0
LINE
  5
5C
330
17
100
AcDbEntity
  8
0
 62
7
370
35
 48
0.244844
100
AcDbLine
 10
36.8604734999999
 20
63.1631010000001
 30
0.0
 11
46.654236500000025
 21
63.1631010000001
 31
0.0
  0
LINE
  5
5D
330
17
100
AcDbEntity
  8
0
 62
7
370
35
 48
0.025
100
AcDbLine
 10
36.8604734999999
 20
63.1631010000001
 30
0.0
 11
36.8604734999999
 21
62.16310100000101
 31
0.0
  0
LINE
  5
5E
330
17
100
AcDbEntity
  8
0
 62
7
370
35
 48
0.224802
100
AcDbLine
 10
36.8604734999999
 20
62.16310100000101
 30
0.0
 11
45.85253950000015
 21
62.16310100000101
 31
0.0
  0
POLYLINE
  5
5F
330
17
100
AcDbEntity
  8
0
 62
7
370
35
100
AcDb2dPolyline
 66
1
 10
0.0
 20
0.0
 30
0.0
 70
0
  0
VERTEX
  5
60
330
5F
100
AcDbEntity
  8
0
370
0
100
AcDbVertex
100
AcDb2dVertex
 10
45.85253950000015
 20
62.16310100000101
 30
0.0
 70
0
  0
VERTEX
  5
61
330
5F
100
AcDbEntity
  8
0
370
0
100
AcDbVertex
100
AcDb2dVertex
 10
44.37585450000006
 20
60.2662200000002
 30
0.0
 70
0
  0
VERTEX
  5
62
330
5F
100
AcDbEntity
  8
0
370
0
100
AcDbVertex
100
AcDb2dVertex
 10
42.285034500000165
 20
57.605118000000175
 30
0.0
 70
0
  0
VERTEX
  5
63
330
5F
100
AcDbEntity
  8
0
370
0
100
AcDbVertex
100
AcDb2dVertex
 10
39.71679750000112
 20
54.496842000000015
 30
0.0
 70
0
  0
VERTEX
  5
64
330
5F
100
AcDbEntity
  8
0
370
0
100
AcDbVertex
100
AcDb2dVertex
 10
37.04162649999989
 20
51.374405000000024
 30
0.0
 70
0
  0
VERTEX
  5
65
330
5F
100
AcDbEntity
  8
0
370
0
100
AcDbVertex
100
AcDb2dVertex
 10
35.99829150000005
 20
50.14210500000013
 30
0.0
 70
0
  0
VERTEX
  5
66
330
5F
100
AcDbEntity
  8
0
370
0
100
AcDbVertex
100
AcDb2dVertex
 10
34.91339149999976
 20
48.8026580000012
 30
0.0
 70
0
  0
VERTEX
  5
67
330
5F
100
AcDbEntity
  8
0
370
0
100
AcDbVertex
100
AcDb2dVertex
 10
34.17535450000014
 20
47.810745
 30
0.0
 70
0
  0
VERTEX
  5
68
330
5F
100
AcDbEntity
  8
0
370
0
100
AcDbVertex
100
AcDb2dVertex
 10
33.44165049999992
 20
46.66734300000007
 30
0.0
 70
0
  0
VERTEX
  5
69
330
5F
100
AcDbEntity
  8
0
370
0
100
AcDbVertex
100
AcDb2dVertex
 10
33.12677050000002
 20
46.07081600000015
 30
0.0
 70
0
  0
SEQEND
  5
6A
330
5F
100
AcDbEntity
  8
0
370
0
  0
LINE
  5
6B
330
17
100
AcDbEntity
  8
0
 62
7
370
35
 48
0.031093
100
AcDbLine
 10
33.12677050000002
 20
46.07081600000015
 30
0.0
 11
32.586120500000106
 21
44.95076000000017
 31
0.0
  0
LINE
  5
6C
330
17
100
AcDbEntity
  8
0
 62
7
370
35
 48
0.008403
100
AcDbLine
 10
32.586120500000106
 20
44.95076000000017
 30
0.0
 11
32.25000050000017
 21
44.95076000000017
 31
0.0
  0
LINE
  5
6D
330
17
100
AcDbEntity
  8
0
 62
7
370
35
100
AcDbLine
 10
32.25000050000017
 20
44.95076000000017
 30
0.0
 11
32.25000050000017
 21
68.96955900000012
 31
0.0
  0
LINE
  5
6E
330
17
100
AcDbEntity
  8
0
 62
7
370
35
 48
0.05
100
AcDbLine
 10
32.25000050000017
 20
68.96955900000012
 30
0.0
 11
30.25000050000017
 21
68.96955900000012
 31
0.0
  0
LINE
  5
6F
330
17
100
AcDbEntity
  8
0
 62
7
370
35
100
AcDbLine
 10
30.25000050000017
 20
44.95076000000017
 30
0.0
 11
30.25000050000017
 21
68.96955900000012
 31
0.0
  0
LINE
  5
70
330
17
100
AcDbEntity
  8
0
 62
7
370
35
 48
0.008403
100
AcDbLine
 10
30.25000050000017
 20
44.95076000000017
 30
0.0
 11
29.913879499999894
 21
44.95076000000017
 31
0.0
  0
LINE
  5
71
330
17
100
AcDbEntity
  8
0
 62
7
370
35
 48
0.031093
100
AcDbLine
 10
29.373230499999863
 20
46.07081600000015
 30
0.0
 11
29.913879499999894
 21
44.95076000000017
 31
0.0
  0
POLYLINE
  5
72
330
17
100
AcDbEntity
  8
0
 62
7
370
35
100
AcDb2dPolyline
 66
1
 10
0.0
 20
0.0
 30
0.0
 70
0
  0
VERTEX
  5
73
330
72
100
AcDbEntity
  8
0
370
0
100
AcDbVertex
100
AcDb2dVertex
 10
16.64746150000019
 20
62.16310100000101
 30
0.0
 70
0
  0
VERTEX
  5
74
330
72
100
AcDbEntity
  8
0
370
0
100
AcDbVertex
100
AcDb2dVertex
 10
18.12414549999994
 20
60.2662200000002
 30
0.0
 70
0
  0
VERTEX
  5
75
330
72
100
AcDbEntity
  8
0
370
0
100
AcDbVertex
100
AcDb2dVertex
 10
20.214966500000173
 20
57.605118000000175
 30
0.0
 70
0
  0
VERTEX
  5
76
330
72
100
AcDbEntity
  8
0
370
0
100
AcDbVertex
100
AcDb2dVertex
 10
22.783203500000127
 20
54.496842000000015
 30
0.0
 70
0
  0
VERTEX
  5
77
330
72
100
AcDbEntity
  8
0
370
0
100
AcDbVertex
100
AcDb2dVertex
 10
25.45837449999999
 20
51.374405000000024
 30
0.0
 70
0
  0
VERTEX
  5
78
330
72
100
AcDbEntity
  8
0
370
0
100
AcDbVertex
100
AcDb2dVertex
 10
26.501709499999833
 20
50.14210500000013
 30
0.0
 70
0
  0
VERTEX
  5
79
330
72
100
AcDbEntity
  8
0
370
0
100
AcDbVertex
100
AcDb2dVertex
 10
27.586609500000122
 20
48.8026580000012
 30
0.0
 70
0
  0
VERTEX
  5
7A
330
72
100
AcDbEntity
  8
0
370
0
100
AcDbVertex
100
AcDb2dVertex
 10
28.324646499999744
 20
47.810745
 30
0.0
 70
0
  0
VERTEX
  5
7B
330
72
100
AcDbEntity
  8
0
370
0
100
AcDbVertex
100
AcDb2dVertex
 10
29.058349500000077
 20
46.66734300000007
 30
0.0
 70
0
  0
VERTEX
  5
7C
330
72
100
AcDbEntity
  8
0
370
0
100
AcDbVertex
100
AcDb2dVertex
 10
29.373230499999863
 20
46.07081600000015
 30
0.0
 70
0
  0
SEQEND
  5
7D
330
72
100
AcDbEntity
  8
0
370
0
  0
LINE
  5
7E
330
17
100
AcDbEntity
  8
0
 62
7
370
35
 48
0.224802
100
AcDbLine
 10
25.639526500000102
 20
62.16310100000101
 30
0.0
 11
16.64746150000019
 21
62.16310100000101
 31
0.0
  0
LINE
  5
7F
330
17
100
AcDbEntity
  8
0
 62
7
370
35
 48
0.025
100
AcDbLine
 10
25.639526500000102
 20
63.1631010000001
 30
0.0
 11
25.639526500000102
 21
62.16310100000101
 31
0.0
  0
LINE
  5
80
330
17
100
AcDbEntity
  8
0
 62
7
370
35
 48
0.244844
100
AcDbLine
 10
25.639526500000102
 20
63.1631010000001
 30
0.0
 11
15.84576449999986
 21
63.1631010000001
 31
0.0
  0
POLYLINE
  5
81
330
17
100
AcDbEntity
  8
0
 62
7
370
35
100
AcDb2dPolyline
 66
1
 10
0.0
 20
0.0
 30
0.0
 70
0
  0
VERTEX
  5
82
330
81
100
AcDbEntity
  8
0
370
0
100
AcDbVertex
100
AcDb2dVertex
 10
8.996277499999906
 20
70.6631010000001
 30
0.0
 70
0
  0
VERTEX
  5
83
330
81
100
AcDbEntity
  8
0
370
0
100
AcDbVertex
100
AcDb2dVertex
 10
11.398987499999748
 20
68.18232700000112
 30
0.0
 70
0
  0
VERTEX
  5
84
330
81
100
AcDbEntity
  8
0
370
0
100
AcDbVertex
100
AcDb2dVertex
 10
13.241394499999842
 20
66.19410700000003
 30
0.0
 70
0
  0
VERTEX
  5
85
330
81
100
AcDbEntity
  8
0
370
0
100
AcDbVertex
100
AcDb2dVertex
 10
15.482239500000105
 20
63.60548400000016
 30
0.0
 70
0
  0
VERTEX
  5
86
330
81
100
AcDbEntity
  8
0
370
0
100
AcDbVertex
100
AcDb2dVertex
 10
15.84576449999986
 20
63.1631010000001
 30
0.0
 70
0
  0
SEQEND
  5
87
330
81
100
AcDbEntity
  8
0
370
0
  0
LINE
  5
88
330
17
100
AcDbEntity
  8
0
 62
7
370
35
 48
0.300435
100
AcDbLine
 10
21.01367250000112
 20
70.6631010000001
 30
0.0
 11
8.996277499999906
 21
70.6631010000001
 31
0.0
  0
LINE
  5
89
330
17
100
AcDbEntity
  8
0
 62
7
370
35
 48
0.025
100
AcDbLine
 10
21.01367250000112
 20
71.6631010000001
 30
0.0
 11
21.01367250000112
 21
70.6631010000001
 31
0.0
  0
LINE
  5
8A
330
17
100
AcDbEntity
  8
0
 62
7
370
35
 48
0.324976
100
AcDbLine
 10
21.01367250000112
 20
71.6631010000001
 30
0.0
 11
8.014648500000021
 21
71.6631010000001
 31
0.0
  0
POLYLINE
  5
8B
330
17
100
AcDbEntity
  8
0
 62
7
370
35
100
AcDb2dPolyline
 66
1
 10
0.0
 20
0.0
 30
0.0
 70
0
  0
VERTEX
  5
8C
330
8B
100
AcDbEntity
  8
0
370
0
100
AcDbVertex
100
AcDb2dVertex
 10
1.2785644999999022
 20
81.12828100000115
 30
0.0
 70
0
  0
VERTEX
  5
8D
330
8B
100
AcDbEntity
  8
0
370
0
100
AcDbVertex
100
AcDb2dVertex
 10
1.4304815000000417
 20
80.34382599999913
 30
0.0
 70
0
  0
VERTEX
  5
8E
330
8B
100
AcDbEntity
  8
0
370
0
100
AcDbVertex
100
AcDb2dVertex
 10
1.5919804999998632
 20
79.83665500000006
 30
0.0
 70
0
  0
VERTEX
  5
8F
330
8B
100
AcDbEntity
  8
0
370
0
100
AcDbVertex
100
AcDb2dVertex
 10
1.8412475000000086
 20
79.23484800000006
 30
0.0
 70
0
  0
VERTEX
  5
90
330
8B
100
AcDbEntity
  8
0
370
0
100
AcDbVertex
100
AcDb2dVertex
 10
2.1401984999997694
 20
78.64494300000001
 30
0.0
 70
0
  0
VERTEX
  5
91
330
8B
100
AcDbEntity
  8
0
370
0
100
AcDbVertex
100
AcDb2dVertex
 10
2.4793094999999994
 20
78.06758100000002
 30
0.0
 70
0
  0
VERTEX
  5
92
330
8B
100
AcDbEntity
  8
0
370
0
100
AcDbVertex
100
AcDb2dVertex
 10
2.8505255000000034
 20
77.50270100000012
 30
0.0
 70
0
  0
VERTEX
  5
93
330
8B
100
AcDbEntity
  8
0
370
0
100
AcDbVertex
100
AcDb2dVertex
 10
3.3689574999998513
 20
76.7881010000001
 30
0.0
 70
0
  0
VERTEX
  5
94
330
8B
100
AcDbEntity
  8
0
370
0
100
AcDbVertex
100
AcDb2dVertex
 10
3.919494499999928
 20
76.09108000000106
 30
0.0
 70
0
  0
VERTEX
  5
95
330
8B
100
AcDbEntity
  8
0
370
0
100
AcDbVertex
100
AcDb2dVertex
 10
4.65191649999997
 20
75.22730999999999
 30
0.0
 70
0
  0
VERTEX
  5
96
330
8B
100
AcDbEntity
  8
0
370
0
100
AcDbVertex
100
AcDb2dVertex
 10
5.410400499999923
 20
74.38255300000014
 30
0.0
 70
0
  0
VERTEX
  5
97
330
8B
100
AcDbEntity
  8
0
370
0
100
AcDbVertex
100
AcDb2dVertex
 10
6.46820149999985
 20
73.25575300000014
 30
0.0
 70
0
  0
VERTEX
  5
98
330
8B
100
AcDbEntity
  8
0
370
0
100
AcDbVertex
100
AcDb2dVertex
 10
8.014648500000021
 20
71.6631010000001
 30
0.0
 70
0
  0
SEQEND
  5
99
330
8B
100
AcDbEntity
  8
0
370
0
  0
LINE
  5
9A
330
17
100
AcDbEntity
  8
0
 62
7
370
35
 48
0.297311
100
AcDbLine
 10
13.17102049999994
 20
81.12828100000115
 30
0.0
 11
1.2785644999999022
 21
81.12828100000115
 31
0.0
  0
LINE
  5
9B
330
17
100
AcDbEntity
  8
0
 62
7
370
35
 48
0.025
100
AcDbLine
 10
13.17102049999994
 20
82.12828100000002
 30
0.0
 11
13.17102049999994
 21
81.12828100000115
 31
0.0
  0
LINE
  5
9C
330
17
100
AcDbEntity
  8
0
 62
7
370
35
 48
0.297188
100
AcDbLine
 10
13.17102049999994
 20
82.12828100000002
 30
0.0
 11
1.2835085000001527
 21
82.12828100000002
 31
0.0
  0
POLYLINE
  5
9D
330
17
100
AcDbEntity
  8
0
 62
7
370
35
100
AcDb2dPolyline
 66
1
 10
0.0
 20
0.0
 30
0.0
 70
0
  0
VERTEX
  5
9E
330
9D
100
AcDbEntity
  8
0
370
0
100
AcDbVertex
100
AcDb2dVertex
 10
18.803467499999897
 20
90.429032
 30
0.0
 70
0
  0
VERTEX
  5
9F
330
9D
100
AcDbEntity
  8
0
370
0
100
AcDbVertex
100
AcDb2dVertex
 10
15.04864550000002
 20
89.43376200000102
 30
0.0
 70
0
  0
VERTEX
  5
A0
330
9D
100
AcDbEntity
  8
0
370
0
100
AcDbVertex
100
AcDb2dVertex
 10
13.15826449999986
 20
88.88636800000018
 30
0.0
 70
0
  0
VERTEX
  5
A1
330
9D
100
AcDbEntity
  8
0
370
0
100
AcDbVertex
100
AcDb2dVertex
 10
11.26739550000002
 20
88.29951500000016
 30
0.0
 70
0
  0
VERTEX
  5
A2
330
9D
100
AcDbEntity
  8
0
370
0
100
AcDbVertex
100
AcDb2dVertex
 10
8.770447500000046
 20
87.44371100000012
 30
0.0
 70
0
  0
VERTEX
  5
A3
330
9D
100
AcDbEntity
  8
0
370
0
100
AcDbVertex
100
AcDb2dVertex
 10
7.119873499999812
 20
86.80525200000102
 30
0.0
 70
0
  0
VERTEX
  5
A4
330
9D
100
AcDbEntity
  8
0
370
0
100
AcDbVertex
100
AcDb2dVertex
 10
5.532776500000182
 20
86.10511800000018
 30
0.0
 70
0
  0
VERTEX
  5
A5
330
9D
100
AcDbEntity
  8
0
370
0
100
AcDbVertex
100
AcDb2dVertex
 10
4.734802500000114
 20
85.70445300000006
 30
0.0
 70
0
  0
VERTEX
  5
A6
330
9D
100
AcDbEntity
  8
0
370
0
100
AcDbVertex
100
AcDb2dVertex
 10
3.588928499999838
 20
85.03584300000102
 30
0.0
 70
0
  0
VERTEX
  5
A7
330
9D
100
AcDbEntity
  8
0
370
0
100
AcDbVertex
100
AcDb2dVertex
 10
3.007751499999813
 20
84.628555
 30
0.0
 70
0
  0
VERTEX
  5
A8
330
9D
100
AcDbEntity
  8
0
370
0
100
AcDbVertex
100
AcDb2dVertex
 10
2.471619500000088
 20
84.18086300000118
 30
0.0
 70
0
  0
VERTEX
  5
A9
330
9D
100
AcDbEntity
  8
0
370
0
100
AcDbVertex
100
AcDb2dVertex
 10
2.0026244999999108
 20
83.68705799999998
 30
0.0
 70
0
  0
VERTEX
  5
AA
330
9D
100
AcDbEntity
  8
0
370
0
100
AcDbVertex
100
AcDb2dVertex
 10
1.6248175000000629
 20
83.13737500000002
 30
0.0
 70
0
  0
VERTEX
  5
AB
330
9D
100
AcDbEntity
  8
0
370
0
100
AcDbVertex
100
AcDb2dVertex
 10
1.3739015000001018
 20
82.54374700000017
 30
0.0
 70
0
  0
VERTEX
  5
AC
330
9D
100
AcDbEntity
  8
0
370
0
100
AcDbVertex
100
AcDb2dVertex
 10
1.2835085000001527
 20
82.12828100000002
 30
0.0
 70
0
  0
SEQEND
  5
AD
330
9D
100
AcDbEntity
  8
0
370
0
  0
LINE
  5
AE
330
17
100
AcDbEntity
  8
0
 62
7
370
35
 48
0.320792
100
AcDbLine
 10
18.803467499999897
 20
90.429032
 30
0.0
 11
31.25000050000017
 21
93.54924000000005
 31
0.0
  0
LINE
  5
AF
330
17
100
AcDbEntity
  8
0
 62
7
370
35
 48
0.320792
100
AcDbLine
 10
43.69653349999999
 20
90.429032
 30
0.0
 11
31.25000050000017
 21
93.54924000000005
 31
0.0
  0
ARC
  5
B0
330
17
100
AcDbEntity
  8
0
 62
7
370
35
100
AcDbCircle
 10
57.75
 20
48.77181150000024
 30
0.0
 40
11.483274
100
AcDbArc
 50
-136.79293400000225
 51
-43.207047999997
  0
POLYLINE
  5
B1
330
17
100
AcDbEntity
  8
0
 62
7
370
35
100
AcDb2dPolyline
 66
1
 10
0.0
 20
0.0
 30
0.0
 70
0
  0
VERTEX
  5
B2
330
B1
100
AcDbEntity
  8
0
370
0
100
AcDbVertex
100
AcDb2dVertex
 10
71.58099299999913
 20
39.887091500000224
 30
0.0
 70
0
  0
VERTEX
  5
B3
330
B1
100
AcDbEntity
  8
0
370
0
100
AcDbVertex
100
AcDb2dVertex
 10
69.63415500000019
 20
40.30478550000021
 30
0.0
 70
0
  0
VERTEX
  5
B4
330
B1
100
AcDbEntity
  8
0
370
0
100
AcDbVertex
100
AcDb2dVertex
 10
67.87725799999998
 20
40.63574849999918
 30
0.0
 70
0
  0
VERTEX
  5
B5
330
B1
100
AcDbEntity
  8
0
370
0
100
AcDbVertex
100
AcDb2dVertex
 10
66.11993399999983
 20
40.909948500000155
 30
0.0
 70
0
  0
SEQEND
  5
B6
330
B1
100
AcDbEntity
  8
0
370
0
  0
LINE
  5
B7
330
17
100
AcDbEntity
  8
0
 62
7
370
35
 48
0.0838
100
AcDbLine
 10
72.16302499999983
 20
43.18816250000032
 30
0.0
 11
71.58099299999913
 21
39.887091500000224
 31
0.0
  0
LINE
  5
B8
330
17
100
AcDbEntity
  8
0
 62
7
370
35
 48
0.025
100
AcDbLine
 10
73.14782699999978
 20
43.01451750000024
 30
0.0
 11
72.16302499999983
 21
43.18816250000032
 31
0.0
  0
LINE
  5
B9
330
17
100
AcDbEntity
  8
0
 62
7
370
35
 48
0.084981
100
AcDbLine
 10
73.14782699999978
 20
43.01451750000024
 30
0.0
 11
72.5575560000002
 21
39.66692250000028
 31
0.0
  0
POLYLINE
  5
BA
330
17
100
AcDbEntity
  8
0
 62
7
370
35
100
AcDb2dPolyline
 66
1
 10
0.0
 20
0.0
 30
0.0
 70
0
  0
VERTEX
  5
BB
330
BA
100
AcDbEntity
  8
0
370
0
100
AcDbVertex
100
AcDb2dVertex
 10
87.27709899999991
 20
37.97978850000027
 30
0.0
 70
0
  0
VERTEX
  5
BC
330
BA
100
AcDbEntity
  8
0
370
0
100
AcDbVertex
100
AcDb2dVertex
 10
86.51922599999989
 20
37.93660650000015
 30
0.0
 70
0
  0
VERTEX
  5
BD
330
BA
100
AcDbEntity
  8
0
370
0
100
AcDbVertex
100
AcDb2dVertex
 10
84.5648799999999
 20
37.91168850000031
 30
0.0
 70
0
  0
VERTEX
  5
BE
330
BA
100
AcDbEntity
  8
0
370
0
100
AcDbVertex
100
AcDb2dVertex
 10
82.60949699999901
 20
37.99643550000019
 30
0.0
 70
0
  0
VERTEX
  5
BF
330
BA
100
AcDbEntity
  8
0
370
0
100
AcDbVertex
100
AcDb2dVertex
 10
81.2019039999991
 20
38.11685850000026
 30
0.0
 70
0
  0
VERTEX
  5
C0
330
BA
100
AcDbEntity
  8
0
370
0
100
AcDbVertex
100
AcDb2dVertex
 10
79.6483760000001
 20
38.30141349999917
 30
0.0
 70
0
  0
VERTEX
  5
C1
330
BA
100
AcDbEntity
  8
0
370
0
100
AcDbVertex
100
AcDb2dVertex
 10
78.09954799999878
 20
38.53473550000035
 30
0.0
 70
0
  0
VERTEX
  5
C2
330
BA
100
AcDbEntity
  8
0
370
0
100
AcDbVertex
100
AcDb2dVertex
 10
76.40496799999983
 20
38.840048500000194
 30
0.0
 70
0
  0
VERTEX
  5
C3
330
BA
100
AcDbEntity
  8
0
370
0
100
AcDbVertex
100
AcDb2dVertex
 10
74.71826199999987
 20
39.18608750000021
 30
0.0
 70
0
  0
VERTEX
  5
C4
330
BA
100
AcDbEntity
  8
0
370
0
100
AcDbVertex
100
AcDb2dVertex
 10
72.5575560000002
 20
39.66692250000028
 30
0.0
 70
0
  0
SEQEND
  5
C5
330
BA
100
AcDbEntity
  8
0
370
0
  0
LINE
  5
C6
330
17
100
AcDbEntity
  8
0
 62
7
370
35
 48
0.061905
100
AcDbLine
 10
87.0612789999991
 20
40.44658549999917
 30
0.0
 11
87.27709899999991
 21
37.97978850000027
 31
0.0
  0
LINE
  5
C7
330
17
100
AcDbEntity
  8
0
 62
7
370
35
 48
0.025001
100
AcDbLine
 10
88.05749500000002
 20
40.533743500000355
 30
0.0
 11
87.0612789999991
 21
40.44658549999917
 31
0.0
  0
LINE
  5
C8
330
17
100
AcDbEntity
  8
0
 62
7
370
35
 48
0.061863
100
AcDbLine
 10
88.05749500000002
 20
40.533743500000355
 30
0.0
 11
88.2731319999998
 21
38.06864050000013
 31
0.0
  0
POLYLINE
  5
C9
330
17
100
AcDbEntity
  8
0
 62
7
370
35
100
AcDb2dPolyline
 66
1
 10
0.0
 20
0.0
 30
0.0
 70
0
  0
VERTEX
  5
CA
330
C9
100
AcDbEntity
  8
0
370
0
100
AcDbVertex
100
AcDb2dVertex
 10
102.68103000000019
 20
44.302801500000214
 30
0.0
 70
0
  0
VERTEX
  5
CB
330
C9
100
AcDbEntity
  8
0
370
0
100
AcDbVertex
100
AcDb2dVertex
 10
100.21447699999999
 20
42.974554500000295
 30
0.0
 70
0
  0
VERTEX
  5
CC
330
C9
100
AcDbEntity
  8
0
370
0
100
AcDbVertex
100
AcDb2dVertex
 10
99.1366579999999
 20
42.35523050000029
 30
0.0
 70
0
  0
VERTEX
  5
CD
330
C9
100
AcDbEntity
  8
0
370
0
100
AcDbVertex
100
AcDb2dVertex
 10
96.97045900000012
 20
41.11266149999915
 30
0.0
 70
0
  0
VERTEX
  5
CE
330
C9
100
AcDbEntity
  8
0
370
0
100
AcDbVertex
100
AcDb2dVertex
 10
95.87084899999991
 20
40.5176455000003
 30
0.0
 70
0
  0
VERTEX
  5
CF
330
C9
100
AcDbEntity
  8
0
370
0
100
AcDbVertex
100
AcDb2dVertex
 10
94.30078099999992
 20
39.74910649999924
 30
0.0
 70
0
  0
VERTEX
  5
D0
330
C9
100
AcDbEntity
  8
0
370
0
100
AcDbVertex
100
AcDb2dVertex
 10
92.93890399999918
 20
39.18218149999916
 30
0.0
 70
0
  0
VERTEX
  5
D1
330
C9
100
AcDbEntity
  8
0
370
0
100
AcDbVertex
100
AcDb2dVertex
 10
92.09832699999879
 20
38.88541250000026
 30
0.0
 70
0
  0
VERTEX
  5
D2
330
C9
100
AcDbEntity
  8
0
370
0
100
AcDbVertex
100
AcDb2dVertex
 10
91.24694799999997
 20
38.628546499999175
 30
0.0
 70
0
  0
VERTEX
  5
D3
330
C9
100
AcDbEntity
  8
0
370
0
100
AcDbVertex
100
AcDb2dVertex
 10
90.38562000000002
 20
38.41399250000018
 30
0.0
 70
0
  0
VERTEX
  5
D4
330
C9
100
AcDbEntity
  8
0
370
0
100
AcDbVertex
100
AcDb2dVertex
 10
89.51593000000003
 20
38.24230050000028
 30
0.0
 70
0
  0
VERTEX
  5
D5
330
C9
100
AcDbEntity
  8
0
370
0
100
AcDbVertex
100
AcDb2dVertex
 10
88.2731319999998
 20
38.06864050000013
 30
0.0
 70
0
  0
SEQEND
  5
D6
330
C9
100
AcDbEntity
  8
0
370
0
  0
LINE
  5
D7
330
17
100
AcDbEntity
  8
0
 62
7
370
35
 48
0.039317
100
AcDbLine
 10
102.68103000000019
 20
44.302801500000214
 30
0.0
 11
102.14312699999982
 21
45.78061549999916
 31
0.0
  0
LINE
  5
D8
330
17
100
AcDbEntity
  8
0
 62
7
370
35
 48
0.025
100
AcDbLine
 10
103.08282499999905
 20
46.12264150000033
 30
0.0
 11
102.14312699999982
 21
45.78061549999916
 31
0.0
  0
LINE
  5
D9
330
17
100
AcDbEntity
  8
0
 62
7
370
35
 48
0.036558
100
AcDbLine
 10
103.58294699999988
 20
44.74849550000022
 30
0.0
 11
103.08282499999905
 21
46.12264150000033
 31
0.0
  0
POLYLINE
  5
DA
330
17
100
AcDbEntity
  8
0
 62
7
370
35
100
AcDb2dPolyline
 66
1
 10
0.0
 20
0.0
 30
0.0
 70
0
  0
VERTEX
  5
DB
330
DA
100
AcDbEntity
  8
0
370
0
100
AcDbVertex
100
AcDb2dVertex
 10
108.22381600000017
 20
46.837301500000194
 30
0.0
 70
0
  0
VERTEX
  5
DC
330
DA
100
AcDbEntity
  8
0
370
0
100
AcDbVertex
100
AcDb2dVertex
 10
105.12188699999979
 20
45.469366500000206
 30
0.0
 70
0
  0
VERTEX
  5
DD
330
DA
100
AcDbEntity
  8
0
370
0
100
AcDbVertex
100
AcDb2dVertex
 10
103.58294699999988
 20
44.74849550000022
 30
0.0
 70
0
  0
SEQEND
  5
DE
330
DA
100
AcDbEntity
  8
0
370
0
  0
LINE
  5
DF
330
17
100
AcDbEntity
  8
0
 62
7
370
35
 48
0.014669
100
AcDbLine
 10
108.22381600000017
 20
46.837301500000194
 30
0.0
 11
108.0231319999998
 21
47.388678500000196
 31
0.0
  0
LINE
  5
E0
330
17
100
AcDbEntity
  8
0
 62
7
370
35
 48
0.063442
100
AcDbLine
 10
105.63848899999994
 20
46.52072750000025
 30
0.0
 11
108.0231319999998
 21
47.388678500000196
 31
0.0
  0
LINE
  5
E1
330
17
100
AcDbEntity
  8
0
 62
7
370
35
 48
0.025
100
AcDbLine
 10
105.63848899999994
 20
46.52072750000025
 30
0.0
 11
105.29650899999979
 21
47.460425500000156
 31
0.0
  0
LINE
  5
E2
330
17
100
AcDbEntity
  8
0
 62
7
370
35
 48
0.063442
100
AcDbLine
 10
105.29650899999979
 20
47.460425500000156
 30
0.0
 11
107.68115200000011
 21
48.32837550000022
 31
0.0
  0
LINE
  5
E3
330
17
100
AcDbEntity
  8
0
 62
7
370
35
 48
0.020178
100
AcDbLine
 10
107.68115200000011
 20
48.32837550000022
 30
0.0
 11
107.4050900000002
 21
49.08681350000029
 31
0.0
  0
POLYLINE
  5
E4
330
17
100
AcDbEntity
  8
0
 62
7
370
35
100
AcDb2dPolyline
 66
1
 10
0.0
 20
0.0
 30
0.0
 70
0
  0
VERTEX
  5
E5
330
E4
100
AcDbEntity
  8
0
370
0
100
AcDbVertex
100
AcDb2dVertex
 10
107.4050900000002
 20
49.08681350000029
 30
0.0
 70
0
  0
VERTEX
  5
E6
330
E4
100
AcDbEntity
  8
0
370
0
100
AcDbVertex
100
AcDb2dVertex
 10
105.82464600000003
 20
48.62387750000016
 30
0.0
 70
0
  0
VERTEX
  5
E7
330
E4
100
AcDbEntity
  8
0
370
0
100
AcDbVertex
100
AcDb2dVertex
 10
104.24755800000003
 20
48.128424499999255
 30
0.0
 70
0
  0
VERTEX
  5
E8
330
E4
100
AcDbEntity
  8
0
370
0
100
AcDbVertex
100
AcDb2dVertex
 10
101.89184599999908
 20
47.29895650000026
 30
0.0
 70
0
  0
VERTEX
  5
E9
330
E4
100
AcDbEntity
  8
0
370
0
100
AcDbVertex
100
AcDb2dVertex
 10
99.56701599999906
 20
46.368200500000285
 30
0.0
 70
0
  0
VERTEX
  5
EA
330
E4
100
AcDbEntity
  8
0
370
0
100
AcDbVertex
100
AcDb2dVertex
 10
97.27343699999983
 20
45.42702350000013
 30
0.0
 70
0
  0
VERTEX
  5
EB
330
E4
100
AcDbEntity
  8
0
370
0
100
AcDbVertex
100
AcDb2dVertex
 10
95.9465939999991
 20
44.91193249999924
 30
0.0
 70
0
  0
VERTEX
  5
EC
330
E4
100
AcDbEntity
  8
0
370
0
100
AcDbVertex
100
AcDb2dVertex
 10
94.60589600000003
 20
44.43300450000015
 30
0.0
 70
0
  0
VERTEX
  5
ED
330
E4
100
AcDbEntity
  8
0
370
0
100
AcDbVertex
100
AcDb2dVertex
 10
93.51495299999988
 20
44.08159549999914
 30
0.0
 70
0
  0
VERTEX
  5
EE
330
E4
100
AcDbEntity
  8
0
370
0
100
AcDbVertex
100
AcDb2dVertex
 10
92.40966799999978
 20
43.76558550000027
 30
0.0
 70
0
  0
VERTEX
  5
EF
330
E4
100
AcDbEntity
  8
0
370
0
100
AcDbVertex
100
AcDb2dVertex
 10
90.63610799999879
 20
43.35204149999913
 30
0.0
 70
0
  0
VERTEX
  5
F0
330
E4
100
AcDbEntity
  8
0
370
0
100
AcDbVertex
100
AcDb2dVertex
 10
88.82806399999981
 20
43.06024849999926
 30
0.0
 70
0
  0
VERTEX
  5
F1
330
E4
100
AcDbEntity
  8
0
370
0
100
AcDbVertex
100
AcDb2dVertex
 10
87.84515399999918
 20
42.96066950000022
 30
0.0
 70
0
  0
SEQEND
  5
F2
330
E4
100
AcDbEntity
  8
0
370
0
  0
ARC
  5
F3
330
17
100
AcDbEntity
  8
0
 62
7
370
35
100
AcDbCircle
 10
86.1408080000001
 20
64.35262149999926
 30
0.0
 40
21.45972
100
AcDbArc
 50
-88.11622400000734
 51
-85.4447669999912
  0
POLYLINE
  5
F4
330
17
100
AcDbEntity
  8
0
 62
7
370
35
100
AcDb2dPolyline
 66
1
 10
0.0
 20
0.0
 30
0.0
 70
0
  0
VERTEX
  5
F5
330
F4
100
AcDbEntity
  8
0
370
0
100
AcDbVertex
100
AcDb2dVertex
 10
86.84625199999891
 20
42.90453250000019
 30
0.0
 70
0
  0
VERTEX
  5
F6
330
F4
100
AcDbEntity
  8
0
370
0
100
AcDbVertex
100
AcDb2dVertex
 10
85.537781
 20
42.906408500000225
 30
0.0
 70
0
  0
VERTEX
  5
F7
330
F4
100
AcDbEntity
  8
0
370
0
100
AcDbVertex
100
AcDb2dVertex
 10
84.23492399999895
 20
43.00058650000028
 30
0.0
 70
0
  0
VERTEX
  5
F8
330
F4
100
AcDbEntity
  8
0
370
0
100
AcDbVertex
100
AcDb2dVertex
 10
83.20458999999983
 20
43.14162350000015
 30
0.0
 70
0
  0
VERTEX
  5
F9
330
F4
100
AcDbEntity
  8
0
370
0
100
AcDbVertex
100
AcDb2dVertex
 10
82.18420399999923
 20
43.3374845000003
 30
0.0
 70
0
  0
VERTEX
  5
FA
330
F4
100
AcDbEntity
  8
0
370
0
100
AcDbVertex
100
AcDb2dVertex
 10
81.13830599999983
 20
43.5926115000002
 30
0.0
 70
0
  0
VERTEX
  5
FB
330
F4
100
AcDbEntity
  8
0
370
0
100
AcDbVertex
100
AcDb2dVertex
 10
79.34088100000008
 20
44.142569499999354
 30
0.0
 70
0
  0
VERTEX
  5
FC
330
F4
100
AcDbEntity
  8
0
370
0
100
AcDbVertex
100
AcDb2dVertex
 10
77.82800299999917
 20
44.687246500000356
 30
0.0
 70
0
  0
VERTEX
  5
FD
330
F4
100
AcDbEntity
  8
0
370
0
100
AcDbVertex
100
AcDb2dVertex
 10
74.86834699999918
 20
45.82718549999913
 30
0.0
 70
0
  0
VERTEX
  5
FE
330
F4
100
AcDbEntity
  8
0
370
0
100
AcDbVertex
100
AcDb2dVertex
 10
73.71905500000003
 20
46.253943499999195
 30
0.0
 70
0
  0
SEQEND
  5
FF
330
F4
100
AcDbEntity
  8
0
370
0
  0
ARC
  5
100
330
17
100
AcDbEntity
  8
0
 62
7
370
35
100
AcDbCircle
 10
48.21893299999965
 20
-24.03162549999979
 30
0.0
 40
74.76842399999998
100
AcDbArc
 50
70.05885000000869
 51
70.8359420000117
  0
ARC
  5
101
330
17
100
AcDbEntity
  8
0
 62
7
370
35
100
AcDbCircle
 10
50.43444799999952
 20
-17.493447499999775
 30
0.0
 40
67.865112
100
AcDbArc
 50
70.79073900001268
 51
73.96018600000798
  0
ARC
  5
102
330
17
100
AcDbEntity
  8
0
 62
7
370
35
100
AcDbCircle
 10
57.75
 20
48.77181150000024
 30
0.0
 40
11.483274
100
AcDbArc
 50
-5.207686000000515
 51
22.842332999994994
  0
LINE
  5
103
330
17
100
AcDbEntity
  8
0
 62
7
370
35
 48
0.124193
100
AcDbLine
 10
63.364990000000034
 20
53.22957450000035
 30
0.0
 11
68.33270200000015
 21
53.22957450000035
 31
0.0
  0
LINE
  5
104
330
17
100
AcDbEntity
  8
0
 62
7
370
35
 48
0.025
100
AcDbLine
 10
63.364990000000034
 20
53.22957450000035
 30
0.0
 11
63.364990000000034
 21
54.22957450000035
 31
0.0
  0
LINE
  5
105
330
17
100
AcDbEntity
  8
0
 62
7
370
35
 48
0.11221
100
AcDbLine
 10
63.364990000000034
 20
54.22957450000035
 30
0.0
 11
67.85339299999987
 21
54.22957450000035
 31
0.0
  0
ARC
  5
106
330
17
100
AcDbEntity
  8
0
 62
7
370
35
100
AcDbCircle
 10
57.75
 20
48.77181150000024
 30
0.0
 40
11.483274
100
AcDbArc
 50
28.377573000005288
 51
85.0041720000001
  0
LINE
  5
107
330
17
100
AcDbEntity
  8
0
 62
7
370
35
 48
0.285991
100
AcDbLine
 10
58.75
 20
48.77181150000024
 30
0.0
 11
58.75
 21
60.21146250000015
 31
0.0
  0
LINE
  5
108
330
17
100
AcDbEntity
  8
0
 62
7
370
35
 48
0.05
100
AcDbLine
 10
56.75
 20
48.77181150000024
 30
0.0
 11
58.75
 21
48.77181150000024
 31
0.0
  0
LINE
  5
109
330
17
100
AcDbEntity
  8
0
 62
7
370
35
 48
0.285991
100
AcDbLine
 10
56.75
 20
48.77181150000024
 30
0.0
 11
56.75
 21
60.21146250000015
 31
0.0
  0
ARC
  5
10A
330
17
100
AcDbEntity
  8
0
 62
7
370
35
100
AcDbCircle
 10
57.75
 20
48.77181150000024
 30
0.0
 40
11.483274
100
AcDbArc
 50
94.99583000000553
 51
151.6224289999996
  0
LINE
  5
10B
330
17
100
AcDbEntity
  8
0
 62
7
370
35
 48
0.11221
100
AcDbLine
 10
52.135009999999966
 20
54.22957450000035
 30
0.0
 11
47.64660599999979
 21
54.22957450000035
 31
0.0
  0
LINE
  5
10C
330
17
100
AcDbEntity
  8
0
 62
7
370
35
 48
0.025
100
AcDbLine
 10
52.135009999999966
 20
53.22957450000035
 30
0.0
 11
52.135009999999966
 21
54.22957450000035
 31
0.0
  0
LINE
  5
10D
330
17
100
AcDbEntity
  8
0
 62
7
370
35
 48
0.124193
100
AcDbLine
 10
52.135009999999966
 20
53.22957450000035
 30
0.0
 11
47.16729699999996
 21
53.22957450000035
 31
0.0
  0
ARC
  5
10E
330
17
100
AcDbEntity
  8
0
 62
7
370
35
100
AcDbCircle
 10
57.75
 20
48.77181150000024
 30
0.0
 40
11.483274
100
AcDbArc
 50
157.1576700000067
 51
-174.79241200000249
  0
ARC
  5
10F
330
17
100
AcDbEntity
  8
0
 62
7
370
35
100
AcDbCircle
 10
65.06555199999957
 20
-17.493447499999775
 30
0.0
 40
67.865112
100
AcDbArc
 50
106.0398159999893
 51
109.2092620000064
  0
ARC
  5
110
330
17
100
AcDbEntity
  8
0
 62
7
370
35
100
AcDbCircle
 10
67.28106699999944
 20
-24.03162549999979
 30
0.0
 40
74.76842399999998
100
AcDbArc
 50
109.16406000000141
 51
109.94114499999857
  0
POLYLINE
  5
111
330
17
100
AcDbEntity
  8
0
 62
7
370
35
100
AcDb2dPolyline
 66
1
 10
0.0
 20
0.0
 30
0.0
 70
0
  0
VERTEX
  5
112
330
111
100
AcDbEntity
  8
0
370
0
100
AcDbVertex
100
AcDb2dVertex
 10
28.65374699999893
 20
42.90453250000019
 30
0.0
 70
0
  0
VERTEX
  5
113
330
111
100
AcDbEntity
  8
0
370
0
100
AcDbVertex
100
AcDb2dVertex
 10
29.962219000000005
 20
42.906408500000225
 30
0.0
 70
0
  0
VERTEX
  5
114
330
111
100
AcDbEntity
  8
0
370
0
100
AcDbVertex
100
AcDb2dVertex
 10
31.265075999999226
 20
43.00058650000028
 30
0.0
 70
0
  0
VERTEX
  5
115
330
111
100
AcDbEntity
  8
0
370
0
100
AcDbVertex
100
AcDb2dVertex
 10
32.295410000000174
 20
43.14162350000015
 30
0.0
 70
0
  0
VERTEX
  5
116
330
111
100
AcDbEntity
  8
0
370
0
100
AcDbVertex
100
AcDb2dVertex
 10
33.315795999999864
 20
43.3374845000003
 30
0.0
 70
0
  0
VERTEX
  5
117
330
111
100
AcDbEntity
  8
0
370
0
100
AcDbVertex
100
AcDb2dVertex
 10
34.36169400000017
 20
43.5926115000002
 30
0.0
 70
0
  0
VERTEX
  5
118
330
111
100
AcDbEntity
  8
0
370
0
100
AcDbVertex
100
AcDb2dVertex
 10
36.159117999999125
 20
44.142569499999354
 30
0.0
 70
0
  0
VERTEX
  5
119
330
111
100
AcDbEntity
  8
0
370
0
100
AcDbVertex
100
AcDb2dVertex
 10
37.67199699999901
 20
44.687246500000356
 30
0.0
 70
0
  0
VERTEX
  5
11A
330
111
100
AcDbEntity
  8
0
370
0
100
AcDbVertex
100
AcDb2dVertex
 10
40.631652999999005
 20
45.82718549999913
 30
0.0
 70
0
  0
VERTEX
  5
11B
330
111
100
AcDbEntity
  8
0
370
0
100
AcDbVertex
100
AcDb2dVertex
 10
41.780944999999974
 20
46.253943499999195
 30
0.0
 70
0
  0
SEQEND
  5
11C
330
111
100
AcDbEntity
  8
0
370
0
  0
ARC
  5
11D
330
17
100
AcDbEntity
  8
0
 62
7
370
35
100
AcDbCircle
 10
29.359191999999894
 20
64.35262149999926
 30
0.0
 40
21.45972
100
AcDbArc
 50
-94.55523500001077
 51
-91.88377700000696
  0
POLYLINE
  5
11E
330
17
100
AcDbEntity
  8
0
 62
7
370
35
100
AcDb2dPolyline
 66
1
 10
0.0
 20
0.0
 30
0.0
 70
0
  0
VERTEX
  5
11F
330
11E
100
AcDbEntity
  8
0
370
0
100
AcDbVertex
100
AcDb2dVertex
 10
8.0949099999998
 20
49.08681350000029
 30
0.0
 70
0
  0
VERTEX
  5
120
330
11E
100
AcDbEntity
  8
0
370
0
100
AcDbVertex
100
AcDb2dVertex
 10
9.67535399999906
 20
48.62387750000016
 30
0.0
 70
0
  0
VERTEX
  5
121
330
11E
100
AcDbEntity
  8
0
370
0
100
AcDbVertex
100
AcDb2dVertex
 10
11.25244100000009
 20
48.128424499999255
 30
0.0
 70
0
  0
VERTEX
  5
122
330
11E
100
AcDbEntity
  8
0
370
0
100
AcDbVertex
100
AcDb2dVertex
 10
13.608153999999104
 20
47.29895650000026
 30
0.0
 70
0
  0
VERTEX
  5
123
330
11E
100
AcDbEntity
  8
0
370
0
100
AcDbVertex
100
AcDb2dVertex
 10
15.932982999998785
 20
46.368200500000285
 30
0.0
 70
0
  0
VERTEX
  5
124
330
11E
100
AcDbEntity
  8
0
370
0
100
AcDbVertex
100
AcDb2dVertex
 10
18.22656199999983
 20
45.42702350000013
 30
0.0
 70
0
  0
VERTEX
  5
125
330
11E
100
AcDbEntity
  8
0
370
0
100
AcDbVertex
100
AcDb2dVertex
 10
19.553405999999995
 20
44.91193249999924
 30
0.0
 70
0
  0
VERTEX
  5
126
330
11E
100
AcDbEntity
  8
0
370
0
100
AcDbVertex
100
AcDb2dVertex
 10
20.89410399999906
 20
44.43300450000015
 30
0.0
 70
0
  0
VERTEX
  5
127
330
11E
100
AcDbEntity
  8
0
370
0
100
AcDbVertex
100
AcDb2dVertex
 10
21.985045999999784
 20
44.08159549999914
 30
0.0
 70
0
  0
VERTEX
  5
128
330
11E
100
AcDbEntity
  8
0
370
0
100
AcDbVertex
100
AcDb2dVertex
 10
23.090332000000217
 20
43.76558550000027
 30
0.0
 70
0
  0
VERTEX
  5
129
330
11E
100
AcDbEntity
  8
0
370
0
100
AcDbVertex
100
AcDb2dVertex
 10
24.863890999999967
 20
43.35204149999913
 30
0.0
 70
0
  0
VERTEX
  5
12A
330
11E
100
AcDbEntity
  8
0
370
0
100
AcDbVertex
100
AcDb2dVertex
 10
26.671936000000187
 20
43.06024849999926
 30
0.0
 70
0
  0
VERTEX
  5
12B
330
11E
100
AcDbEntity
  8
0
370
0
100
AcDbVertex
100
AcDb2dVertex
 10
27.654845999998997
 20
42.96066950000022
 30
0.0
 70
0
  0
SEQEND
  5
12C
330
11E
100
AcDbEntity
  8
0
370
0
  0
LINE
  5
12D
330
17
100
AcDbEntity
  8
0
 62
7
370
35
 48
0.020178
100
AcDbLine
 10
7.818847000000005
 20
48.32837550000022
 30
0.0
 11
8.0949099999998
 21
49.08681350000029
 31
0.0
  0
LINE
  5
12E
330
17
100
AcDbEntity
  8
0
 62
7
370
35
 48
0.063442
100
AcDbLine
 10
10.203491000000213
 20
47.460425500000156
 30
0.0
 11
7.818847000000005
 21
48.32837550000022
 31
0.0
  0
LINE
  5
12F
330
17
100
AcDbEntity
  8
0
 62
7
370
35
 48
0.025
100
AcDbLine
 10
9.861510999999155
 20
46.52072750000025
 30
0.0
 11
10.203491000000213
 21
47.460425500000156
 31
0.0
  0
LINE
  5
130
330
17
100
AcDbEntity
  8
0
 62
7
370
35
 48
0.063442
100
AcDbLine
 10
9.861510999999155
 20
46.52072750000025
 30
0.0
 11
7.476868000000195
 21
47.388678500000196
 31
0.0
  0
LINE
  5
131
330
17
100
AcDbEntity
  8
0
 62
7
370
35
 48
0.014669
100
AcDbLine
 10
7.27618399999983
 20
46.837301500000194
 30
0.0
 11
7.476868000000195
 21
47.388678500000196
 31
0.0
  0
POLYLINE
  5
132
330
17
100
AcDbEntity
  8
0
 62
7
370
35
100
AcDb2dPolyline
 66
1
 10
0.0
 20
0.0
 30
0.0
 70
0
  0
VERTEX
  5
133
330
132
100
AcDbEntity
  8
0
370
0
100
AcDbVertex
100
AcDb2dVertex
 10
7.27618399999983
 20
46.837301500000194
 30
0.0
 70
0
  0
VERTEX
  5
134
330
132
100
AcDbEntity
  8
0
370
0
100
AcDbVertex
100
AcDb2dVertex
 10
10.378113000000212
 20
45.469366500000206
 30
0.0
 70
0
  0
VERTEX
  5
135
330
132
100
AcDbEntity
  8
0
370
0
100
AcDbVertex
100
AcDb2dVertex
 10
11.917053000000124
 20
44.74849550000022
 30
0.0
 70
0
  0
SEQEND
  5
136
330
132
100
AcDbEntity
  8
0
370
0
  0
LINE
  5
137
330
17
100
AcDbEntity
  8
0
 62
7
370
35
 48
0.036558
100
AcDbLine
 10
11.917053000000124
 20
44.74849550000022
 30
0.0
 11
12.417175000000043
 21
46.12264150000033
 31
0.0
  0
LINE
  5
138
330
17
100
AcDbEntity
  8
0
 62
7
370
35
 48
0.025
100
AcDbLine
 10
12.417175000000043
 20
46.12264150000033
 30
0.0
 11
13.35687199999984
 21
45.78061549999916
 31
0.0
  0
LINE
  5
139
330
17
100
AcDbEntity
  8
0
 62
7
370
35
 48
0.039317
100
AcDbLine
 10
12.818969999999808
 20
44.302801500000214
 30
0.0
 11
13.35687199999984
 21
45.78061549999916
 31
0.0
  0
POLYLINE
  5
13A
330
17
100
AcDbEntity
  8
0
 62
7
370
35
100
AcDb2dPolyline
 66
1
 10
0.0
 20
0.0
 30
0.0
 70
0
  0
VERTEX
  5
13B
330
13A
100
AcDbEntity
  8
0
370
0
100
AcDbVertex
100
AcDb2dVertex
 10
12.818969999999808
 20
44.302801500000214
 30
0.0
 70
0
  0
VERTEX
  5
13C
330
13A
100
AcDbEntity
  8
0
370
0
100
AcDbVertex
100
AcDb2dVertex
 10
15.285522000000128
 20
42.974554500000295
 30
0.0
 70
0
  0
VERTEX
  5
13D
330
13A
100
AcDbEntity
  8
0
370
0
100
AcDbVertex
100
AcDb2dVertex
 10
16.363341999999193
 20
42.35523050000029
 30
0.0
 70
0
  0
VERTEX
  5
13E
330
13A
100
AcDbEntity
  8
0
370
0
100
AcDbVertex
100
AcDb2dVertex
 10
18.52954099999988
 20
41.11266149999915
 30
0.0
 70
0
  0
VERTEX
  5
13F
330
13A
100
AcDbEntity
  8
0
370
0
100
AcDbVertex
100
AcDb2dVertex
 10
19.62915000000021
 20
40.5176455000003
 30
0.0
 70
0
  0
VERTEX
  5
140
330
13A
100
AcDbEntity
  8
0
370
0
100
AcDbVertex
100
AcDb2dVertex
 10
21.199219000000085
 20
39.74910649999924
 30
0.0
 70
0
  0
VERTEX
  5
141
330
13A
100
AcDbEntity
  8
0
370
0
100
AcDbVertex
100
AcDb2dVertex
 10
22.561095999998997
 20
39.18218149999916
 30
0.0
 70
0
  0
VERTEX
  5
142
330
13A
100
AcDbEntity
  8
0
370
0
100
AcDbVertex
100
AcDb2dVertex
 10
23.401671999999053
 20
38.88541250000026
 30
0.0
 70
0
  0
VERTEX
  5
143
330
13A
100
AcDbEntity
  8
0
370
0
100
AcDbVertex
100
AcDb2dVertex
 10
24.253051999999116
 20
38.628546499999175
 30
0.0
 70
0
  0
VERTEX
  5
144
330
13A
100
AcDbEntity
  8
0
370
0
100
AcDbVertex
100
AcDb2dVertex
 10
25.114379999999983
 20
38.41399250000018
 30
0.0
 70
0
  0
VERTEX
  5
145
330
13A
100
AcDbEntity
  8
0
370
0
100
AcDbVertex
100
AcDb2dVertex
 10
25.984069999999974
 20
38.24230050000028
 30
0.0
 70
0
  0
VERTEX
  5
146
330
13A
100
AcDbEntity
  8
0
370
0
100
AcDbVertex
100
AcDb2dVertex
 10
27.226868000000195
 20
38.06864050000013
 30
0.0
 70
0
  0
SEQEND
  5
147
330
13A
100
AcDbEntity
  8
0
370
0
  0
LINE
  5
148
330
17
100
AcDbEntity
  8
0
 62
7
370
35
 48
0.061863
100
AcDbLine
 10
27.442504999999983
 20
40.533743500000355
 30
0.0
 11
27.226868000000195
 21
38.06864050000013
 31
0.0
  0
LINE
  5
149
330
17
100
AcDbEntity
  8
0
 62
7
370
35
 48
0.025001
100
AcDbLine
 10
27.442504999999983
 20
40.533743500000355
 30
0.0
 11
28.438720999999077
 21
40.44658549999917
 31
0.0
  0
LINE
  5
14A
330
17
100
AcDbEntity
  8
0
 62
7
370
35
 48
0.061905
100
AcDbLine
 10
28.438720999999077
 20
40.44658549999917
 30
0.0
 11
28.22290000000021
 21
37.97978850000027
 31
0.0
  0
POLYLINE
  5
14B
330
17
100
AcDbEntity
  8
0
 62
7
370
35
100
AcDb2dPolyline
 66
1
 10
0.0
 20
0.0
 30
0.0
 70
0
  0
VERTEX
  5
14C
330
14B
100
AcDbEntity
  8
0
370
0
100
AcDbVertex
100
AcDb2dVertex
 10
28.22290000000021
 20
37.97978850000027
 30
0.0
 70
0
  0
VERTEX
  5
14D
330
14B
100
AcDbEntity
  8
0
370
0
100
AcDbVertex
100
AcDb2dVertex
 10
28.9807739999992
 20
37.93660650000015
 30
0.0
 70
0
  0
VERTEX
  5
14E
330
14B
100
AcDbEntity
  8
0
370
0
100
AcDbVertex
100
AcDb2dVertex
 10
30.93511899999885
 20
37.91168850000031
 30
0.0
 70
0
  0
VERTEX
  5
14F
330
14B
100
AcDbEntity
  8
0
370
0
100
AcDbVertex
100
AcDb2dVertex
 10
32.89050299999917
 20
37.99643550000019
 30
0.0
 70
0
  0
VERTEX
  5
150
330
14B
100
AcDbEntity
  8
0
370
0
100
AcDbVertex
100
AcDb2dVertex
 10
34.29809599999908
 20
38.11685850000026
 30
0.0
 70
0
  0
VERTEX
  5
151
330
14B
100
AcDbEntity
  8
0
370
0
100
AcDbVertex
100
AcDb2dVertex
 10
35.85162300000002
 20
38.30141349999917
 30
0.0
 70
0
  0
VERTEX
  5
152
330
14B
100
AcDbEntity
  8
0
370
0
100
AcDbVertex
100
AcDb2dVertex
 10
37.40045199999986
 20
38.53473550000035
 30
0.0
 70
0
  0
VERTEX
  5
153
330
14B
100
AcDbEntity
  8
0
370
0
100
AcDbVertex
100
AcDb2dVertex
 10
39.095032000000174
 20
38.840048500000194
 30
0.0
 70
0
  0
VERTEX
  5
154
330
14B
100
AcDbEntity
  8
0
370
0
100
AcDbVertex
100
AcDb2dVertex
 10
40.78173800000013
 20
39.18608750000021
 30
0.0
 70
0
  0
VERTEX
  5
155
330
14B
100
AcDbEntity
  8
0
370
0
100
AcDbVertex
100
AcDb2dVertex
 10
42.942443999999796
 20
39.66692250000028
 30
0.0
 70
0
  0
SEQEND
  5
156
330
14B
100
AcDbEntity
  8
0
370
0
  0
LINE
  5
157
330
17
100
AcDbEntity
  8
0
 62
7
370
35
 48
0.084981
100
AcDbLine
 10
42.35217300000022
 20
43.01451750000024
 30
0.0
 11
42.942443999999796
 21
39.66692250000028
 31
0.0
  0
LINE
  5
158
330
17
100
AcDbEntity
  8
0
 62
7
370
35
 48
0.025
100
AcDbLine
 10
42.35217300000022
 20
43.01451750000024
 30
0.0
 11
43.3369749999988
 21
43.18816250000032
 31
0.0
  0
LINE
  5
159
330
17
100
AcDbEntity
  8
0
 62
7
370
35
 48
0.0838
100
AcDbLine
 10
43.3369749999988
 20
43.18816250000032
 30
0.0
 11
43.91900600000008
 21
39.887091500000224
 31
0.0
  0
POLYLINE
  5
15A
330
17
100
AcDbEntity
  8
0
 62
7
370
35
100
AcDb2dPolyline
 66
1
 10
0.0
 20
0.0
 30
0.0
 70
0
  0
VERTEX
  5
15B
330
15A
100
AcDbEntity
  8
0
370
0
100
AcDbVertex
100
AcDb2dVertex
 10
43.91900600000008
 20
39.887091500000224
 30
0.0
 70
0
  0
VERTEX
  5
15C
330
15A
100
AcDbEntity
  8
0
370
0
100
AcDbVertex
100
AcDb2dVertex
 10
45.86584499999981
 20
40.30478550000021
 30
0.0
 70
0
  0
VERTEX
  5
15D
330
15A
100
AcDbEntity
  8
0
370
0
100
AcDbVertex
100
AcDb2dVertex
 10
47.62274200000002
 20
40.63574849999918
 30
0.0
 70
0
  0
VERTEX
  5
15E
330
15A
100
AcDbEntity
  8
0
370
0
100
AcDbVertex
100
AcDb2dVertex
 10
49.38006600000017
 20
40.909948500000155
 30
0.0
 70
0
  0
SEQEND
  5
15F
330
15A
100
AcDbEntity
  8
0
370
0
  0
POLYLINE
  5
160
330
17
100
AcDbEntity
  8
0
 62
7
370
35
100
AcDb2dPolyline
 66
1
 10
0.0
 20
0.0
 30
0.0
 70
0
  0
VERTEX
  5
161
330
160
100
AcDbEntity
  8
0
370
0
100
AcDbVertex
100
AcDb2dVertex
 10
58.71746800000028
 20
32.3425602469797
 30
0.0
 70
0
  0
VERTEX
  5
162
330
160
100
AcDbEntity
  8
0
370
0
100
AcDbVertex
100
AcDb2dVertex
 10
56.10797100000036
 20
32.857880246979676
 30
0.0
 70
0
  0
VERTEX
  5
163
330
160
100
AcDbEntity
  8
0
370
0
100
AcDbVertex
100
AcDb2dVertex
 10
54.53790300000037
 20
33.21438724698055
 30
0.0
 70
0
  0
SEQEND
  5
164
330
160
100
AcDbEntity
  8
0
370
0
  0
LINE
  5
165
330
17
100
AcDbEntity
  8
0
 62
7
370
35
 48
0.065546
100
AcDbLine
 10
54.086975000000166
 20
30.631608246979567
 30
0.0
 11
54.53790300000037
 21
33.21438724698055
 31
0.0
  0
LINE
  5
166
330
17
100
AcDbEntity
  8
0
 62
7
370
35
 48
0.025
100
AcDbLine
 10
53.10217300000022
 20
30.805253246979646
 30
0.0
 11
54.086975000000166
 21
30.631608246979567
 31
0.0
  0
LINE
  5
167
330
17
100
AcDbEntity
  8
0
 62
7
370
35
 48
0.066994
100
AcDbLine
 10
53.10217300000022
 20
30.805253246979646
 30
0.0
 11
53.56304900000032
 21
33.445084246979604
 31
0.0
  0
POLYLINE
  5
168
330
17
100
AcDbEntity
  8
0
 62
7
370
35
100
AcDb2dPolyline
 66
1
 10
0.0
 20
0.0
 30
0.0
 70
0
  0
VERTEX
  5
169
330
168
100
AcDbEntity
  8
0
370
0
100
AcDbVertex
100
AcDb2dVertex
 10
53.56304900000032
 20
33.445084246979604
 30
0.0
 70
0
  0
VERTEX
  5
16A
330
168
100
AcDbEntity
  8
0
370
0
100
AcDbVertex
100
AcDb2dVertex
 10
51.32720900000004
 20
33.97197024698062
 30
0.0
 70
0
  0
VERTEX
  5
16B
330
168
100
AcDbEntity
  8
0
370
0
100
AcDbVertex
100
AcDb2dVertex
 10
49.08081000000129
 20
34.45710824697949
 30
0.0
 70
0
  0
VERTEX
  5
16C
330
168
100
AcDbEntity
  8
0
370
0
100
AcDbVertex
100
AcDb2dVertex
 10
46.58898900000031
 20
34.895982246979656
 30
0.0
 70
0
  0
VERTEX
  5
16D
330
168
100
AcDbEntity
  8
0
370
0
100
AcDbVertex
100
AcDb2dVertex
 10
45.22009300000036
 20
35.07850724698051
 30
0.0
 70
0
  0
VERTEX
  5
16E
330
168
100
AcDbEntity
  8
0
370
0
100
AcDbVertex
100
AcDb2dVertex
 10
43.05255100000022
 20
35.26548824698057
 30
0.0
 70
0
  0
VERTEX
  5
16F
330
168
100
AcDbEntity
  8
0
370
0
100
AcDbVertex
100
AcDb2dVertex
 10
41.207336000000396
 20
35.31012024697952
 30
0.0
 70
0
  0
VERTEX
  5
170
330
168
100
AcDbEntity
  8
0
370
0
100
AcDbVertex
100
AcDb2dVertex
 10
39.36566099999936
 20
35.23234624698057
 30
0.0
 70
0
  0
VERTEX
  5
171
330
168
100
AcDbEntity
  8
0
370
0
100
AcDbVertex
100
AcDb2dVertex
 10
39.02856400000019
 20
35.20355324697971
 30
0.0
 70
0
  0
SEQEND
  5
172
330
168
100
AcDbEntity
  8
0
370
0
  0
LINE
  5
173
330
17
100
AcDbEntity
  8
0
 62
7
370
35
 48
0.045934
100
AcDbLine
 10
39.1887200000001
 20
33.37318524698071
 30
0.0
 11
39.02856400000019
 21
35.20355324697971
 31
0.0
  0
LINE
  5
174
330
17
100
AcDbEntity
  8
0
 62
7
370
35
 48
0.025001
100
AcDbLine
 10
38.19250499999998
 20
33.28602724697953
 30
0.0
 11
39.1887200000001
 21
33.37318524698071
 31
0.0
  0
LINE
  5
175
330
17
100
AcDbEntity
  8
0
 62
7
370
35
 48
0.045282
100
AcDbLine
 10
38.19250499999998
 20
33.28602724697953
 30
0.0
 11
38.03466800000024
 21
35.09042424697964
 31
0.0
  0
POLYLINE
  5
176
330
17
100
AcDbEntity
  8
0
 62
7
370
35
100
AcDb2dPolyline
 66
1
 10
0.0
 20
0.0
 30
0.0
 70
0
  0
VERTEX
  5
177
330
176
100
AcDbEntity
  8
0
370
0
100
AcDbVertex
100
AcDb2dVertex
 10
38.03466800000024
 20
35.09042424697964
 30
0.0
 70
0
  0
VERTEX
  5
178
330
176
100
AcDbEntity
  8
0
370
0
100
AcDbVertex
100
AcDb2dVertex
 10
36.812010999999984
 20
34.88717724697949
 30
0.0
 70
0
  0
VERTEX
  5
179
330
176
100
AcDbEntity
  8
0
370
0
100
AcDbVertex
100
AcDb2dVertex
 10
35.90557800000033
 20
34.68609724697967
 30
0.0
 70
0
  0
VERTEX
  5
17A
330
176
100
AcDbEntity
  8
0
370
0
100
AcDbVertex
100
AcDb2dVertex
 10
34.98779300000024
 20
34.43707324697971
 30
0.0
 70
0
  0
VERTEX
  5
17B
330
176
100
AcDbEntity
  8
0
370
0
100
AcDbVertex
100
AcDb2dVertex
 10
34.08166500000016
 20
34.14657724698054
 30
0.0
 70
0
  0
VERTEX
  5
17C
330
176
100
AcDbEntity
  8
0
370
0
100
AcDbVertex
100
AcDb2dVertex
 10
33.03369100000009
 20
33.75744724697961
 30
0.0
 70
0
  0
VERTEX
  5
17D
330
176
100
AcDbEntity
  8
0
370
0
100
AcDbVertex
100
AcDb2dVertex
 10
32.00299000000041
 20
33.32278524698063
 30
0.0
 70
0
  0
VERTEX
  5
17E
330
176
100
AcDbEntity
  8
0
370
0
100
AcDbVertex
100
AcDb2dVertex
 10
30.892151000000013
 20
32.80261324697949
 30
0.0
 70
0
  0
VERTEX
  5
17F
330
176
100
AcDbEntity
  8
0
370
0
100
AcDbVertex
100
AcDb2dVertex
 10
28.973998999999367
 20
31.801652246980666
 30
0.0
 70
0
  0
VERTEX
  5
180
330
176
100
AcDbEntity
  8
0
370
0
100
AcDbVertex
100
AcDb2dVertex
 10
27.340454000000136
 20
30.881501246980633
 30
0.0
 70
0
  0
VERTEX
  5
181
330
176
100
AcDbEntity
  8
0
370
0
100
AcDbVertex
100
AcDb2dVertex
 10
25.530760999999984
 20
29.84278924697969
 30
0.0
 70
0
  0
VERTEX
  5
182
330
176
100
AcDbEntity
  8
0
370
0
100
AcDbVertex
100
AcDb2dVertex
 10
22.436767000000145
 20
28.167191246979655
 30
0.0
 70
0
  0
VERTEX
  5
183
330
176
100
AcDbEntity
  8
0
370
0
100
AcDbVertex
100
AcDb2dVertex
 10
20.087646000000404
 20
26.999253246979606
 30
0.0
 70
0
  0
VERTEX
  5
184
330
176
100
AcDbEntity
  8
0
370
0
100
AcDbVertex
100
AcDb2dVertex
 10
18.562622000000374
 20
26.231461246979507
 30
0.0
 70
0
  0
VERTEX
  5
185
330
176
100
AcDbEntity
  8
0
370
0
100
AcDbVertex
100
AcDb2dVertex
 10
17.98681600000009
 20
25.914002246979635
 30
0.0
 70
0
  0
VERTEX
  5
186
330
176
100
AcDbEntity
  8
0
370
0
100
AcDbVertex
100
AcDb2dVertex
 10
17.75592000000006
 20
25.770737246979706
 30
0.0
 70
0
  0
VERTEX
  5
187
330
176
100
AcDbEntity
  8
0
370
0
100
AcDbVertex
100
AcDb2dVertex
 10
17.557495000000017
 20
25.621613246979678
 30
0.0
 70
0
  0
VERTEX
  5
188
330
176
100
AcDbEntity
  8
0
370
0
100
AcDbVertex
100
AcDb2dVertex
 10
17.500183000000106
 20
25.559846246979532
 30
0.0
 70
0
  0
VERTEX
  5
189
330
176
100
AcDbEntity
  8
0
370
0
100
AcDbVertex
100
AcDb2dVertex
 10
17.479187000000366
 20
25.521439246980663
 30
0.0
 70
0
  0
VERTEX
  5
18A
330
176
100
AcDbEntity
  8
0
370
0
100
AcDbVertex
100
AcDb2dVertex
 10
17.475708000000395
 20
25.50459424697965
 30
0.0
 70
0
  0
VERTEX
  5
18B
330
176
100
AcDbEntity
  8
0
370
0
100
AcDbVertex
100
AcDb2dVertex
 10
17.47949200000039
 20
25.48242324698049
 30
0.0
 70
0
  0
VERTEX
  5
18C
330
176
100
AcDbEntity
  8
0
370
0
100
AcDbVertex
100
AcDb2dVertex
 10
17.494140000000243
 20
25.464066246980565
 30
0.0
 70
0
  0
VERTEX
  5
18D
330
176
100
AcDbEntity
  8
0
370
0
100
AcDbVertex
100
AcDb2dVertex
 10
17.55542000000014
 20
25.438981246980575
 30
0.0
 70
0
  0
VERTEX
  5
18E
330
176
100
AcDbEntity
  8
0
370
0
100
AcDbVertex
100
AcDb2dVertex
 10
17.702698000000055
 20
25.42874224697971
 30
0.0
 70
0
  0
VERTEX
  5
18F
330
176
100
AcDbEntity
  8
0
370
0
100
AcDbVertex
100
AcDb2dVertex
 10
18.16192600000022
 20
25.47686824698053
 30
0.0
 70
0
  0
VERTEX
  5
190
330
176
100
AcDbEntity
  8
0
370
0
100
AcDbVertex
100
AcDb2dVertex
 10
19.38885500000015
 20
25.730317246979666
 30
0.0
 70
0
  0
VERTEX
  5
191
330
176
100
AcDbEntity
  8
0
370
0
100
AcDbVertex
100
AcDb2dVertex
 10
21.43994100000009
 20
26.282105246979654
 30
0.0
 70
0
  0
VERTEX
  5
192
330
176
100
AcDbEntity
  8
0
370
0
100
AcDbVertex
100
AcDb2dVertex
 10
23.679565000000366
 20
27.00755424697968
 30
0.0
 70
0
  0
VERTEX
  5
193
330
176
100
AcDbEntity
  8
0
370
0
100
AcDbVertex
100
AcDb2dVertex
 10
24.517273000000387
 20
27.313126246980573
 30
0.0
 70
0
  0
VERTEX
  5
194
330
176
100
AcDbEntity
  8
0
370
0
100
AcDbVertex
100
AcDb2dVertex
 10
27.043762000000243
 20
28.313233246979507
 30
0.0
 70
0
  0
VERTEX
  5
195
330
176
100
AcDbEntity
  8
0
370
0
100
AcDbVertex
100
AcDb2dVertex
 10
28.765808000000106
 20
29.00561624697957
 30
0.0
 70
0
  0
VERTEX
  5
196
330
176
100
AcDbEntity
  8
0
370
0
100
AcDbVertex
100
AcDb2dVertex
 10
30.121582000000217
 20
29.524476246980612
 30
0.0
 70
0
  0
VERTEX
  5
197
330
176
100
AcDbEntity
  8
0
370
0
100
AcDbVertex
100
AcDb2dVertex
 10
31.492309000000205
 20
30.008103246979545
 30
0.0
 70
0
  0
VERTEX
  5
198
330
176
100
AcDbEntity
  8
0
370
0
100
AcDbVertex
100
AcDb2dVertex
 10
33.46710200000007
 20
30.611100246979504
 30
0.0
 70
0
  0
VERTEX
  5
199
330
176
100
AcDbEntity
  8
0
370
0
100
AcDbVertex
100
AcDb2dVertex
 10
35.263122000000294
 20
31.046143246979682
 30
0.0
 70
0
  0
VERTEX
  5
19A
330
176
100
AcDbEntity
  8
0
370
0
100
AcDbVertex
100
AcDb2dVertex
 10
37.093323000000055
 20
31.364487246979706
 30
0.0
 70
0
  0
VERTEX
  5
19B
330
176
100
AcDbEntity
  8
0
370
0
100
AcDbVertex
100
AcDb2dVertex
 10
38.761841000000004
 20
31.535462246979705
 30
0.0
 70
0
  0
VERTEX
  5
19C
330
176
100
AcDbEntity
  8
0
370
0
100
AcDbVertex
100
AcDb2dVertex
 10
40.357910000000174
 20
31.582368246979513
 30
0.0
 70
0
  0
VERTEX
  5
19D
330
176
100
AcDbEntity
  8
0
370
0
100
AcDbVertex
100
AcDb2dVertex
 10
41.23504600000024
 20
31.552766246979672
 30
0.0
 70
0
  0
VERTEX
  5
19E
330
176
100
AcDbEntity
  8
0
370
0
100
AcDbVertex
100
AcDb2dVertex
 10
42.108885999999984
 20
31.48182724698063
 30
0.0
 70
0
  0
VERTEX
  5
19F
330
176
100
AcDbEntity
  8
0
370
0
100
AcDbVertex
100
AcDb2dVertex
 10
43.01715100000001
 20
31.36401424697965
 30
0.0
 70
0
  0
VERTEX
  5
1A0
330
176
100
AcDbEntity
  8
0
370
0
100
AcDbVertex
100
AcDb2dVertex
 10
43.918822999999975
 20
31.203690246979704
 30
0.0
 70
0
  0
VERTEX
  5
1A1
330
176
100
AcDbEntity
  8
0
370
0
100
AcDbVertex
100
AcDb2dVertex
 10
44.968017000000145
 20
30.965684246979663
 30
0.0
 70
0
  0
VERTEX
  5
1A2
330
176
100
AcDbEntity
  8
0
370
0
100
AcDbVertex
100
AcDb2dVertex
 10
46.004333000001225
 20
30.681077246979612
 30
0.0
 70
0
  0
VERTEX
  5
1A3
330
176
100
AcDbEntity
  8
0
370
0
100
AcDbVertex
100
AcDb2dVertex
 10
47.69757100000015
 20
30.128464246979547
 30
0.0
 70
0
  0
VERTEX
  5
1A4
330
176
100
AcDbEntity
  8
0
370
0
100
AcDbVertex
100
AcDb2dVertex
 10
48.81170600000041
 20
29.72271824697964
 30
0.0
 70
0
  0
VERTEX
  5
1A5
330
176
100
AcDbEntity
  8
0
370
0
100
AcDbVertex
100
AcDb2dVertex
 10
51.03417900000022
 20
28.877473246979662
 30
0.0
 70
0
  0
VERTEX
  5
1A6
330
176
100
AcDbEntity
  8
0
370
0
100
AcDbVertex
100
AcDb2dVertex
 10
53.86401300000034
 20
27.85661424697969
 30
0.0
 70
0
  0
VERTEX
  5
1A7
330
176
100
AcDbEntity
  8
0
370
0
100
AcDbVertex
100
AcDb2dVertex
 10
56.75427200000013
 20
26.9454052469805
 30
0.0
 70
0
  0
SEQEND
  5
1A8
330
176
100
AcDbEntity
  8
0
370
0
  0
ARC
  5
1A9
330
17
100
AcDbEntity
  8
0
 62
7
370
35
100
AcDbCircle
 10
68.5
 20
25.728791246979654
 30
0.0
 40
11.808528
100
AcDbArc
 50
174.0865229999986
 51
-154.2044840000015
  0
LINE
  5
1AA
330
17
100
AcDbEntity
  8
0
 62
7
370
35
 48
0.12276
100
AcDbLine
 10
62.77856400000019
 20
20.590195246979647
 30
0.0
 11
57.86816399999998
 21
20.590195246979647
 31
0.0
  0
LINE
  5
1AB
330
17
100
AcDbEntity
  8
0
 62
7
370
35
 48
0.025
100
AcDbLine
 10
62.77856400000019
 20
20.590195246979647
 30
0.0
 11
62.77856400000019
 21
19.590195246980556
 31
0.0
  0
LINE
  5
1AC
330
17
100
AcDbEntity
  8
0
 62
7
370
35
 48
0.109154
100
AcDbLine
 10
62.77856400000019
 20
19.590195246980556
 30
0.0
 11
58.412414000000354
 21
19.590195246980556
 31
0.0
  0
ARC
  5
1AD
330
17
100
AcDbEntity
  8
0
 62
7
370
35
100
AcDbCircle
 10
68.5
 20
25.728791246979654
 30
0.0
 40
11.808528
100
AcDbArc
 50
-148.6781509999992
 51
-94.85783100001325
  0
LINE
  5
1AE
330
17
100
AcDbEntity
  8
0
 62
7
370
35
 48
0.303885
100
AcDbLine
 10
67.5
 20
26.118088246980506
 30
0.0
 11
67.5
 21
13.962693246979597
 31
0.0
  0
LINE
  5
1AF
330
17
100
AcDbEntity
  8
0
 62
7
370
35
 48
0.05
100
AcDbLine
 10
69.5
 20
26.118088246980506
 30
0.0
 11
67.5
 21
26.118088246980506
 31
0.0
  0
LINE
  5
1B0
330
17
100
AcDbEntity
  8
0
 62
7
370
35
 48
0.303885
100
AcDbLine
 10
69.5
 20
26.118088246980506
 30
0.0
 11
69.5
 21
13.962693246979597
 31
0.0
  0
ARC
  5
1B1
330
17
100
AcDbEntity
  8
0
 62
7
370
35
100
AcDbCircle
 10
68.5
 20
25.728791246979654
 30
0.0
 40
11.808528
100
AcDbArc
 50
-85.14205799999507
 51
-31.32184399999411
  0
LINE
  5
1B2
330
17
100
AcDbEntity
  8
0
 62
7
370
35
 48
0.109154
100
AcDbLine
 10
74.22143500000038
 20
19.590195246980556
 30
0.0
 11
78.58758500000022
 21
19.590195246980556
 31
0.0
  0
LINE
  5
1B3
330
17
100
AcDbEntity
  8
0
 62
7
370
35
 48
0.025
100
AcDbLine
 10
74.22143500000038
 20
20.590195246979647
 30
0.0
 11
74.22143500000038
 21
19.590195246980556
 31
0.0
  0
LINE
  5
1B4
330
17
100
AcDbEntity
  8
0
 62
7
370
35
 48
0.12276
100
AcDbLine
 10
74.22143500000038
 20
20.590195246979647
 30
0.0
 11
79.13183600000002
 21
20.590195246979647
 31
0.0
  0
ARC
  5
1B5
330
17
100
AcDbEntity
  8
0
 62
7
370
35
100
AcDbCircle
 10
68.5
 20
25.728791246979654
 30
0.0
 40
11.808528
100
AcDbArc
 50
-25.795516999997805
 51
5.913449000000871
  0
POLYLINE
  5
1B6
330
17
100
AcDbEntity
  8
0
 62
7
370
35
100
AcDb2dPolyline
 66
1
 10
0.0
 20
0.0
 30
0.0
 70
0
  0
VERTEX
  5
1B7
330
1B6
100
AcDbEntity
  8
0
370
0
100
AcDbVertex
100
AcDb2dVertex
 10
98.96533200000022
 20
35.09042424697964
 30
0.0
 70
0
  0
VERTEX
  5
1B8
330
1B6
100
AcDbEntity
  8
0
370
0
100
AcDbVertex
100
AcDb2dVertex
 10
100.18798800000013
 20
34.88717724697949
 30
0.0
 70
0
  0
VERTEX
  5
1B9
330
1B6
100
AcDbEntity
  8
0
370
0
100
AcDbVertex
100
AcDb2dVertex
 10
101.09442100000024
 20
34.68609724697967
 30
0.0
 70
0
  0
VERTEX
  5
1BA
330
1B6
100
AcDbEntity
  8
0
370
0
100
AcDbVertex
100
AcDb2dVertex
 10
102.01220700000022
 20
34.43707324697971
 30
0.0
 70
0
  0
VERTEX
  5
1BB
330
1B6
100
AcDbEntity
  8
0
370
0
100
AcDbVertex
100
AcDb2dVertex
 10
102.9183350000003
 20
34.14657724698054
 30
0.0
 70
0
  0
VERTEX
  5
1BC
330
1B6
100
AcDbEntity
  8
0
370
0
100
AcDbVertex
100
AcDb2dVertex
 10
103.96630800000003
 20
33.75744724697961
 30
0.0
 70
0
  0
VERTEX
  5
1BD
330
1B6
100
AcDbEntity
  8
0
370
0
100
AcDbVertex
100
AcDb2dVertex
 10
104.99700900000016
 20
33.32278524698063
 30
0.0
 70
0
  0
VERTEX
  5
1BE
330
1B6
100
AcDbEntity
  8
0
370
0
100
AcDbVertex
100
AcDb2dVertex
 10
106.10784899999999
 20
32.80261324697949
 30
0.0
 70
0
  0
VERTEX
  5
1BF
330
1B6
100
AcDbEntity
  8
0
370
0
100
AcDbVertex
100
AcDb2dVertex
 10
108.02600100000018
 20
31.801652246980666
 30
0.0
 70
0
  0
VERTEX
  5
1C0
330
1B6
100
AcDbEntity
  8
0
370
0
100
AcDbVertex
100
AcDb2dVertex
 10
109.65954600000032
 20
30.881501246980633
 30
0.0
 70
0
  0
VERTEX
  5
1C1
330
1B6
100
AcDbEntity
  8
0
370
0
100
AcDbVertex
100
AcDb2dVertex
 10
111.46923800000013
 20
29.84278924697969
 30
0.0
 70
0
  0
VERTEX
  5
1C2
330
1B6
100
AcDbEntity
  8
0
370
0
100
AcDbVertex
100
AcDb2dVertex
 10
114.56323199999997
 20
28.167191246979655
 30
0.0
 70
0
  0
VERTEX
  5
1C3
330
1B6
100
AcDbEntity
  8
0
370
0
100
AcDbVertex
100
AcDb2dVertex
 10
116.91235300000017
 20
26.999253246979606
 30
0.0
 70
0
  0
VERTEX
  5
1C4
330
1B6
100
AcDbEntity
  8
0
370
0
100
AcDbVertex
100
AcDb2dVertex
 10
118.43737800000008
 20
26.231461246979507
 30
0.0
 70
0
  0
VERTEX
  5
1C5
330
1B6
100
AcDbEntity
  8
0
370
0
100
AcDbVertex
100
AcDb2dVertex
 10
119.01318300000003
 20
25.914002246979635
 30
0.0
 70
0
  0
VERTEX
  5
1C6
330
1B6
100
AcDbEntity
  8
0
370
0
100
AcDbVertex
100
AcDb2dVertex
 10
119.24407900000006
 20
25.770737246979706
 30
0.0
 70
0
  0
VERTEX
  5
1C7
330
1B6
100
AcDbEntity
  8
0
370
0
100
AcDbVertex
100
AcDb2dVertex
 10
119.44250499999998
 20
25.621613246979678
 30
0.0
 70
0
  0
VERTEX
  5
1C8
330
1B6
100
AcDbEntity
  8
0
370
0
100
AcDbVertex
100
AcDb2dVertex
 10
119.49981700000035
 20
25.559846246979532
 30
0.0
 70
0
  0
VERTEX
  5
1C9
330
1B6
100
AcDbEntity
  8
0
370
0
100
AcDbVertex
100
AcDb2dVertex
 10
119.52081300000009
 20
25.521439246980663
 30
0.0
 70
0
  0
VERTEX
  5
1CA
330
1B6
100
AcDbEntity
  8
0
370
0
100
AcDbVertex
100
AcDb2dVertex
 10
119.52429200000006
 20
25.50459424697965
 30
0.0
 70
0
  0
VERTEX
  5
1CB
330
1B6
100
AcDbEntity
  8
0
370
0
100
AcDbVertex
100
AcDb2dVertex
 10
119.52050800000006
 20
25.48242324698049
 30
0.0
 70
0
  0
VERTEX
  5
1CC
330
1B6
100
AcDbEntity
  8
0
370
0
100
AcDbVertex
100
AcDb2dVertex
 10
119.50585900000033
 20
25.464066246980565
 30
0.0
 70
0
  0
VERTEX
  5
1CD
330
1B6
100
AcDbEntity
  8
0
370
0
100
AcDbVertex
100
AcDb2dVertex
 10
119.44458000000031
 20
25.438981246980575
 30
0.0
 70
0
  0
VERTEX
  5
1CE
330
1B6
100
AcDbEntity
  8
0
370
0
100
AcDbVertex
100
AcDb2dVertex
 10
119.2973020000004
 20
25.42874224697971
 30
0.0
 70
0
  0
VERTEX
  5
1CF
330
1B6
100
AcDbEntity
  8
0
370
0
100
AcDbVertex
100
AcDb2dVertex
 10
118.83807400000023
 20
25.47686824698053
 30
0.0
 70
0
  0
VERTEX
  5
1D0
330
1B6
100
AcDbEntity
  8
0
370
0
100
AcDbVertex
100
AcDb2dVertex
 10
117.6111450000003
 20
25.730317246979666
 30
0.0
 70
0
  0
VERTEX
  5
1D1
330
1B6
100
AcDbEntity
  8
0
370
0
100
AcDbVertex
100
AcDb2dVertex
 10
115.56005800000003
 20
26.282105246979654
 30
0.0
 70
0
  0
VERTEX
  5
1D2
330
1B6
100
AcDbEntity
  8
0
370
0
100
AcDbVertex
100
AcDb2dVertex
 10
113.3204340000002
 20
27.00755424697968
 30
0.0
 70
0
  0
VERTEX
  5
1D3
330
1B6
100
AcDbEntity
  8
0
370
0
100
AcDbVertex
100
AcDb2dVertex
 10
112.48272700000007
 20
27.313126246980573
 30
0.0
 70
0
  0
VERTEX
  5
1D4
330
1B6
100
AcDbEntity
  8
0
370
0
100
AcDbVertex
100
AcDb2dVertex
 10
109.95623800000021
 20
28.313233246979507
 30
0.0
 70
0
  0
VERTEX
  5
1D5
330
1B6
100
AcDbEntity
  8
0
370
0
100
AcDbVertex
100
AcDb2dVertex
 10
108.23419200000035
 20
29.00561624697957
 30
0.0
 70
0
  0
VERTEX
  5
1D6
330
1B6
100
AcDbEntity
  8
0
370
0
100
AcDbVertex
100
AcDb2dVertex
 10
106.87841800000024
 20
29.524476246980612
 30
0.0
 70
0
  0
VERTEX
  5
1D7
330
1B6
100
AcDbEntity
  8
0
370
0
100
AcDbVertex
100
AcDb2dVertex
 10
105.50769000000037
 20
30.008103246979545
 30
0.0
 70
0
  0
VERTEX
  5
1D8
330
1B6
100
AcDbEntity
  8
0
370
0
100
AcDbVertex
100
AcDb2dVertex
 10
103.53289800000039
 20
30.611100246979504
 30
0.0
 70
0
  0
VERTEX
  5
1D9
330
1B6
100
AcDbEntity
  8
0
370
0
100
AcDbVertex
100
AcDb2dVertex
 10
101.73687700000028
 20
31.046143246979682
 30
0.0
 70
0
  0
VERTEX
  5
1DA
330
1B6
100
AcDbEntity
  8
0
370
0
100
AcDbVertex
100
AcDb2dVertex
 10
99.9066770000004
 20
31.364487246979706
 30
0.0
 70
0
  0
VERTEX
  5
1DB
330
1B6
100
AcDbEntity
  8
0
370
0
100
AcDbVertex
100
AcDb2dVertex
 10
98.238159
 20
31.535462246979705
 30
0.0
 70
0
  0
VERTEX
  5
1DC
330
1B6
100
AcDbEntity
  8
0
370
0
100
AcDbVertex
100
AcDb2dVertex
 10
96.64209000000028
 20
31.582368246979513
 30
0.0
 70
0
  0
VERTEX
  5
1DD
330
1B6
100
AcDbEntity
  8
0
370
0
100
AcDbVertex
100
AcDb2dVertex
 10
95.76495299999897
 20
31.552766246979672
 30
0.0
 70
0
  0
VERTEX
  5
1DE
330
1B6
100
AcDbEntity
  8
0
370
0
100
AcDbVertex
100
AcDb2dVertex
 10
94.89111300000013
 20
31.48182724698063
 30
0.0
 70
0
  0
VERTEX
  5
1DF
330
1B6
100
AcDbEntity
  8
0
370
0
100
AcDbVertex
100
AcDb2dVertex
 10
93.98284899999999
 20
31.36401424697965
 30
0.0
 70
0
  0
VERTEX
  5
1E0
330
1B6
100
AcDbEntity
  8
0
370
0
100
AcDbVertex
100
AcDb2dVertex
 10
93.08117700000003
 20
31.203690246979704
 30
0.0
 70
0
  0
VERTEX
  5
1E1
330
1B6
100
AcDbEntity
  8
0
370
0
100
AcDbVertex
100
AcDb2dVertex
 10
92.03198199999997
 20
30.965684246979663
 30
0.0
 70
0
  0
VERTEX
  5
1E2
330
1B6
100
AcDbEntity
  8
0
370
0
100
AcDbVertex
100
AcDb2dVertex
 10
90.99566600000026
 20
30.681077246979612
 30
0.0
 70
0
  0
VERTEX
  5
1E3
330
1B6
100
AcDbEntity
  8
0
370
0
100
AcDbVertex
100
AcDb2dVertex
 10
89.3024290000003
 20
30.128464246979547
 30
0.0
 70
0
  0
VERTEX
  5
1E4
330
1B6
100
AcDbEntity
  8
0
370
0
100
AcDbVertex
100
AcDb2dVertex
 10
88.18829300000016
 20
29.72271824697964
 30
0.0
 70
0
  0
VERTEX
  5
1E5
330
1B6
100
AcDbEntity
  8
0
370
0
100
AcDbVertex
100
AcDb2dVertex
 10
85.96582000000035
 20
28.877473246979662
 30
0.0
 70
0
  0
VERTEX
  5
1E6
330
1B6
100
AcDbEntity
  8
0
370
0
100
AcDbVertex
100
AcDb2dVertex
 10
83.13598600000023
 20
27.85661424697969
 30
0.0
 70
0
  0
VERTEX
  5
1E7
330
1B6
100
AcDbEntity
  8
0
370
0
100
AcDbVertex
100
AcDb2dVertex
 10
80.24572699999999
 20
26.9454052469805
 30
0.0
 70
0
  0
SEQEND
  5
1E8
330
1B6
100
AcDbEntity
  8
0
370
0
  0
LINE
  5
1E9
330
17
100
AcDbEntity
  8
0
 62
7
370
35
 48
0.045282
100
AcDbLine
 10
98.80749500000002
 20
33.28602724697953
 30
0.0
 11
98.96533200000022
 21
35.09042424697964
 31
0.0
  0
LINE
  5
1EA
330
17
100
AcDbEntity
  8
0
 62
7
370
35
 48
0.025001
100
AcDbLine
 10
98.80749500000002
 20
33.28602724697953
 30
0.0
 11
97.81127900000001
 21
33.37318524698071
 31
0.0
  0
LINE
  5
1EB
330
17
100
AcDbEntity
  8
0
 62
7
370
35
 48
0.045934
100
AcDbLine
 10
97.81127900000001
 20
33.37318524698071
 30
0.0
 11
97.97143499999902
 21
35.20355324697971
 31
0.0
  0
POLYLINE
  5
1EC
330
17
100
AcDbEntity
  8
0
 62
7
370
35
100
AcDb2dPolyline
 66
1
 10
0.0
 20
0.0
 30
0.0
 70
0
  0
VERTEX
  5
1ED
330
1EC
100
AcDbEntity
  8
0
370
0
100
AcDbVertex
100
AcDb2dVertex
 10
83.43695000000025
 20
33.445084246979604
 30
0.0
 70
0
  0
VERTEX
  5
1EE
330
1EC
100
AcDbEntity
  8
0
370
0
100
AcDbVertex
100
AcDb2dVertex
 10
85.67279000000008
 20
33.97197024698062
 30
0.0
 70
0
  0
VERTEX
  5
1EF
330
1EC
100
AcDbEntity
  8
0
370
0
100
AcDbVertex
100
AcDb2dVertex
 10
87.91918900000019
 20
34.45710824697949
 30
0.0
 70
0
  0
VERTEX
  5
1F0
330
1EC
100
AcDbEntity
  8
0
370
0
100
AcDbVertex
100
AcDb2dVertex
 10
90.41101100000014
 20
34.895982246979656
 30
0.0
 70
0
  0
VERTEX
  5
1F1
330
1EC
100
AcDbEntity
  8
0
370
0
100
AcDbVertex
100
AcDb2dVertex
 10
91.7799070000001
 20
35.07850724698051
 30
0.0
 70
0
  0
VERTEX
  5
1F2
330
1EC
100
AcDbEntity
  8
0
370
0
100
AcDbVertex
100
AcDb2dVertex
 10
93.94744900000023
 20
35.26548824698057
 30
0.0
 70
0
  0
VERTEX
  5
1F3
330
1EC
100
AcDbEntity
  8
0
370
0
100
AcDbVertex
100
AcDb2dVertex
 10
95.79266300000018
 20
35.31012024697952
 30
0.0
 70
0
  0
VERTEX
  5
1F4
330
1EC
100
AcDbEntity
  8
0
370
0
100
AcDbVertex
100
AcDb2dVertex
 10
97.6343380000003
 20
35.23234624698057
 30
0.0
 70
0
  0
VERTEX
  5
1F5
330
1EC
100
AcDbEntity
  8
0
370
0
100
AcDbVertex
100
AcDb2dVertex
 10
97.97143499999902
 20
35.20355324697971
 30
0.0
 70
0
  0
SEQEND
  5
1F6
330
1EC
100
AcDbEntity
  8
0
370
0
  0
LINE
  5
1F7
330
17
100
AcDbEntity
  8
0
 62
7
370
35
 48
0.066994
100
AcDbLine
 10
83.89782700000023
 20
30.805253246979646
 30
0.0
 11
83.43695000000025
 21
33.445084246979604
 31
0.0
  0
LINE
  5
1F8
330
17
100
AcDbEntity
  8
0
 62
7
370
35
 48
0.025
100
AcDbLine
 10
83.89782700000023
 20
30.805253246979646
 30
0.0
 11
82.91302500000029
 21
30.631608246979567
 31
0.0
  0
LINE
  5
1F9
330
17
100
AcDbEntity
  8
0
 62
7
370
35
 48
0.065546
100
AcDbLine
 10
82.91302500000029
 20
30.631608246979567
 30
0.0
 11
82.46209700000009
 21
33.21438724698055
 31
0.0
  0
POLYLINE
  5
1FA
330
17
100
AcDbEntity
  8
0
 62
7
370
35
100
AcDb2dPolyline
 66
1
 10
0.0
 20
0.0
 30
0.0
 70
0
  0
VERTEX
  5
1FB
330
1FA
100
AcDbEntity
  8
0
370
0
100
AcDbVertex
100
AcDb2dVertex
 10
78.28253200000017
 20
32.3425602469797
 30
0.0
 70
0
  0
VERTEX
  5
1FC
330
1FA
100
AcDbEntity
  8
0
370
0
100
AcDbVertex
100
AcDb2dVertex
 10
80.8920290000001
 20
32.857880246979676
 30
0.0
 70
0
  0
VERTEX
  5
1FD
330
1FA
100
AcDbEntity
  8
0
370
0
100
AcDbVertex
100
AcDb2dVertex
 10
82.46209700000009
 20
33.21438724698055
 30
0.0
 70
0
  0
SEQEND
  5
1FE
330
1FA
100
AcDbEntity
  8
0
370
0
  0
ARC
  5
1FF
330
17
100
AcDbEntity
  8
0
 62
7
370
35
100
AcDbCircle
 10
68.5
 20
25.728791246979654
 30
0.0
 40
11.808528
100
AcDbArc
 50
34.06165499999311
 51
145.938330000003
  0
LINE
  5
200
330
17
100
AcDbEntity
  8
0
 62
7
370
35
 48
0.013515
100
AcDbLine
 10
96.43144829073617
 20
29.09514211419514
 30
0.0
 11
96.43144829073617
 21
29.635731114196005
 31
0.0
  0
ELLIPSE
  5
201
330
17
100
AcDbEntity
  8
0
100
AcDbEllipse
 10
99.48259579073647
 20
18.08922211419508
 30
0.0
 11
-20.28826832700048
 21
-5.361144150604394
 31
0.0
 40
0.5691224511573465
 41
4.712388980384688
 42
1.570796326794917
  0
LINE
  5
202
330
17
100
AcDbEntity
  8
0
 62
7
370
35
 48
0.090785
100
AcDbLine
 10
102.53374329073631
 20
6.542713114195067
 30
0.0
 11
102.53374329073631
 21
10.174122114196052
 31
0.0
  0
LINE
  5
203
330
17
100
AcDbEntity
  8
0
 62
7
370
35
 48
0.063442
100
AcDbLine
 10
99.99605429073654
 20
10.174122114196052
 30
0.0
 11
102.53374329073631
 21
10.174122114196052
 31
0.0
  0
LINE
  5
204
330
17
100
AcDbEntity
  8
0
 62
7
370
35
 48
0.025
100
AcDbLine
 10
99.99605429073654
 20
11.174122114196052
 30
0.0
 11
99.99605429073654
 21
10.174122114196052
 31
0.0
  0
LINE
  5
205
330
17
100
AcDbEntity
  8
0
 62
7
370
35
 48
0.063442
100
AcDbLine
 10
99.99605429073654
 20
11.174122114196052
 30
0.0
 11
102.53374329073631
 21
11.174122114196052
 31
0.0
  0
LINE
  5
206
330
17
100
AcDbEntity
  8
0
 62
7
370
35
 48
0.038499
100
AcDbLine
 10
102.53374329073631
 20
11.174122114196052
 30
0.0
 11
102.53374329073631
 21
12.714100114195162
 31
0.0
  0
LINE
  5
207
330
17
100
AcDbEntity
  8
0
 62
7
370
35
 48
0.125
100
AcDbLine
 10
102.53374329073631
 20
12.714100114195162
 30
0.0
 11
107.53374329073722
 21
12.714100114195162
 31
0.0
  0
LINE
  5
208
330
17
100
AcDbEntity
  8
0
 62
7
370
35
 48
0.075
100
AcDbLine
 10
107.53374329073722
 20
12.714100114195162
 30
0.0
 11
107.53374329073722
 21
15.714100114195162
 31
0.0
  0
LINE
  5
209
330
17
100
AcDbEntity
  8
0
 62
7
370
35
 48
0.125
100
AcDbLine
 10
102.53374329073631
 20
15.714100114195162
 30
0.0
 11
107.53374329073722
 21
15.714100114195162
 31
0.0
  0
LINE
  5
20A
330
17
100
AcDbEntity
  8
0
 62
7
370
35
 48
0.046454
100
AcDbLine
 10
102.53374329073631
 20
15.714100114195162
 30
0.0
 11
102.53374329073631
 21
17.572254114195175
 31
0.0
  0
LINE
  5
20B
330
17
100
AcDbEntity
  8
0
 62
7
370
35
 48
0.20439
100
AcDbLine
 10
94.3581452907365
 20
17.572254114195175
 30
0.0
 11
102.53374329073631
 21
17.572254114195175
 31
0.0
  0
LINE
  5
20C
330
17
100
AcDbEntity
  8
0
 62
7
370
35
 48
0.05
100
AcDbLine
 10
94.3581452907365
 20
19.572254114195175
 30
0.0
 11
94.3581452907365
 21
17.572254114195175
 31
0.0
  0
LINE
  5
20D
330
17
100
AcDbEntity
  8
0
 62
7
370
35
 48
0.20439
100
AcDbLine
 10
94.3581452907365
 20
19.572254114195175
 30
0.0
 11
102.53374329073631
 21
19.572254114195175
 31
0.0
  0
LINE
  5
20E
330
17
100
AcDbEntity
  8
0
 62
7
370
35
 48
0.089638
100
AcDbLine
 10
102.53374329073631
 20
19.572254114195175
 30
0.0
 11
102.53374329073631
 21
23.157764114196198
 31
0.0
  0
LINE
  5
20F
330
17
100
AcDbEntity
  8
0
 62
7
370
35
 48
0.125
100
AcDbLine
 10
102.53374329073631
 20
23.157764114196198
 30
0.0
 11
107.53374329073722
 21
23.157764114196198
 31
0.0
  0
LINE
  5
210
330
17
100
AcDbEntity
  8
0
 62
7
370
35
 48
0.075
100
AcDbLine
 10
107.53374329073722
 20
23.157764114196198
 30
0.0
 11
107.53374329073722
 21
26.157764114196198
 31
0.0
  0
LINE
  5
211
330
17
100
AcDbEntity
  8
0
 62
7
370
35
 48
0.125
100
AcDbLine
 10
102.53374329073631
 20
26.157764114196198
 30
0.0
 11
107.53374329073722
 21
26.157764114196198
 31
0.0
  0
LINE
  5
212
330
17
100
AcDbEntity
  8
0
 62
7
370
35
 48
0.073434
100
AcDbLine
 10
102.53374329073631
 20
26.157764114196198
 30
0.0
 11
102.53374329073631
 21
29.09514211419514
 31
0.0
  0
LINE
  5
213
330
17
100
AcDbEntity
  8
0
 62
7
370
35
 48
0.152557
100
AcDbLine
 10
102.53374329073631
 20
29.09514211419514
 30
0.0
 11
96.43144829073617
 21
29.09514211419514
 31
0.0
  0
LINE
  5
214
330
17
100
AcDbEntity
  8
0
 62
7
370
35
 48
0.152557
100
AcDbLine
 10
33.9862187390313
 20
29.09304070636722
 30
0.0
 11
40.08851373903144
 21
29.09304070636722
 31
0.0
  0
LINE
  5
215
330
17
100
AcDbEntity
  8
0
100
AcDbLine
 10
40.088511260430096
 20
29.6336236713812
 30
0.0
 11
40.08851373903144
 21
29.09304070636722
 31
0.0
  0
ELLIPSE
  5
216
330
17
100
AcDbEntity
  8
0
100
AcDbEllipse
 10
37.03736499973138
 20
18.087117688874287
 30
0.0
 11
20.24787994875102
 21
-5.350470807906875
 31
0.0
 40
0.5702575287749762
 41
4.712388980384688
 42
1.5707963267949117
  0
LINE
  5
217
330
17
100
AcDbEntity
  8
0
100
AcDbLine
 10
33.9862187390313
 20
6.5406117063671445
 30
0.0
 11
33.9862187390313
 21
10.17202070636722
 31
0.0
  0
LINE
  5
218
330
17
100
AcDbEntity
  8
0
 62
7
370
35
 48
0.063442
100
AcDbLine
 10
36.523907739031074
 20
10.17202070636722
 30
0.0
 11
33.9862187390313
 21
10.17202070636722
 31
0.0
  0
LINE
  5
219
330
17
100
AcDbEntity
  8
0
 62
7
370
35
 48
0.025
100
AcDbLine
 10
36.523907739031074
 20
11.17202070636722
 30
0.0
 11
36.523907739031074
 21
10.17202070636722
 31
0.0
  0
LINE
  5
21A
330
17
100
AcDbEntity
  8
0
 62
7
370
35
 48
0.063442
100
AcDbLine
 10
36.523907739031074
 20
11.17202070636722
 30
0.0
 11
33.9862187390313
 21
11.17202070636722
 31
0.0
  0
LINE
  5
21B
330
17
100
AcDbEntity
  8
0
 62
7
370
35
 48
0.038499
100
AcDbLine
 10
33.9862187390313
 20
11.17202070636722
 30
0.0
 11
33.9862187390313
 21
12.71199870636724
 31
0.0
  0
LINE
  5
21C
330
17
100
AcDbEntity
  8
0
 62
7
370
35
 48
0.125
100
AcDbLine
 10
33.9862187390313
 20
12.71199870636724
 30
0.0
 11
28.9862187390313
 21
12.71199870636724
 31
0.0
  0
LINE
  5
21D
330
17
100
AcDbEntity
  8
0
 62
7
370
35
 48
0.075
100
AcDbLine
 10
28.9862187390313
 20
12.71199870636724
 30
0.0
 11
28.9862187390313
 21
15.71199870636724
 31
0.0
  0
LINE
  5
21E
330
17
100
AcDbEntity
  8
0
 62
7
370
35
 48
0.125
100
AcDbLine
 10
33.9862187390313
 20
15.71199870636724
 30
0.0
 11
28.9862187390313
 21
15.71199870636724
 31
0.0
  0
LINE
  5
21F
330
17
100
AcDbEntity
  8
0
 62
7
370
35
 48
0.046454
100
AcDbLine
 10
33.9862187390313
 20
15.71199870636724
 30
0.0
 11
33.9862187390313
 21
17.570152706367253
 31
0.0
  0
LINE
  5
220
330
17
100
AcDbEntity
  8
0
 62
7
370
35
 48
0.20439
100
AcDbLine
 10
42.16181673903111
 20
17.570152706367253
 30
0.0
 11
33.9862187390313
 21
17.570152706367253
 31
0.0
  0
LINE
  5
221
330
17
100
AcDbEntity
  8
0
 62
7
370
35
 48
0.05
100
AcDbLine
 10
42.16181673903111
 20
19.570152706367253
 30
0.0
 11
42.16181673903111
 21
17.570152706367253
 31
0.0
  0
LINE
  5
222
330
17
100
AcDbEntity
  8
0
 62
7
370
35
 48
0.20439
100
AcDbLine
 10
42.16181673903111
 20
19.570152706367253
 30
0.0
 11
33.9862187390313
 21
19.570152706367253
 31
0.0
  0
LINE
  5
223
330
17
100
AcDbEntity
  8
0
 62
7
370
35
 48
0.089638
100
AcDbLine
 10
33.9862187390313
 20
19.570152706367253
 30
0.0
 11
33.9862187390313
 21
23.15566270636714
 31
0.0
  0
LINE
  5
224
330
17
100
AcDbEntity
  8
0
 62
7
370
35
 48
0.125
100
AcDbLine
 10
33.9862187390313
 20
23.15566270636714
 30
0.0
 11
28.9862187390313
 21
23.15566270636714
 31
0.0
  0
LINE
  5
225
330
17
100
AcDbEntity
  8
0
 62
7
370
35
 48
0.075
100
AcDbLine
 10
28.9862187390313
 20
23.15566270636714
 30
0.0
 11
28.9862187390313
 21
26.15566270636714
 31
0.0
  0
LINE
  5
226
330
17
100
AcDbEntity
  8
0
 62
7
370
35
 48
0.125
100
AcDbLine
 10
33.9862187390313
 20
26.15566270636714
 30
0.0
 11
28.9862187390313
 21
26.15566270636714
 31
0.0
  0
LINE
  5
227
330
17
100
AcDbEntity
  8
0
 62
7
370
35
 48
0.073434
100
AcDbLine
 10
33.9862187390313
 20
26.15566270636714
 30
0.0
 11
33.9862187390313
 21
29.09304070636722
 31
0.0
  0
LINE
  5
228
330
17
100
AcDbEntity
  8
0
 62
7
370
35
 48
0.024869
100
AcDbLine
 10
96.88068399999929
 20
36.78405749999956
 30
0.0
 11
96.88068399999929
 21
37.778808499999286
 31
0.0
  0
POLYLINE
  5
229
330
17
100
AcDbEntity
  8
0
 62
7
370
35
100
AcDb2dPolyline
 66
1
 10
0.0
 20
0.0
 30
0.0
 70
0
  0
VERTEX
  5
22A
330
229
100
AcDbEntity
  8
0
370
0
100
AcDbVertex
100
AcDb2dVertex
 10
96.88068399999929
 20
37.778808499999286
 30
0.0
 70
0
  0
VERTEX
  5
22B
330
229
100
AcDbEntity
  8
0
370
0
100
AcDbVertex
100
AcDb2dVertex
 10
97.18302200000016
 20
38.17907650000052
 30
0.0
 70
0
  0
VERTEX
  5
22C
330
229
100
AcDbEntity
  8
0
370
0
100
AcDbVertex
100
AcDb2dVertex
 10
97.5058979999992
 20
38.54528749999963
 30
0.0
 70
0
  0
VERTEX
  5
22D
330
229
100
AcDbEntity
  8
0
370
0
100
AcDbVertex
100
AcDb2dVertex
 10
98.30043800000021
 20
39.292419500000506
 30
0.0
 70
0
  0
VERTEX
  5
22E
330
229
100
AcDbEntity
  8
0
370
0
100
AcDbVertex
100
AcDb2dVertex
 10
98.83760799999914
 20
39.719604499999605
 30
0.0
 70
0
  0
VERTEX
  5
22F
330
229
100
AcDbEntity
  8
0
370
0
100
AcDbVertex
100
AcDb2dVertex
 10
99.38803900000016
 20
40.11340350000046
 30
0.0
 70
0
  0
VERTEX
  5
230
330
229
100
AcDbEntity
  8
0
370
0
100
AcDbVertex
100
AcDb2dVertex
 10
100.08895100000018
 20
40.565246500000285
 30
0.0
 70
0
  0
VERTEX
  5
231
330
229
100
AcDbEntity
  8
0
370
0
100
AcDbVertex
100
AcDb2dVertex
 10
100.80210100000022
 20
40.97943050000049
 30
0.0
 70
0
  0
VERTEX
  5
232
330
229
100
AcDbEntity
  8
0
370
0
100
AcDbVertex
100
AcDb2dVertex
 10
101.66750299999921
 20
41.4316404999995
 30
0.0
 70
0
  0
VERTEX
  5
233
330
229
100
AcDbEntity
  8
0
370
0
100
AcDbVertex
100
AcDb2dVertex
 10
102.53556099999923
 20
41.83898949999957
 30
0.0
 70
0
  0
VERTEX
  5
234
330
229
100
AcDbEntity
  8
0
370
0
100
AcDbVertex
100
AcDb2dVertex
 10
103.4983450000002
 20
42.24615449999965
 30
0.0
 70
0
  0
VERTEX
  5
235
330
229
100
AcDbEntity
  8
0
370
0
100
AcDbVertex
100
AcDb2dVertex
 10
104.46367700000019
 20
42.61724850000064
 30
0.0
 70
0
  0
VERTEX
  5
236
330
229
100
AcDbEntity
  8
0
370
0
100
AcDbVertex
100
AcDb2dVertex
 10
106.94596099999922
 20
43.47241150000036
 30
0.0
 70
0
  0
VERTEX
  5
237
330
229
100
AcDbEntity
  8
0
370
0
100
AcDbVertex
100
AcDb2dVertex
 10
107.37197099999935
 20
43.611205500000324
 30
0.0
 70
0
  0
VERTEX
  5
238
330
229
100
AcDbEntity
  8
0
370
0
100
AcDbVertex
100
AcDb2dVertex
 10
110.36692100000027
 20
44.53680450000047
 30
0.0
 70
0
  0
VERTEX
  5
239
330
229
100
AcDbEntity
  8
0
370
0
100
AcDbVertex
100
AcDb2dVertex
 10
111.97682999999915
 20
44.98309349999954
 30
0.0
 70
0
  0
VERTEX
  5
23A
330
229
100
AcDbEntity
  8
0
370
0
100
AcDbVertex
100
AcDb2dVertex
 10
113.59713000000033
 20
45.37884550000035
 30
0.0
 70
0
  0
VERTEX
  5
23B
330
229
100
AcDbEntity
  8
0
370
0
100
AcDbVertex
100
AcDb2dVertex
 10
115.56580399999916
 20
45.77557349999961
 30
0.0
 70
0
  0
VERTEX
  5
23C
330
229
100
AcDbEntity
  8
0
370
0
100
AcDbVertex
100
AcDb2dVertex
 10
117.5423810000002
 20
46.087707500000306
 30
0.0
 70
0
  0
VERTEX
  5
23D
330
229
100
AcDbEntity
  8
0
370
0
100
AcDbVertex
100
AcDb2dVertex
 10
119.14180800000031
 20
46.30407650000052
 30
0.0
 70
0
  0
VERTEX
  5
23E
330
229
100
AcDbEntity
  8
0
370
0
100
AcDbVertex
100
AcDb2dVertex
 10
121.3351210000003
 20
46.58111549999967
 30
0.0
 70
0
  0
VERTEX
  5
23F
330
229
100
AcDbEntity
  8
0
370
0
100
AcDbVertex
100
AcDb2dVertex
 10
123.51995100000022
 20
46.83508249999932
 30
0.0
 70
0
  0
VERTEX
  5
240
330
229
100
AcDbEntity
  8
0
370
0
100
AcDbVertex
100
AcDb2dVertex
 10
126.09311699999921
 20
47.07916249999971
 30
0.0
 70
0
  0
VERTEX
  5
241
330
229
100
AcDbEntity
  8
0
370
0
100
AcDbVertex
100
AcDb2dVertex
 10
126.80339800000024
 20
47.12957750000032
 30
0.0
 70
0
  0
VERTEX
  5
242
330
229
100
AcDbEntity
  8
0
370
0
100
AcDbVertex
100
AcDb2dVertex
 10
128.9315569999992
 20
47.21435550000069
 30
0.0
 70
0
  0
VERTEX
  5
243
330
229
100
AcDbEntity
  8
0
370
0
100
AcDbVertex
100
AcDb2dVertex
 10
129.4712910000003
 20
47.21594250000044
 30
0.0
 70
0
  0
VERTEX
  5
244
330
229
100
AcDbEntity
  8
0
370
0
100
AcDbVertex
100
AcDb2dVertex
 10
131.09134699999913
 20
47.14343249999956
 30
0.0
 70
0
  0
VERTEX
  5
245
330
229
100
AcDbEntity
  8
0
370
0
100
AcDbVertex
100
AcDb2dVertex
 10
131.86366999999927
 20
47.06390350000038
 30
0.0
 70
0
  0
VERTEX
  5
246
330
229
100
AcDbEntity
  8
0
370
0
100
AcDbVertex
100
AcDb2dVertex
 10
133.39960499999916
 20
46.838134500000706
 30
0.0
 70
0
  0
VERTEX
  5
247
330
229
100
AcDbEntity
  8
0
370
0
100
AcDbVertex
100
AcDb2dVertex
 10
135.8416520000003
 20
46.38543650000065
 30
0.0
 70
0
  0
VERTEX
  5
248
330
229
100
AcDbEntity
  8
0
370
0
100
AcDbVertex
100
AcDb2dVertex
 10
137.06554400000027
 20
46.12145949999967
 30
0.0
 70
0
  0
VERTEX
  5
249
330
229
100
AcDbEntity
  8
0
370
0
100
AcDbVertex
100
AcDb2dVertex
 10
137.50899500000014
 20
46.005493500000284
 30
0.0
 70
0
  0
VERTEX
  5
24A
330
229
100
AcDbEntity
  8
0
370
0
100
AcDbVertex
100
AcDb2dVertex
 10
138.35215000000017
 20
45.69897449999962
 30
0.0
 70
0
  0
VERTEX
  5
24B
330
229
100
AcDbEntity
  8
0
370
0
100
AcDbVertex
100
AcDb2dVertex
 10
139.05396299999916
 20
45.33325149999928
 30
0.0
 70
0
  0
VERTEX
  5
24C
330
229
100
AcDbEntity
  8
0
370
0
100
AcDbVertex
100
AcDb2dVertex
 10
139.7115560000002
 20
44.900146499999664
 30
0.0
 70
0
  0
VERTEX
  5
24D
330
229
100
AcDbEntity
  8
0
370
0
100
AcDbVertex
100
AcDb2dVertex
 10
140.51062800000022
 20
44.28247049999936
 30
0.0
 70
0
  0
VERTEX
  5
24E
330
229
100
AcDbEntity
  8
0
370
0
100
AcDbVertex
100
AcDb2dVertex
 10
141.88428500000032
 20
43.119079499999316
 30
0.0
 70
0
  0
VERTEX
  5
24F
330
229
100
AcDbEntity
  8
0
370
0
100
AcDbVertex
100
AcDb2dVertex
 10
142.92443100000014
 20
42.25701850000041
 30
0.0
 70
0
  0
VERTEX
  5
250
330
229
100
AcDbEntity
  8
0
370
0
100
AcDbVertex
100
AcDb2dVertex
 10
143.91284999999925
 20
41.44409149999956
 30
0.0
 70
0
  0
VERTEX
  5
251
330
229
100
AcDbEntity
  8
0
370
0
100
AcDbVertex
100
AcDb2dVertex
 10
144.12282599999935
 20
41.25707949999969
 30
0.0
 70
0
  0
VERTEX
  5
252
330
229
100
AcDbEntity
  8
0
370
0
100
AcDbVertex
100
AcDb2dVertex
 10
144.68866700000035
 20
40.65972850000071
 30
0.0
 70
0
  0
VERTEX
  5
253
330
229
100
AcDbEntity
  8
0
370
0
100
AcDbVertex
100
AcDb2dVertex
 10
145.1009139999992
 20
40.0629885000003
 30
0.0
 70
0
  0
VERTEX
  5
254
330
229
100
AcDbEntity
  8
0
370
0
100
AcDbVertex
100
AcDb2dVertex
 10
145.44675500000017
 20
39.38659650000045
 30
0.0
 70
0
  0
VERTEX
  5
255
330
229
100
AcDbEntity
  8
0
370
0
100
AcDbVertex
100
AcDb2dVertex
 10
145.71701799999914
 20
38.67938250000043
 30
0.0
 70
0
  0
VERTEX
  5
256
330
229
100
AcDbEntity
  8
0
370
0
100
AcDbVertex
100
AcDb2dVertex
 10
145.92354600000021
 20
37.94244349999963
 30
0.0
 70
0
  0
VERTEX
  5
257
330
229
100
AcDbEntity
  8
0
370
0
100
AcDbVertex
100
AcDb2dVertex
 10
146.11931600000025
 20
36.78405749999956
 30
0.0
 70
0
  0
SEQEND
  5
258
330
229
100
AcDbEntity
  8
0
370
0
  0
LINE
  5
259
330
17
100
AcDbEntity
  8
0
 62
7
370
35
 48
0.038461
100
AcDbLine
 10
146.11931600000025
 20
36.78405749999956
 30
0.0
 11
144.58086399999934
 21
36.78405749999956
 31
0.0
  0
LINE
  5
25A
330
17
100
AcDbEntity
  8
0
 62
7
370
35
 48
0.058965
100
AcDbLine
 10
144.58086399999934
 20
36.78405749999956
 30
0.0
 11
144.58086399999934
 21
39.14263850000043
 31
0.0
  0
LINE
  5
25B
330
17
100
AcDbEntity
  8
0
 62
7
370
35
 48
0.025
100
AcDbLine
 10
144.58086399999934
 20
39.14263850000043
 30
0.0
 11
143.58086399999934
 21
39.14263850000043
 31
0.0
  0
LINE
  5
25C
330
17
100
AcDbEntity
  8
0
 62
7
370
35
 48
0.058965
100
AcDbLine
 10
143.58086399999934
 20
36.78405749999956
 30
0.0
 11
143.58086399999934
 21
39.14263850000043
 31
0.0
  0
LINE
  5
25D
330
17
100
AcDbEntity
  8
0
 62
7
370
35
 48
0.152547
100
AcDbLine
 10
143.58086399999934
 20
36.78405749999956
 30
0.0
 11
137.4789810000002
 21
36.78405749999956
 31
0.0
  0
LINE
  5
25E
330
17
100
AcDbEntity
  8
0
 62
7
370
35
 48
0.115375
100
AcDbLine
 10
137.4789810000002
 20
41.3990474999996
 30
0.0
 11
137.4789810000002
 21
36.78405749999956
 31
0.0
  0
LINE
  5
25F
330
17
100
AcDbEntity
  8
0
 62
7
370
35
 48
0.025
100
AcDbLine
 10
137.4789810000002
 20
41.3990474999996
 30
0.0
 11
136.4789810000002
 21
41.3990474999996
 31
0.0
  0
LINE
  5
260
330
17
100
AcDbEntity
  8
0
 62
7
370
35
 48
0.115375
100
AcDbLine
 10
136.4789810000002
 20
41.3990474999996
 30
0.0
 11
136.4789810000002
 21
36.78405749999956
 31
0.0
  0
LINE
  5
261
330
17
100
AcDbEntity
  8
0
 62
7
370
35
 48
0.159953
100
AcDbLine
 10
136.4789810000002
 20
36.78405749999956
 30
0.0
 11
130.08086399999934
 21
36.78405749999956
 31
0.0
  0
LINE
  5
262
330
17
100
AcDbEntity
  8
0
 62
7
370
35
 48
0.130244
100
AcDbLine
 10
130.08086399999934
 20
41.99383550000039
 30
0.0
 11
130.08086399999934
 21
36.78405749999956
 31
0.0
  0
LINE
  5
263
330
17
100
AcDbEntity
  8
0
 62
7
370
35
 48
0.05
100
AcDbLine
 10
130.08086399999934
 20
41.99383550000039
 30
0.0
 11
128.08086399999934
 21
41.99383550000039
 31
0.0
  0
LINE
  5
264
330
17
100
AcDbEntity
  8
0
 62
7
370
35
 48
0.130244
100
AcDbLine
 10
128.08086399999934
 20
41.99383550000039
 30
0.0
 11
128.08086399999934
 21
36.78405749999956
 31
0.0
  0
LINE
  5
265
330
17
100
AcDbEntity
  8
0
 62
7
370
35
 48
0.238072
100
AcDbLine
 10
128.08086399999934
 20
36.78405749999956
 30
0.0
 11
118.55799099999922
 21
36.78405749999956
 31
0.0
  0
LINE
  5
266
330
17
100
AcDbEntity
  8
0
 62
7
370
35
 48
0.118036
100
AcDbLine
 10
118.55799099999922
 20
41.505493500000284
 30
0.0
 11
118.55799099999922
 21
36.78405749999956
 31
0.0
  0
LINE
  5
267
330
17
100
AcDbEntity
  8
0
 62
7
370
35
 48
0.025
100
AcDbLine
 10
118.55799099999922
 20
41.505493500000284
 30
0.0
 11
117.55799100000013
 21
41.505493500000284
 31
0.0
  0
LINE
  5
268
330
17
100
AcDbEntity
  8
0
 62
7
370
35
 48
0.118036
100
AcDbLine
 10
117.55799100000013
 20
41.505493500000284
 30
0.0
 11
117.55799100000013
 21
36.78405749999956
 31
0.0
  0
LINE
  5
269
330
17
100
AcDbEntity
  8
0
 62
7
370
35
 48
0.306416
100
AcDbLine
 10
117.55799100000013
 20
36.78405749999956
 30
0.0
 11
105.30136899999934
 21
36.78405749999956
 31
0.0
  0
LINE
  5
26A
330
17
100
AcDbEntity
  8
0
 62
7
370
35
 48
0.102184
100
AcDbLine
 10
105.30136899999934
 20
40.871398499999486
 30
0.0
 11
105.30136899999934
 21
36.78405749999956
 31
0.0
  0
LINE
  5
26B
330
17
100
AcDbEntity
  8
0
 62
7
370
35
 48
0.025
100
AcDbLine
 10
105.30136899999934
 20
40.871398499999486
 30
0.0
 11
104.30136899999934
 21
40.871398499999486
 31
0.0
  0
LINE
  5
26C
330
17
100
AcDbEntity
  8
0
 62
7
370
35
 48
0.102184
100
AcDbLine
 10
104.30136899999934
 20
40.871398499999486
 30
0.0
 11
104.30136899999934
 21
36.78405749999956
 31
0.0
  0
LINE
  5
26D
330
17
100
AcDbEntity
  8
0
 62
7
370
35
 48
0.185517
100
AcDbLine
 10
104.30136899999934
 20
36.78405749999956
 30
0.0
 11
96.88068399999929
 21
36.78405749999956
 31
0.0
  0
LINE
  5
26E
330
17
100
AcDbEntity
  8
0
 62
7
370
35
 48
0.024869
100
AcDbLine
 10
50.38068399999975
 20
93.71594250000044
 30
0.0
 11
50.38068399999975
 21
92.72119150000026
 31
0.0
  0
POLYLINE
  5
26F
330
17
100
AcDbEntity
  8
0
 62
7
370
35
100
AcDb2dPolyline
 66
1
 10
0.0
 20
0.0
 30
0.0
 70
0
  0
VERTEX
  5
270
330
26F
100
AcDbEntity
  8
0
370
0
100
AcDbVertex
100
AcDb2dVertex
 10
50.38068399999975
 20
92.72119150000026
 30
0.0
 70
0
  0
VERTEX
  5
271
330
26F
100
AcDbEntity
  8
0
370
0
100
AcDbVertex
100
AcDb2dVertex
 10
50.68302200000062
 20
92.32092350000039
 30
0.0
 70
0
  0
VERTEX
  5
272
330
26F
100
AcDbEntity
  8
0
370
0
100
AcDbVertex
100
AcDb2dVertex
 10
51.00589799999966
 20
91.95471250000037
 30
0.0
 70
0
  0
VERTEX
  5
273
330
26F
100
AcDbEntity
  8
0
370
0
100
AcDbVertex
100
AcDb2dVertex
 10
51.80043800000067
 20
91.2075805000004
 30
0.0
 70
0
  0
VERTEX
  5
274
330
26F
100
AcDbEntity
  8
0
370
0
100
AcDbVertex
100
AcDb2dVertex
 10
52.33760799999959
 20
90.7803955000013
 30
0.0
 70
0
  0
VERTEX
  5
275
330
26F
100
AcDbEntity
  8
0
370
0
100
AcDbVertex
100
AcDb2dVertex
 10
52.88803900000062
 20
90.38659650000045
 30
0.0
 70
0
  0
VERTEX
  5
276
330
26F
100
AcDbEntity
  8
0
370
0
100
AcDbVertex
100
AcDb2dVertex
 10
53.588951000000634
 20
89.93475350000062
 30
0.0
 70
0
  0
VERTEX
  5
277
330
26F
100
AcDbEntity
  8
0
370
0
100
AcDbVertex
100
AcDb2dVertex
 10
54.302101000000675
 20
89.52056950000042
 30
0.0
 70
0
  0
VERTEX
  5
278
330
26F
100
AcDbEntity
  8
0
370
0
100
AcDbVertex
100
AcDb2dVertex
 10
55.16750299999967
 20
89.0683595000014
 30
0.0
 70
0
  0
VERTEX
  5
279
330
26F
100
AcDbEntity
  8
0
370
0
100
AcDbVertex
100
AcDb2dVertex
 10
56.03556099999969
 20
88.66101050000043
 30
0.0
 70
0
  0
VERTEX
  5
27A
330
26F
100
AcDbEntity
  8
0
370
0
100
AcDbVertex
100
AcDb2dVertex
 10
56.998345000000654
 20
88.25384550000035
 30
0.0
 70
0
  0
VERTEX
  5
27B
330
26F
100
AcDbEntity
  8
0
370
0
100
AcDbVertex
100
AcDb2dVertex
 10
57.963677000000644
 20
87.88275150000027
 30
0.0
 70
0
  0
VERTEX
  5
27C
330
26F
100
AcDbEntity
  8
0
370
0
100
AcDbVertex
100
AcDb2dVertex
 10
60.44596099999967
 20
87.02758850000055
 30
0.0
 70
0
  0
VERTEX
  5
27D
330
26F
100
AcDbEntity
  8
0
370
0
100
AcDbVertex
100
AcDb2dVertex
 10
60.8719709999998
 20
86.88879450000059
 30
0.0
 70
0
  0
VERTEX
  5
27E
330
26F
100
AcDbEntity
  8
0
370
0
100
AcDbVertex
100
AcDb2dVertex
 10
63.86692100000073
 20
85.96319550000044
 30
0.0
 70
0
  0
VERTEX
  5
27F
330
26F
100
AcDbEntity
  8
0
370
0
100
AcDbVertex
100
AcDb2dVertex
 10
65.47682999999961
 20
85.51690650000137
 30
0.0
 70
0
  0
VERTEX
  5
280
330
26F
100
AcDbEntity
  8
0
370
0
100
AcDbVertex
100
AcDb2dVertex
 10
67.09713000000079
 20
85.12115450000056
 30
0.0
 70
0
  0
VERTEX
  5
281
330
26F
100
AcDbEntity
  8
0
370
0
100
AcDbVertex
100
AcDb2dVertex
 10
69.06580399999962
 20
84.72442650000039
 30
0.0
 70
0
  0
VERTEX
  5
282
330
26F
100
AcDbEntity
  8
0
370
0
100
AcDbVertex
100
AcDb2dVertex
 10
71.04238100000066
 20
84.4122925000006
 30
0.0
 70
0
  0
VERTEX
  5
283
330
26F
100
AcDbEntity
  8
0
370
0
100
AcDbVertex
100
AcDb2dVertex
 10
72.64180800000076
 20
84.19592350000039
 30
0.0
 70
0
  0
VERTEX
  5
284
330
26F
100
AcDbEntity
  8
0
370
0
100
AcDbVertex
100
AcDb2dVertex
 10
74.83512100000075
 20
83.91888450000033
 30
0.0
 70
0
  0
VERTEX
  5
285
330
26F
100
AcDbEntity
  8
0
370
0
100
AcDbVertex
100
AcDb2dVertex
 10
77.01995100000067
 20
83.66491750000068
 30
0.0
 70
0
  0
VERTEX
  5
286
330
26F
100
AcDbEntity
  8
0
370
0
100
AcDbVertex
100
AcDb2dVertex
 10
79.59311699999967
 20
83.42083750000029
 30
0.0
 70
0
  0
VERTEX
  5
287
330
26F
100
AcDbEntity
  8
0
370
0
100
AcDbVertex
100
AcDb2dVertex
 10
80.3033980000007
 20
83.37042250000059
 30
0.0
 70
0
  0
VERTEX
  5
288
330
26F
100
AcDbEntity
  8
0
370
0
100
AcDbVertex
100
AcDb2dVertex
 10
82.43155699999966
 20
83.28564450000067
 30
0.0
 70
0
  0
VERTEX
  5
289
330
26F
100
AcDbEntity
  8
0
370
0
100
AcDbVertex
100
AcDb2dVertex
 10
82.97129100000075
 20
83.28405749999956
 30
0.0
 70
0
  0
VERTEX
  5
28A
330
26F
100
AcDbEntity
  8
0
370
0
100
AcDbVertex
100
AcDb2dVertex
 10
84.59134699999959
 20
83.35656750000044
 30
0.0
 70
0
  0
VERTEX
  5
28B
330
26F
100
AcDbEntity
  8
0
370
0
100
AcDbVertex
100
AcDb2dVertex
 10
85.36366999999973
 20
83.43609650000053
 30
0.0
 70
0
  0
VERTEX
  5
28C
330
26F
100
AcDbEntity
  8
0
370
0
100
AcDbVertex
100
AcDb2dVertex
 10
86.89960499999961
 20
83.66186550000066
 30
0.0
 70
0
  0
VERTEX
  5
28D
330
26F
100
AcDbEntity
  8
0
370
0
100
AcDbVertex
100
AcDb2dVertex
 10
89.34165200000075
 20
84.11456350000162
 30
0.0
 70
0
  0
VERTEX
  5
28E
330
26F
100
AcDbEntity
  8
0
370
0
100
AcDbVertex
100
AcDb2dVertex
 10
90.56554400000073
 20
84.37854050000033
 30
0.0
 70
0
  0
VERTEX
  5
28F
330
26F
100
AcDbEntity
  8
0
370
0
100
AcDbVertex
100
AcDb2dVertex
 10
91.0089950000006
 20
84.49450650000063
 30
0.0
 70
0
  0
VERTEX
  5
290
330
26F
100
AcDbEntity
  8
0
370
0
100
AcDbVertex
100
AcDb2dVertex
 10
91.85215000000062
 20
84.80102550000129
 30
0.0
 70
0
  0
VERTEX
  5
291
330
26F
100
AcDbEntity
  8
0
370
0
100
AcDbVertex
100
AcDb2dVertex
 10
92.55396299999961
 20
85.16674850000027
 30
0.0
 70
0
  0
VERTEX
  5
292
330
26F
100
AcDbEntity
  8
0
370
0
100
AcDbVertex
100
AcDb2dVertex
 10
93.21155600000066
 20
85.59985350000034
 30
0.0
 70
0
  0
VERTEX
  5
293
330
26F
100
AcDbEntity
  8
0
370
0
100
AcDbVertex
100
AcDb2dVertex
 10
94.01062800000068
 20
86.21752950000064
 30
0.0
 70
0
  0
VERTEX
  5
294
330
26F
100
AcDbEntity
  8
0
370
0
100
AcDbVertex
100
AcDb2dVertex
 10
95.38428500000077
 20
87.38092050000068
 30
0.0
 70
0
  0
VERTEX
  5
295
330
26F
100
AcDbEntity
  8
0
370
0
100
AcDbVertex
100
AcDb2dVertex
 10
96.4244310000006
 20
88.2429815000005
 30
0.0
 70
0
  0
VERTEX
  5
296
330
26F
100
AcDbEntity
  8
0
370
0
100
AcDbVertex
100
AcDb2dVertex
 10
97.41284999999971
 20
89.05590850000044
 30
0.0
 70
0
  0
VERTEX
  5
297
330
26F
100
AcDbEntity
  8
0
370
0
100
AcDbVertex
100
AcDb2dVertex
 10
97.6228259999998
 20
89.24292050000031
 30
0.0
 70
0
  0
VERTEX
  5
298
330
26F
100
AcDbEntity
  8
0
370
0
100
AcDbVertex
100
AcDb2dVertex
 10
98.1886670000008
 20
89.84027150000156
 30
0.0
 70
0
  0
VERTEX
  5
299
330
26F
100
AcDbEntity
  8
0
370
0
100
AcDbVertex
100
AcDb2dVertex
 10
98.60091399999965
 20
90.4370114999997
 30
0.0
 70
0
  0
VERTEX
  5
29A
330
26F
100
AcDbEntity
  8
0
370
0
100
AcDbVertex
100
AcDb2dVertex
 10
98.94675500000062
 20
91.11340350000046
 30
0.0
 70
0
  0
VERTEX
  5
29B
330
26F
100
AcDbEntity
  8
0
370
0
100
AcDbVertex
100
AcDb2dVertex
 10
99.2170179999996
 20
91.82061750000048
 30
0.0
 70
0
  0
VERTEX
  5
29C
330
26F
100
AcDbEntity
  8
0
370
0
100
AcDbVertex
100
AcDb2dVertex
 10
99.42354600000067
 20
92.55755650000037
 30
0.0
 70
0
  0
VERTEX
  5
29D
330
26F
100
AcDbEntity
  8
0
370
0
100
AcDbVertex
100
AcDb2dVertex
 10
99.61931600000071
 20
93.71594250000044
 30
0.0
 70
0
  0
SEQEND
  5
29E
330
26F
100
AcDbEntity
  8
0
370
0
  0
LINE
  5
29F
330
17
100
AcDbEntity
  8
0
 62
7
370
35
 48
0.038461
100
AcDbLine
 10
99.61931600000071
 20
93.71594250000044
 30
0.0
 11
98.08086399999979
 21
93.71594250000044
 31
0.0
  0
LINE
  5
2A0
330
17
100
AcDbEntity
  8
0
 62
7
370
35
 48
0.058965
100
AcDbLine
 10
98.08086399999979
 20
93.71594250000044
 30
0.0
 11
98.08086399999979
 21
91.35736150000048
 31
0.0
  0
LINE
  5
2A1
330
17
100
AcDbEntity
  8
0
 62
7
370
35
 48
0.025
100
AcDbLine
 10
98.08086399999979
 20
91.35736150000048
 30
0.0
 11
97.08086399999979
 21
91.35736150000048
 31
0.0
  0
LINE
  5
2A2
330
17
100
AcDbEntity
  8
0
 62
7
370
35
 48
0.058965
100
AcDbLine
 10
97.08086399999979
 20
93.71594250000044
 30
0.0
 11
97.08086399999979
 21
91.35736150000048
 31
0.0
  0
LINE
  5
2A3
330
17
100
AcDbEntity
  8
0
 62
7
370
35
 48
0.152547
100
AcDbLine
 10
97.08086399999979
 20
93.71594250000044
 30
0.0
 11
90.97898100000066
 21
93.71594250000044
 31
0.0
  0
LINE
  5
2A4
330
17
100
AcDbEntity
  8
0
 62
7
370
35
 48
0.115375
100
AcDbLine
 10
90.97898100000066
 20
89.10095250000131
 30
0.0
 11
90.97898100000066
 21
93.71594250000044
 31
0.0
  0
LINE
  5
2A5
330
17
100
AcDbEntity
  8
0
 62
7
370
35
 48
0.025
100
AcDbLine
 10
90.97898100000066
 20
89.10095250000131
 30
0.0
 11
89.97898100000066
 21
89.10095250000131
 31
0.0
  0
LINE
  5
2A6
330
17
100
AcDbEntity
  8
0
 62
7
370
35
 48
0.115375
100
AcDbLine
 10
89.97898100000066
 20
89.10095250000131
 30
0.0
 11
89.97898100000066
 21
93.71594250000044
 31
0.0
  0
LINE
  5
2A7
330
17
100
AcDbEntity
  8
0
 62
7
370
35
 48
0.159953
100
AcDbLine
 10
89.97898100000066
 20
93.71594250000044
 30
0.0
 11
83.58086399999979
 21
93.71594250000044
 31
0.0
  0
LINE
  5
2A8
330
17
100
AcDbEntity
  8
0
 62
7
370
35
 48
0.130244
100
AcDbLine
 10
83.58086399999979
 20
88.50616450000052
 30
0.0
 11
83.58086399999979
 21
93.71594250000044
 31
0.0
  0
LINE
  5
2A9
330
17
100
AcDbEntity
  8
0
 62
7
370
35
 48
0.05
100
AcDbLine
 10
83.58086399999979
 20
88.50616450000052
 30
0.0
 11
81.58086399999979
 21
88.50616450000052
 31
0.0
  0
LINE
  5
2AA
330
17
100
AcDbEntity
  8
0
 62
7
370
35
 48
0.130244
100
AcDbLine
 10
81.58086399999979
 20
88.50616450000052
 30
0.0
 11
81.58086399999979
 21
93.71594250000044
 31
0.0
  0
LINE
  5
2AB
330
17
100
AcDbEntity
  8
0
 62
7
370
35
 48
0.238072
100
AcDbLine
 10
81.58086399999979
 20
93.71594250000044
 30
0.0
 11
72.05799099999967
 21
93.71594250000044
 31
0.0
  0
LINE
  5
2AC
330
17
100
AcDbEntity
  8
0
 62
7
370
35
 48
0.118036
100
AcDbLine
 10
72.05799099999967
 20
88.99450649999926
 30
0.0
 11
72.05799099999967
 21
93.71594250000044
 31
0.0
  0
LINE
  5
2AD
330
17
100
AcDbEntity
  8
0
 62
7
370
35
 48
0.025
100
AcDbLine
 10
72.05799099999967
 20
88.99450649999926
 30
0.0
 11
71.05799100000058
 21
88.99450649999926
 31
0.0
  0
LINE
  5
2AE
330
17
100
AcDbEntity
  8
0
 62
7
370
35
 48
0.118036
100
AcDbLine
 10
71.05799100000058
 20
88.99450649999926
 30
0.0
 11
71.05799100000058
 21
93.71594250000044
 31
0.0
  0
LINE
  5
2AF
330
17
100
AcDbEntity
  8
0
 62
7
370
35
 48
0.306416
100
AcDbLine
 10
71.05799100000058
 20
93.71594250000044
 30
0.0
 11
58.801368999999795
 21
93.71594250000044
 31
0.0
  0
LINE
  5
2B0
330
17
100
AcDbEntity
  8
0
 62
7
370
35
 48
0.102184
100
AcDbLine
 10
58.801368999999795
 20
89.62860150000051
 30
0.0
 11
58.801368999999795
 21
93.71594250000044
 31
0.0
  0
LINE
  5
2B1
330
17
100
AcDbEntity
  8
0
 62
7
370
35
 48
0.025
100
AcDbLine
 10
58.801368999999795
 20
89.62860150000051
 30
0.0
 11
57.801368999999795
 21
89.62860150000051
 31
0.0
  0
LINE
  5
2B2
330
17
100
AcDbEntity
  8
0
 62
7
370
35
 48
0.102184
100
AcDbLine
 10
57.801368999999795
 20
89.62860150000051
 30
0.0
 11
57.801368999999795
 21
93.71594250000044
 31
0.0
  0
LINE
  5
2B3
330
17
100
AcDbEntity
  8
0
 62
7
370
35
 48
0.185517
100
AcDbLine
 10
57.801368999999795
 20
93.71594250000044
 30
0.0
 11
50.38068399999975
 21
93.71594250000044
 31
0.0
  0
ARC
  5
2B4
330
17
100
AcDbEntity
  8
0
 62
7
370
35
100
AcDbCircle
 10
67.24999999714191
 20
68.72344750000002
 30
0.0
 40
9.440128999999997
100
AcDbArc
 50
-83.91920800000626
 51
-46.80208500000059
  0
LINE
  5
2B5
330
17
100
AcDbEntity
  8
0
 62
7
370
35
 48
0.034366
100
AcDbLine
 10
72.33734199714172
 20
61.84164149999992
 30
0.0
 11
73.71197499714208
 21
61.84164149999992
 31
0.0
  0
LINE
  5
2B6
330
17
100
AcDbEntity
  8
0
 62
7
370
35
 48
0.025
100
AcDbLine
 10
72.33734199714172
 20
62.84164149999992
 30
0.0
 11
72.33734199714172
 21
61.84164149999992
 31
0.0
  0
LINE
  5
2B7
330
17
100
AcDbEntity
  8
0
 62
7
370
35
 48
0.057411
100
AcDbLine
 10
72.33734199714172
 20
62.84164149999992
 30
0.0
 11
74.63378899714098
 21
62.84164149999992
 31
0.0
  0
ARC
  5
2B8
330
17
100
AcDbEntity
  8
0
 62
7
370
35
100
AcDbCircle
 10
67.24999999714191
 20
68.72344750000002
 30
0.0
 40
9.440128999999997
100
AcDbArc
 50
-38.54013799999582
 51
12.96661599999486
  0
LINE
  5
2B9
330
17
100
AcDbEntity
  8
0
 62
7
370
35
 48
0.102802
100
AcDbLine
 10
72.33734199714172
 20
70.84164149999992
 30
0.0
 11
76.4494019971421
 21
70.84164149999992
 31
0.0
  0
LINE
  5
2BA
330
17
100
AcDbEntity
  8
0
 62
7
370
35
 48
0.025
100
AcDbLine
 10
72.33734199714172
 20
71.84164149999992
 30
0.0
 11
72.33734199714172
 21
70.84164149999992
 31
0.0
  0
LINE
  5
2BB
330
17
100
AcDbEntity
  8
0
 62
7
370
35
 48
0.095573
100
AcDbLine
 10
72.33734199714172
 20
71.84164149999992
 30
0.0
 11
76.16027899714209
 21
71.84164149999992
 31
0.0
  0
ARC
  5
2BC
330
17
100
AcDbEntity
  8
0
 62
7
370
35
100
AcDbCircle
 10
67.24999999714191
 20
68.72344750000002
 30
0.0
 40
9.440128999999997
100
AcDbArc
 50
19.28783799999507
 51
160.7121659999966
  0
LINE
  5
2BD
330
17
100
AcDbEntity
  8
0
 62
7
370
35
 48
0.095573
100
AcDbLine
 10
62.16265899714199
 20
71.84164149999992
 30
0.0
 11
58.33972199714208
 21
71.84164149999992
 31
0.0
  0
LINE
  5
2BE
330
17
100
AcDbEntity
  8
0
 62
7
370
35
 48
0.025
100
AcDbLine
 10
62.16265899714199
 20
71.84164149999992
 30
0.0
 11
62.16265899714199
 21
70.84164149999992
 31
0.0
  0
LINE
  5
2BF
330
17
100
AcDbEntity
  8
0
 62
7
370
35
 48
0.102802
100
AcDbLine
 10
62.16265899714199
 20
70.84164149999992
 30
0.0
 11
58.050597997143086
 21
70.84164149999992
 31
0.0
  0
ARC
  5
2C0
330
17
100
AcDbEntity
  8
0
 62
7
370
35
100
AcDbCircle
 10
67.24999999714191
 20
68.72344750000002
 30
0.0
 40
9.440128999999997
100
AcDbArc
 50
167.0333829999927
 51
-141.4598569999941
  0
LINE
  5
2C1
330
17
100
AcDbEntity
  8
0
 62
7
370
35
 48
0.057411
100
AcDbLine
 10
62.16265899714199
 20
62.84164149999992
 30
0.0
 11
59.866210997141934
 21
62.84164149999992
 31
0.0
  0
LINE
  5
2C2
330
17
100
AcDbEntity
  8
0
 62
7
370
35
 48
0.025
100
AcDbLine
 10
62.16265899714199
 20
62.84164149999992
 30
0.0
 11
62.16265899714199
 21
61.84164149999992
 31
0.0
  0
LINE
  5
2C3
330
17
100
AcDbEntity
  8
0
 62
7
370
35
 48
0.034366
100
AcDbLine
 10
62.16265899714199
 20
61.84164149999992
 30
0.0
 11
60.78802499714175
 21
61.84164149999992
 31
0.0
  0
ARC
  5
2C4
330
17
100
AcDbEntity
  8
0
 62
7
370
35
100
AcDbCircle
 10
67.24999999714191
 20
68.72344750000002
 30
0.0
 40
9.440128999999997
100
AcDbArc
 50
-133.19790999999384
 51
-96.08079700001335
  0
LINE
  5
2C5
330
17
100
AcDbEntity
  8
0
 62
7
370
35
 48
0.234676
100
AcDbLine
 10
66.24999999714191
 20
68.72344750000002
 30
0.0
 11
66.24999999714191
 21
59.33642349999991
 31
0.0
  0
LINE
  5
2C6
330
17
100
AcDbEntity
  8
0
 62
7
370
35
 48
0.05
100
AcDbLine
 10
68.24999999714191
 20
68.72344750000002
 30
0.0
 11
66.24999999714191
 21
68.72344750000002
 31
0.0
  0
LINE
  5
2C7
330
17
100
AcDbEntity
  8
0
 62
7
370
35
 48
0.234676
100
AcDbLine
 10
68.24999999714191
 20
68.72344750000002
 30
0.0
 11
68.24999999714191
 21
59.33642349999991
 31
0.0
  0
LINE
  5
2C8
330
17
100
AcDbEntity
  8
0
 62
7
370
35
 48
0.057916
100
AcDbLine
 10
85.81423608109594
 20
79.08560149999994
 30
0.0
 11
85.81423608109594
 21
76.76895149999973
 31
0.0
  0
LINE
  5
2C9
330
17
100
AcDbEntity
  8
0
100
AcDbLine
 10
85.81423608109594
 20
76.76895149999973
 30
0.0
 11
76.73754556816198
 21
76.76895149999973
 31
0.0
  0
SPLINE
  5
2CA
330
17
100
AcDbEntity
  8
0
100
AcDbSpline
 70
8
 71
3
 72
8
 73
4
 74
0
 42
1e-09
 40
0.0
 40
0.0
 40
0.0
 40
0.0
 40
5.264809947774224
 40
5.264809947774224
 40
5.264809947774224
 40
5.264809947774224
 10
81.17849553298402
 20
79.5967045295506
 30
0.0
 10
79.51726961709505
 20
79.03090323997276
 30
0.0
 10
74.9826089189039
 20
76.76895149999973
 30
0.0
 10
76.73754556816198
 20
76.76895149999973
 30
0.0
  0
ARC
  5
2CB
330
17
100
AcDbEntity
  8
0
 62
7
370
35
100
AcDbCircle
 10
131.5502590810961
 20
-68.2977605000001
 30
0.0
 40
156.237279
100
AcDbArc
 50
107.02168699996693
 51
108.80846399999362
  0
LINE
  5
2CC
330
17
100
AcDbEntity
  8
0
 62
7
370
35
 48
0.026148
100
AcDbLine
 10
85.81423608109594
 20
81.09579450000001
 30
0.0
 11
86.81423608109594
 21
81.40225250000003
 31
0.0
  0
POLYLINE
  5
2CD
330
17
100
AcDbEntity
  8
0
 62
7
370
35
100
AcDb2dPolyline
 66
1
 10
0.0
 20
0.0
 30
0.0
 70
0
  0
VERTEX
  5
2CE
330
2CD
100
AcDbEntity
  8
0
370
0
100
AcDbVertex
100
AcDb2dVertex
 10
86.81423608109594
 20
81.40225250000003
 30
0.0
 70
0
  0
VERTEX
  5
2CF
330
2CD
100
AcDbEntity
  8
0
370
0
100
AcDbVertex
100
AcDb2dVertex
 10
89.44324908109706
 20
82.20388749999984
 30
0.0
 70
0
  0
VERTEX
  5
2D0
330
2CD
100
AcDbEntity
  8
0
370
0
100
AcDbVertex
100
AcDb2dVertex
 10
92.43221708109695
 20
83.1045224999998
 30
0.0
 70
0
  0
VERTEX
  5
2D1
330
2CD
100
AcDbEntity
  8
0
370
0
100
AcDbVertex
100
AcDb2dVertex
 10
95.36040908109703
 20
83.92361449999999
 30
0.0
 70
0
  0
VERTEX
  5
2D2
330
2CD
100
AcDbEntity
  8
0
370
0
100
AcDbVertex
100
AcDb2dVertex
 10
98.76076908109599
 20
84.73251349999964
 30
0.0
 70
0
  0
SEQEND
  5
2D3
330
2CD
100
AcDbEntity
  8
0
370
0
  0
LINE
  5
2D4
330
17
100
AcDbEntity
  8
0
 62
7
370
35
 48
0.025551
100
AcDbLine
 10
98.76076908109599
 20
84.73251349999964
 30
0.0
 11
99.7607690810969
 21
84.94357349999973
 31
0.0
  0
POLYLINE
  5
2D5
330
17
100
AcDbEntity
  8
0
 62
7
370
35
100
AcDb2dPolyline
 66
1
 10
0.0
 20
0.0
 30
0.0
 70
0
  0
VERTEX
  5
2D6
330
2D5
100
AcDbEntity
  8
0
370
0
100
AcDbVertex
100
AcDb2dVertex
 10
99.7607690810969
 20
84.94357349999973
 30
0.0
 70
0
  0
VERTEX
  5
2D7
330
2D5
100
AcDbEntity
  8
0
370
0
100
AcDbVertex
100
AcDb2dVertex
 10
102.06519708109704
 20
85.41098049999982
 30
0.0
 70
0
  0
VERTEX
  5
2D8
330
2D5
100
AcDbEntity
  8
0
370
0
100
AcDbVertex
100
AcDb2dVertex
 10
106.1423300810959
 20
86.19241349999993
 30
0.0
 70
0
  0
VERTEX
  5
2D9
330
2D5
100
AcDbEntity
  8
0
370
0
100
AcDbVertex
100
AcDb2dVertex
 10
108.81028408109705
 20
86.62808249999989
 30
0.0
 70
0
  0
SEQEND
  5
2DA
330
2D5
100
AcDbEntity
  8
0
370
0
  0
POLYLINE
  5
2DB
330
17
100
AcDbEntity
  8
0
 62
7
370
35
100
AcDb2dPolyline
 66
1
 10
0.0
 20
0.0
 30
0.0
 70
0
  0
VERTEX
  5
2DC
330
2DB
100
AcDbEntity
  8
0
370
0
100
AcDbVertex
100
AcDb2dVertex
 10
109.56557908109608
 20
89.73104849999982
 30
0.0
 70
0
  0
VERTEX
  5
2DD
330
2DB
100
AcDbEntity
  8
0
370
0
100
AcDbVertex
100
AcDb2dVertex
 10
109.2578090810971
 20
88.82431049999968
 30
0.0
 70
0
  0
VERTEX
  5
2DE
330
2DB
100
AcDbEntity
  8
0
370
0
100
AcDbVertex
100
AcDb2dVertex
 10
109.0680810810959
 20
88.09616049999977
 30
0.0
 70
0
  0
VERTEX
  5
2DF
330
2DB
100
AcDbEntity
  8
0
370
0
100
AcDbVertex
100
AcDb2dVertex
 10
108.92214608109703
 20
87.3713074999996
 30
0.0
 70
0
  0
VERTEX
  5
2E0
330
2DB
100
AcDbEntity
  8
0
370
0
100
AcDbVertex
100
AcDb2dVertex
 10
108.81028408109705
 20
86.62808249999989
 30
0.0
 70
0
  0
SEQEND
  5
2E1
330
2DB
100
AcDbEntity
  8
0
370
0
  0
LINE
  5
2E2
330
17
100
AcDbEntity
  8
0
 62
7
370
35
 48
0.061295
100
AcDbLine
 10
112.0173910810961
 20
89.73104849999982
 30
0.0
 11
109.56557908109608
 21
89.73104849999982
 31
0.0
  0
LINE
  5
2E3
330
17
100
AcDbEntity
  8
0
 62
7
370
35
 48
0.324052
100
AcDbLine
 10
112.0173910810961
 20
89.73104849999982
 30
0.0
 11
112.0173910810961
 21
76.76895149999973
 31
0.0
  0
LINE
  5
2E4
330
17
100
AcDbEntity
  8
0
 62
7
370
35
 48
0.306416
100
AcDbLine
 10
99.7607690810969
 20
76.76895149999973
 30
0.0
 11
112.0173910810961
 21
76.76895149999973
 31
0.0
  0
LINE
  5
2E5
330
17
100
AcDbEntity
  8
0
 62
7
370
35
 48
0.102184
100
AcDbLine
 10
99.7607690810969
 20
80.85629249999965
 30
0.0
 11
99.7607690810969
 21
76.76895149999973
 31
0.0
  0
LINE
  5
2E6
330
17
100
AcDbEntity
  8
0
 62
7
370
35
 48
0.025
100
AcDbLine
 10
99.7607690810969
 20
80.85629249999965
 30
0.0
 11
98.76076908109599
 21
80.85629249999965
 31
0.0
  0
LINE
  5
2E7
330
17
100
AcDbEntity
  8
0
 62
7
370
35
 48
0.102184
100
AcDbLine
 10
98.76076908109599
 20
80.85629249999965
 30
0.0
 11
98.76076908109599
 21
76.76895149999973
 31
0.0
  0
LINE
  5
2E8
330
17
100
AcDbEntity
  8
0
 62
7
370
35
 48
0.298663
100
AcDbLine
 10
86.81423608109594
 20
76.76895149999973
 30
0.0
 11
98.76076908109599
 21
76.76895149999973
 31
0.0
  0
LINE
  5
2E9
330
17
100
AcDbEntity
  8
0
 62
7
370
35
 48
0.057916
100
AcDbLine
 10
86.81423608109594
 20
79.08560149999994
 30
0.0
 11
86.81423608109594
 21
76.76895149999973
 31
0.0
  0
LINE
  5
2EA
330
17
100
AcDbEntity
  8
0
 62
7
370
35
 48
0.025
100
AcDbLine
 10
86.81423608109594
 20
79.08560149999994
 30
0.0
 11
85.81423608109594
 21
79.08560149999994
 31
0.0
  0
LINE
  5
2EB
330
17
100
AcDbEntity
  8
0
 62
7
370
35
 48
0.057916
100
AcDbLine
 10
99.31423608109594
 20
69.58560150000085
 30
0.0
 11
99.31423608109594
 21
67.2689515000011
 31
0.0
  0
LINE
  5
2EC
330
17
100
AcDbEntity
  8
0
100
AcDbLine
 10
90.23754556816198
 20
67.26895150000018
 30
0.0
 11
99.31423608109594
 21
67.2689515000011
 31
0.0
  0
SPLINE
  5
2ED
330
17
100
AcDbEntity
  8
0
100
AcDbSpline
 70
8
 71
3
 72
8
 73
4
 74
0
 42
1e-09
 40
0.0
 40
0.0
 40
0.0
 40
0.0
 40
5.26480994777398
 40
5.26480994777398
 40
5.26480994777398
 40
5.26480994777398
 10
94.67849553298402
 20
70.09670452955015
 30
0.0
 10
93.01726961709505
 20
69.53090323997321
 30
0.0
 10
88.4826089189039
 20
67.26895150000018
 30
0.0
 10
90.23754556816198
 20
67.26895150000018
 30
0.0
  0
ARC
  5
2EE
330
17
100
AcDbEntity
  8
0
 62
7
370
35
100
AcDbCircle
 10
145.0502590810961
 20
-77.7977605000001
 30
0.0
 40
156.237279
100
AcDbArc
 50
107.02168699996695
 51
108.80846399999359
  0
LINE
  5
2EF
330
17
100
AcDbEntity
  8
0
 62
7
370
35
 48
0.026148
100
AcDbLine
 10
99.31423608109594
 20
71.59579450000001
 30
0.0
 11
100.31423608109594
 21
71.90225250000003
 31
0.0
  0
POLYLINE
  5
2F0
330
17
100
AcDbEntity
  8
0
 62
7
370
35
100
AcDb2dPolyline
 66
1
 10
0.0
 20
0.0
 30
0.0
 70
0
  0
VERTEX
  5
2F1
330
2F0
100
AcDbEntity
  8
0
370
0
100
AcDbVertex
100
AcDb2dVertex
 10
100.31423608109594
 20
71.90225250000003
 30
0.0
 70
0
  0
VERTEX
  5
2F2
330
2F0
100
AcDbEntity
  8
0
370
0
100
AcDbVertex
100
AcDb2dVertex
 10
102.94324908109706
 20
72.70388749999984
 30
0.0
 70
0
  0
VERTEX
  5
2F3
330
2F0
100
AcDbEntity
  8
0
370
0
100
AcDbVertex
100
AcDb2dVertex
 10
105.93221708109695
 20
73.6045224999998
 30
0.0
 70
0
  0
VERTEX
  5
2F4
330
2F0
100
AcDbEntity
  8
0
370
0
100
AcDbVertex
100
AcDb2dVertex
 10
108.86040908109703
 20
74.42361449999999
 30
0.0
 70
0
  0
VERTEX
  5
2F5
330
2F0
100
AcDbEntity
  8
0
370
0
100
AcDbVertex
100
AcDb2dVertex
 10
112.26076908109599
 20
75.232513500001
 30
0.0
 70
0
  0
SEQEND
  5
2F6
330
2F0
100
AcDbEntity
  8
0
370
0
  0
LINE
  5
2F7
330
17
100
AcDbEntity
  8
0
 62
7
370
35
 48
0.025551
100
AcDbLine
 10
112.26076908109599
 20
75.232513500001
 30
0.0
 11
113.2607690810969
 21
75.44357350000018
 31
0.0
  0
POLYLINE
  5
2F8
330
17
100
AcDbEntity
  8
0
 62
7
370
35
100
AcDb2dPolyline
 66
1
 10
0.0
 20
0.0
 30
0.0
 70
0
  0
VERTEX
  5
2F9
330
2F8
100
AcDbEntity
  8
0
370
0
100
AcDbVertex
100
AcDb2dVertex
 10
113.2607690810969
 20
75.44357350000018
 30
0.0
 70
0
  0
VERTEX
  5
2FA
330
2F8
100
AcDbEntity
  8
0
370
0
100
AcDbVertex
100
AcDb2dVertex
 10
115.56519708109704
 20
75.91098049999982
 30
0.0
 70
0
  0
VERTEX
  5
2FB
330
2F8
100
AcDbEntity
  8
0
370
0
100
AcDbVertex
100
AcDb2dVertex
 10
119.6423300810959
 20
76.69241349999993
 30
0.0
 70
0
  0
VERTEX
  5
2FC
330
2F8
100
AcDbEntity
  8
0
370
0
100
AcDbVertex
100
AcDb2dVertex
 10
122.31028408109705
 20
77.1280825000008
 30
0.0
 70
0
  0
SEQEND
  5
2FD
330
2F8
100
AcDbEntity
  8
0
370
0
  0
POLYLINE
  5
2FE
330
17
100
AcDbEntity
  8
0
 62
7
370
35
100
AcDb2dPolyline
 66
1
 10
0.0
 20
0.0
 30
0.0
 70
0
  0
VERTEX
  5
2FF
330
2FE
100
AcDbEntity
  8
0
370
0
100
AcDbVertex
100
AcDb2dVertex
 10
123.06557908109608
 20
80.23104849999982
 30
0.0
 70
0
  0
VERTEX
  5
300
330
2FE
100
AcDbEntity
  8
0
370
0
100
AcDbVertex
100
AcDb2dVertex
 10
122.7578090810971
 20
79.32431050000105
 30
0.0
 70
0
  0
VERTEX
  5
301
330
2FE
100
AcDbEntity
  8
0
370
0
100
AcDbVertex
100
AcDb2dVertex
 10
122.5680810810959
 20
78.59616050000113
 30
0.0
 70
0
  0
VERTEX
  5
302
330
2FE
100
AcDbEntity
  8
0
370
0
100
AcDbVertex
100
AcDb2dVertex
 10
122.42214608109703
 20
77.87130750000006
 30
0.0
 70
0
  0
VERTEX
  5
303
330
2FE
100
AcDbEntity
  8
0
370
0
100
AcDbVertex
100
AcDb2dVertex
 10
122.31028408109705
 20
77.1280825000008
 30
0.0
 70
0
  0
SEQEND
  5
304
330
2FE
100
AcDbEntity
  8
0
370
0
  0
LINE
  5
305
330
17
100
AcDbEntity
  8
0
 62
7
370
35
 48
0.061295
100
AcDbLine
 10
125.5173910810961
 20
80.23104849999982
 30
0.0
 11
123.06557908109608
 21
80.23104849999982
 31
0.0
  0
LINE
  5
306
330
17
100
AcDbEntity
  8
0
 62
7
370
35
 48
0.324052
100
AcDbLine
 10
125.5173910810961
 20
80.23104849999982
 30
0.0
 11
125.5173910810961
 21
67.2689515000011
 31
0.0
  0
LINE
  5
307
330
17
100
AcDbEntity
  8
0
 62
7
370
35
 48
0.306416
100
AcDbLine
 10
113.2607690810969
 20
67.2689515000011
 30
0.0
 11
125.5173910810961
 21
67.2689515000011
 31
0.0
  0
LINE
  5
308
330
17
100
AcDbEntity
  8
0
 62
7
370
35
 48
0.102184
100
AcDbLine
 10
113.2607690810969
 20
71.35629250000011
 30
0.0
 11
113.2607690810969
 21
67.2689515000011
 31
0.0
  0
LINE
  5
309
330
17
100
AcDbEntity
  8
0
 62
7
370
35
 48
0.025
100
AcDbLine
 10
113.2607690810969
 20
71.35629250000011
 30
0.0
 11
112.26076908109599
 21
71.35629250000011
 31
0.0
  0
LINE
  5
30A
330
17
100
AcDbEntity
  8
0
 62
7
370
35
 48
0.102184
100
AcDbLine
 10
112.26076908109599
 20
71.35629250000011
 30
0.0
 11
112.26076908109599
 21
67.2689515000011
 31
0.0
  0
LINE
  5
30B
330
17
100
AcDbEntity
  8
0
 62
7
370
35
 48
0.298663
100
AcDbLine
 10
100.31423608109594
 20
67.2689515000011
 30
0.0
 11
112.26076908109599
 21
67.2689515000011
 31
0.0
  0
LINE
  5
30C
330
17
100
AcDbEntity
  8
0
 62
7
370
35
 48
0.057916
100
AcDbLine
 10
100.31423608109594
 20
69.58560150000085
 30
0.0
 11
100.31423608109594
 21
67.2689515000011
 31
0.0
  0
LINE
  5
30D
330
17
100
AcDbEntity
  8
0
 62
7
370
35
 48
0.025
100
AcDbLine
 10
100.31423608109594
 20
69.58560150000085
 30
0.0
 11
99.31423608109594
 21
69.58560150000085
 31
0.0
  0
ELLIPSE
  5
30E
330
17
100
AcDbEntity
  8
0
 62
7
370
35
100
AcDbEllipse
 10
87.00290188740064
 20
50.24541912486848
 30
0.0
 11
14.71728515625
 21
-1.8011738079370208e-15
 31
0.0
 40
0.271789
 41
5.319661418308836
 42
3.812996687109564
  0
LINE
  5
30F
330
17
100
AcDbEntity
  8
0
 62
7
370
35
 48
0.062209
100
AcDbLine
 10
75.48001388740181
 20
50.24541912486848
 30
0.0
 11
75.48001388740181
 21
47.757077124868374
 31
0.0
  0
LINE
  5
310
330
17
100
AcDbEntity
  8
0
 62
7
370
35
 48
0.025
100
AcDbLine
 10
76.48001388740067
 20
50.24541912486848
 30
0.0
 11
75.48001388740181
 21
50.24541912486848
 31
0.0
  0
LINE
  5
311
330
17
100
AcDbEntity
  8
0
 62
7
370
35
 48
0.069912
100
AcDbLine
 10
76.48001388740067
 20
50.24541912486848
 30
0.0
 11
76.48001388740067
 21
47.44892612486774
 31
0.0
  0
ELLIPSE
  5
312
330
17
100
AcDbEntity
  8
0
 62
7
370
35
100
AcDbEllipse
 10
87.00290188740064
 20
50.24541912486848
 30
0.0
 11
14.71728515625
 21
-1.8011738079370208e-15
 31
0.0
 40
0.271789
 41
3.915762494241858
 42
4.644389242977712
  0
LINE
  5
313
330
17
100
AcDbEntity
  8
0
 62
7
370
35
 48
0.099769
100
AcDbLine
 10
86.00290188740064
 20
50.24541912486848
 30
0.0
 11
86.00290188740064
 21
46.254666124868436
 31
0.0
  0
LINE
  5
314
330
17
100
AcDbEntity
  8
0
 62
7
370
35
 48
0.05
100
AcDbLine
 10
86.00290188740064
 20
50.24541912486848
 30
0.0
 11
88.00290188740064
 21
50.24541912486848
 31
0.0
  0
LINE
  5
315
330
17
100
AcDbEntity
  8
0
 62
7
370
35
 48
0.099769
100
AcDbLine
 10
88.00290188740064
 20
50.24541912486848
 30
0.0
 11
88.00290188740064
 21
46.254666124868436
 31
0.0
  0
ELLIPSE
  5
316
330
17
100
AcDbEntity
  8
0
 62
7
370
35
100
AcDbEllipse
 10
87.00290188740064
 20
50.24541912486848
 30
0.0
 11
14.71728515625
 21
-1.8011738079370208e-15
 31
0.0
 40
0.271789
 41
4.780388717799048
 42
5.239087841962058
  0
LINE
  5
317
330
17
100
AcDbEntity
  8
0
 62
7
370
35
 48
0.086447
100
AcDbLine
 10
94.40103488740078
 20
46.78753312486879
 30
0.0
 11
94.40103488740078
 21
50.24541912486848
 31
0.0
  0
LINE
  5
318
330
17
100
AcDbEntity
  8
0
 62
7
370
35
 48
0.025
100
AcDbLine
 10
94.40103488740078
 20
50.24541912486848
 30
0.0
 11
95.40103488740078
 21
50.24541912486848
 31
0.0
  0
LINE
  5
319
330
17
100
AcDbEntity
  8
0
 62
7
370
35
 48
0.082121
100
AcDbLine
 10
95.40103488740078
 20
46.96058312486775
 30
0.0
 11
95.40103488740078
 21
50.24541912486848
 31
0.0
  0
ELLIPSE
  5
31A
330
17
100
AcDbEntity
  8
0
 62
7
370
35
100
AcDbEllipse
 10
130.0029018874011
 20
31.245419124868477
 30
0.0
 11
14.71728515625
 21
-3.603521423811062e-15
 31
0.0
 40
0.271789
 41
5.319661418308836
 42
3.812996687109564
  0
LINE
  5
31B
330
17
100
AcDbEntity
  8
0
 62
7
370
35
 48
0.062209
100
AcDbLine
 10
118.48001388740113
 20
31.245419124868477
 30
0.0
 11
118.48001388740113
 21
28.757077124867465
 31
0.0
  0
LINE
  5
31C
330
17
100
AcDbEntity
  8
0
 62
7
370
35
 48
0.025
100
AcDbLine
 10
119.48001388740113
 20
31.245419124868477
 30
0.0
 11
118.48001388740113
 21
31.245419124868477
 31
0.0
  0
LINE
  5
31D
330
17
100
AcDbEntity
  8
0
 62
7
370
35
 48
0.069912
100
AcDbLine
 10
119.48001388740113
 20
31.245419124868477
 30
0.0
 11
119.48001388740113
 21
28.44892612486774
 31
0.0
  0
ELLIPSE
  5
31E
330
17
100
AcDbEntity
  8
0
 62
7
370
35
100
AcDbEllipse
 10
130.0029018874011
 20
31.245419124868477
 30
0.0
 11
14.71728515625
 21
-3.603521423811062e-15
 31
0.0
 40
0.271789
 41
3.915762494241858
 42
4.644389242977712
  0
LINE
  5
31F
330
17
100
AcDbEntity
  8
0
 62
7
370
35
 48
0.099769
100
AcDbLine
 10
129.0029018874011
 20
31.245419124868477
 30
0.0
 11
129.0029018874011
 21
27.25466612486889
 31
0.0
  0
LINE
  5
320
330
17
100
AcDbEntity
  8
0
 62
7
370
35
 48
0.05
100
AcDbLine
 10
129.0029018874011
 20
31.245419124868477
 30
0.0
 11
131.0029018874011
 21
31.245419124868477
 31
0.0
  0
LINE
  5
321
330
17
100
AcDbEntity
  8
0
 62
7
370
35
 48
0.099769
100
AcDbLine
 10
131.0029018874011
 20
31.245419124868477
 30
0.0
 11
131.0029018874011
 21
27.25466612486889
 31
0.0
  0
ELLIPSE
  5
322
330
17
100
AcDbEntity
  8
0
 62
7
370
35
100
AcDbEllipse
 10
130.0029018874011
 20
31.245419124868477
 30
0.0
 11
14.71728515625
 21
-3.603521423811062e-15
 31
0.0
 40
0.271789
 41
4.780388717799048
 42
5.239087841962058
  0
LINE
  5
323
330
17
100
AcDbEntity
  8
0
 62
7
370
35
 48
0.086447
100
AcDbLine
 10
137.401034887401
 20
27.787533124868787
 30
0.0
 11
137.401034887401
 21
31.245419124868477
 31
0.0
  0
LINE
  5
324
330
17
100
AcDbEntity
  8
0
 62
7
370
35
 48
0.025
100
AcDbLine
 10
137.401034887401
 20
31.245419124868477
 30
0.0
 11
138.401034887401
 21
31.245419124868477
 31
0.0
  0
LINE
  5
325
330
17
100
AcDbEntity
  8
0
 62
7
370
35
 48
0.082121
100
AcDbLine
 10
138.401034887401
 20
27.960583124868663
 30
0.0
 11
138.401034887401
 21
31.245419124868477
 31
0.0
  0
POLYLINE
  5
326
330
17
100
AcDbEntity
  8
0
 62
7
370
35
100
AcDb2dPolyline
 66
1
 10
0.0
 20
0.0
 30
0.0
 70
0
  0
VERTEX
  5
327
330
326
100
AcDbEntity
  8
0
370
0
100
AcDbVertex
100
AcDb2dVertex
 10
128.169853000001
 20
73.73104850000072
 30
0.0
 70
0
  0
VERTEX
  5
328
330
326
100
AcDbEntity
  8
0
370
0
100
AcDbVertex
100
AcDb2dVertex
 10
127.85337000000004
 20
72.76181049999968
 30
0.0
 70
0
  0
VERTEX
  5
329
330
326
100
AcDbEntity
  8
0
370
0
100
AcDbVertex
100
AcDb2dVertex
 10
127.67302700000005
 20
72.03659050000078
 30
0.0
 70
0
  0
VERTEX
  5
32A
330
326
100
AcDbEntity
  8
0
370
0
100
AcDbVertex
100
AcDb2dVertex
 10
127.52823600000102
 20
71.28128050000078
 30
0.0
 70
0
  0
VERTEX
  5
32B
330
326
100
AcDbEntity
  8
0
370
0
100
AcDbVertex
100
AcDb2dVertex
 10
127.41817400000104
 20
70.50656149999986
 30
0.0
 70
0
  0
VERTEX
  5
32C
330
326
100
AcDbEntity
  8
0
370
0
100
AcDbVertex
100
AcDb2dVertex
 10
127.28661299999999
 20
68.90597550000075
 30
0.0
 70
0
  0
VERTEX
  5
32D
330
326
100
AcDbEntity
  8
0
370
0
100
AcDbVertex
100
AcDb2dVertex
 10
127.25189899999987
 20
67.86642449999954
 30
0.0
 70
0
  0
VERTEX
  5
32E
330
326
100
AcDbEntity
  8
0
370
0
100
AcDbVertex
100
AcDb2dVertex
 10
127.2560649999989
 20
65.73391750000064
 30
0.0
 70
0
  0
SEQEND
  5
32F
330
326
100
AcDbEntity
  8
0
370
0
  0
POLYLINE
  5
330
330
17
100
AcDbEntity
  8
0
 62
7
370
35
100
AcDb2dPolyline
 66
1
 10
0.0
 20
0.0
 30
0.0
 70
0
  0
VERTEX
  5
331
330
330
100
AcDbEntity
  8
0
370
0
100
AcDbVertex
100
AcDb2dVertex
 10
127.2560649999989
 20
65.73385649999955
 30
0.0
 70
0
  0
VERTEX
  5
332
330
330
100
AcDbEntity
  8
0
370
0
100
AcDbVertex
100
AcDb2dVertex
 10
126.34574099999986
 20
65.39230350000071
 30
0.0
 70
0
  0
VERTEX
  5
333
330
330
100
AcDbEntity
  8
0
370
0
100
AcDbVertex
100
AcDb2dVertex
 10
125.25984900000003
 20
65.08566250000058
 30
0.0
 70
0
  0
VERTEX
  5
334
330
330
100
AcDbEntity
  8
0
370
0
100
AcDbVertex
100
AcDb2dVertex
 10
124.19597599999997
 20
64.82723950000081
 30
0.0
 70
0
  0
VERTEX
  5
335
330
330
100
AcDbEntity
  8
0
370
0
100
AcDbVertex
100
AcDb2dVertex
 10
123.76380100000006
 20
64.7425234999996
 30
0.0
 70
0
  0
VERTEX
  5
336
330
330
100
AcDbEntity
  8
0
370
0
100
AcDbVertex
100
AcDb2dVertex
 10
123.33539500000097
 20
64.68411249999963
 30
0.0
 70
0
  0
VERTEX
  5
337
330
330
100
AcDbEntity
  8
0
370
0
100
AcDbVertex
100
AcDb2dVertex
 10
122.88394900000003
 20
64.66281149999986
 30
0.0
 70
0
  0
VERTEX
  5
338
330
330
100
AcDbEntity
  8
0
370
0
100
AcDbVertex
100
AcDb2dVertex
 10
122.44783699999994
 20
64.69052150000061
 30
0.0
 70
0
  0
VERTEX
  5
339
330
330
100
AcDbEntity
  8
0
370
0
100
AcDbVertex
100
AcDb2dVertex
 10
122.12055199999986
 20
64.74740650000058
 30
0.0
 70
0
  0
VERTEX
  5
33A
330
330
100
AcDbEntity
  8
0
370
0
100
AcDbVertex
100
AcDb2dVertex
 10
121.47472300000095
 20
64.94290150000052
 30
0.0
 70
0
  0
VERTEX
  5
33B
330
330
100
AcDbEntity
  8
0
370
0
100
AcDbVertex
100
AcDb2dVertex
 10
120.49718400000006
 20
65.32595850000052
 30
0.0
 70
0
  0
VERTEX
  5
33C
330
330
100
AcDbEntity
  8
0
370
0
100
AcDbVertex
100
AcDb2dVertex
 10
119.75902500000097
 20
65.55575550000049
 30
0.0
 70
0
  0
VERTEX
  5
33D
330
330
100
AcDbEntity
  8
0
370
0
100
AcDbVertex
100
AcDb2dVertex
 10
118.94623500000102
 20
65.68014550000044
 30
0.0
 70
0
  0
VERTEX
  5
33E
330
330
100
AcDbEntity
  8
0
370
0
100
AcDbVertex
100
AcDb2dVertex
 10
118.50803300000098
 20
65.70596350000051
 30
0.0
 70
0
  0
VERTEX
  5
33F
330
330
100
AcDbEntity
  8
0
370
0
100
AcDbVertex
100
AcDb2dVertex
 10
117.56999900000096
 20
65.73477150000053
 30
0.0
 70
0
  0
SEQEND
  5
340
330
330
100
AcDbEntity
  8
0
370
0
  0
POLYLINE
  5
341
330
17
100
AcDbEntity
  8
0
 62
7
370
35
100
AcDb2dPolyline
 66
1
 10
0.0
 20
0.0
 30
0.0
 70
0
  0
VERTEX
  5
342
330
341
100
AcDbEntity
  8
0
370
0
100
AcDbVertex
100
AcDb2dVertex
 10
117.56999900000096
 20
65.73477150000053
 30
0.0
 70
0
  0
VERTEX
  5
343
330
341
100
AcDbEntity
  8
0
370
0
100
AcDbVertex
100
AcDb2dVertex
 10
116.15492999999992
 20
65.76101650000055
 30
0.0
 70
0
  0
VERTEX
  5
344
330
341
100
AcDbEntity
  8
0
370
0
100
AcDbVertex
100
AcDb2dVertex
 10
115.44635700000003
 20
65.76309250000077
 30
0.0
 70
0
  0
VERTEX
  5
345
330
341
100
AcDbEntity
  8
0
370
0
100
AcDbVertex
100
AcDb2dVertex
 10
114.42488800000001
 20
65.72348050000073
 30
0.0
 70
0
  0
VERTEX
  5
346
330
341
100
AcDbEntity
  8
0
370
0
100
AcDbVertex
100
AcDb2dVertex
 10
114.04677500000003
 20
65.68789650000053
 30
0.0
 70
0
  0
VERTEX
  5
347
330
341
100
AcDbEntity
  8
0
370
0
100
AcDbVertex
100
AcDb2dVertex
 10
113.46642300000008
 20
65.58847050000077
 30
0.0
 70
0
  0
VERTEX
  5
348
330
341
100
AcDbEntity
  8
0
370
0
100
AcDbVertex
100
AcDb2dVertex
 10
112.90834799999993
 20
65.4154354999996
 30
0.0
 70
0
  0
VERTEX
  5
349
330
341
100
AcDbEntity
  8
0
370
0
100
AcDbVertex
100
AcDb2dVertex
 10
112.42087500000002
 20
65.20407149999983
 30
0.0
 70
0
  0
VERTEX
  5
34A
330
341
100
AcDbEntity
  8
0
370
0
100
AcDbVertex
100
AcDb2dVertex
 10
111.48218500000007
 20
64.70706150000069
 30
0.0
 70
0
  0
VERTEX
  5
34B
330
341
100
AcDbEntity
  8
0
370
0
100
AcDbVertex
100
AcDb2dVertex
 10
110.21727699999997
 20
64.05209350000086
 30
0.0
 70
0
  0
SEQEND
  5
34C
330
341
100
AcDbEntity
  8
0
370
0
  0
POLYLINE
  5
34D
330
17
100
AcDbEntity
  8
0
 62
7
370
35
100
AcDb2dPolyline
 66
1
 10
0.0
 20
0.0
 30
0.0
 70
0
  0
VERTEX
  5
34E
330
34D
100
AcDbEntity
  8
0
370
0
100
AcDbVertex
100
AcDb2dVertex
 10
104.27149199999985
 20
60.76895149999973
 30
0.0
 70
0
  0
VERTEX
  5
34F
330
34D
100
AcDbEntity
  8
0
370
0
100
AcDbVertex
100
AcDb2dVertex
 10
106.25572899999997
 20
61.74673450000046
 30
0.0
 70
0
  0
VERTEX
  5
350
330
34D
100
AcDbEntity
  8
0
370
0
100
AcDbVertex
100
AcDb2dVertex
 10
107.85454499999992
 20
62.560089500000686
 30
0.0
 70
0
  0
VERTEX
  5
351
330
34D
100
AcDbEntity
  8
0
370
0
100
AcDbVertex
100
AcDb2dVertex
 10
108.93569100000104
 20
63.2291565000005
 30
0.0
 70
0
  0
VERTEX
  5
352
330
34D
100
AcDbEntity
  8
0
370
0
100
AcDbVertex
100
AcDb2dVertex
 10
110.21727699999997
 20
64.05209350000086
 30
0.0
 70
0
  0
SEQEND
  5
353
330
34D
100
AcDbEntity
  8
0
370
0
  0
LINE
  5
354
330
17
100
AcDbEntity
  8
0
 62
7
370
35
 48
0.087161
100
AcDbLine
 10
107.75792699999988
 20
60.76895149999973
 30
0.0
 11
104.27149199999985
 21
60.76895149999973
 31
0.0
  0
LINE
  5
355
330
17
100
AcDbEntity
  8
0
 62
7
370
35
 48
0.02178
100
AcDbLine
 10
107.75792699999988
 20
60.76895149999973
 30
0.0
 11
107.75792699999988
 21
61.64016750000064
 31
0.0
  0
LINE
  5
356
330
17
100
AcDbEntity
  8
0
 62
7
370
35
 48
0.025
100
AcDbLine
 10
107.75792699999988
 20
61.64016750000064
 30
0.0
 11
108.75792700000102
 21
61.64016750000064
 31
0.0
  0
LINE
  5
357
330
17
100
AcDbEntity
  8
0
 62
7
370
35
 48
0.02178
100
AcDbLine
 10
108.75792700000102
 20
60.76895149999973
 30
0.0
 11
108.75792700000102
 21
61.64016750000064
 31
0.0
  0
LINE
  5
358
330
17
100
AcDbEntity
  8
0
 62
7
370
35
 48
0.017638
100
AcDbLine
 10
109.46346199999994
 20
60.76895149999973
 30
0.0
 11
108.75792700000102
 21
60.76895149999973
 31
0.0
  0
LINE
  5
359
330
17
100
AcDbEntity
  8
0
 62
7
370
35
 48
0.035756
100
AcDbLine
 10
109.46346199999994
 20
60.76895149999973
 30
0.0
 11
109.46346199999994
 21
62.19918850000067
 31
0.0
  0
LINE
  5
35A
330
17
100
AcDbEntity
  8
0
 62
7
370
35
 48
0.025
100
AcDbLine
 10
109.46346199999994
 20
62.19918850000067
 30
0.0
 11
110.46346199999994
 21
62.19918850000067
 31
0.0
  0
LINE
  5
35B
330
17
100
AcDbEntity
  8
0
 62
7
370
35
 48
0.035756
100
AcDbLine
 10
110.46346199999994
 20
60.76895149999973
 30
0.0
 11
110.46346199999994
 21
62.19918850000067
 31
0.0
  0
LINE
  5
35C
330
17
100
AcDbEntity
  8
0
 62
7
370
35
 48
0.079658
100
AcDbLine
 10
113.64977199999998
 20
60.76895149999973
 30
0.0
 11
110.46346199999994
 21
60.76895149999973
 31
0.0
  0
LINE
  5
35D
330
17
100
AcDbEntity
  8
0
 62
7
370
35
 48
0.060738
100
AcDbLine
 10
113.64977199999998
 20
60.76895149999973
 30
0.0
 11
113.64977199999998
 21
63.19845550000082
 31
0.0
  0
LINE
  5
35E
330
17
100
AcDbEntity
  8
0
 62
7
370
35
 48
0.025
100
AcDbLine
 10
113.64977199999998
 20
63.19845550000082
 30
0.0
 11
114.64977199999998
 21
63.19845550000082
 31
0.0
  0
LINE
  5
35F
330
17
100
AcDbEntity
  8
0
 62
7
370
35
 48
0.060738
100
AcDbLine
 10
114.64977199999998
 20
60.76895149999973
 30
0.0
 11
114.64977199999998
 21
63.19845550000082
 31
0.0
  0
LINE
  5
360
330
17
100
AcDbEntity
  8
0
 62
7
370
35
 48
0.089348
100
AcDbLine
 10
118.22368600000095
 20
60.76895149999973
 30
0.0
 11
114.64977199999998
 21
60.76895149999973
 31
0.0
  0
LINE
  5
361
330
17
100
AcDbEntity
  8
0
 62
7
370
35
 48
0.061044
100
AcDbLine
 10
118.22368600000095
 20
60.76895149999973
 30
0.0
 11
118.22368600000095
 21
63.21072350000077
 31
0.0
  0
LINE
  5
362
330
17
100
AcDbEntity
  8
0
 62
7
370
35
 48
0.025
100
AcDbLine
 10
119.22368600000095
 20
63.21072350000077
 30
0.0
 11
118.22368600000095
 21
63.21072350000077
 31
0.0
  0
LINE
  5
363
330
17
100
AcDbEntity
  8
0
 62
7
370
35
 48
0.061044
100
AcDbLine
 10
119.22368600000095
 20
60.76895149999973
 30
0.0
 11
119.22368600000095
 21
63.21072350000077
 31
0.0
  0
LINE
  5
364
330
17
100
AcDbEntity
  8
0
 62
7
370
35
 48
0.073843
100
AcDbLine
 10
122.177421000001
 20
60.76895149999973
 30
0.0
 11
119.22368600000095
 21
60.76895149999973
 31
0.0
  0
LINE
  5
365
330
17
100
AcDbEntity
  8
0
 62
7
370
35
 48
0.049579
100
AcDbLine
 10
122.177421000001
 20
60.76895149999973
 30
0.0
 11
122.177421000001
 21
62.75210550000065
 31
0.0
  0
LINE
  5
366
330
17
100
AcDbEntity
  8
0
 62
7
370
35
 48
0.025
100
AcDbLine
 10
122.177421000001
 20
62.75210550000065
 30
0.0
 11
123.177421000001
 21
62.75210550000065
 31
0.0
  0
LINE
  5
367
330
17
100
AcDbEntity
  8
0
 62
7
370
35
 48
0.049579
100
AcDbLine
 10
123.177421000001
 20
60.76895149999973
 30
0.0
 11
123.177421000001
 21
62.75210550000065
 31
0.0
  0
LINE
  5
368
330
17
100
AcDbEntity
  8
0
 62
7
370
35
 48
0.08623
100
AcDbLine
 10
126.62662499999988
 20
60.76895149999973
 30
0.0
 11
123.177421000001
 21
60.76895149999973
 31
0.0
  0
LINE
  5
369
330
17
100
AcDbEntity
  8
0
 62
7
370
35
 48
0.058965
100
AcDbLine
 10
126.62662499999988
 20
60.76895149999973
 30
0.0
 11
126.62662499999988
 21
63.1275325000006
 31
0.0
  0
LINE
  5
36A
330
17
100
AcDbEntity
  8
0
 62
7
370
35
 48
0.025
100
AcDbLine
 10
126.62662499999988
 20
63.1275325000006
 30
0.0
 11
127.62662499999988
 21
63.1275325000006
 31
0.0
  0
LINE
  5
36B
330
17
100
AcDbEntity
  8
0
 62
7
370
35
 48
0.058965
100
AcDbLine
 10
127.62662499999988
 20
60.76895149999973
 30
0.0
 11
127.62662499999988
 21
63.1275325000006
 31
0.0
  0
LINE
  5
36C
330
17
100
AcDbEntity
  8
0
 62
7
370
35
 48
0.152547
100
AcDbLine
 10
133.72850799999992
 20
60.76895149999973
 30
0.0
 11
127.62662499999988
 21
60.76895149999973
 31
0.0
  0
LINE
  5
36D
330
17
100
AcDbEntity
  8
0
 62
7
370
35
 48
0.324052
100
AcDbLine
 10
133.72850799999992
 20
73.73104850000072
 30
0.0
 11
133.72850799999992
 21
60.76895149999973
 31
0.0
  0
LINE
  5
36E
330
17
100
AcDbEntity
  8
0
 62
7
370
35
 48
0.138966
100
AcDbLine
 10
128.169853000001
 20
73.73104850000072
 30
0.0
 11
133.72850799999992
 21
73.73104850000072
 31
0.0
  0
POLYLINE
  5
36F
330
17
100
AcDbEntity
  8
0
 62
7
370
35
100
AcDb2dPolyline
 66
1
 10
0.0
 20
0.0
 30
0.0
 70
0
  0
VERTEX
  5
370
330
36F
100
AcDbEntity
  8
0
370
0
100
AcDbVertex
100
AcDb2dVertex
 10
136.169853000001
 20
67.23104850000072
 30
0.0
 70
0
  0
VERTEX
  5
371
330
36F
100
AcDbEntity
  8
0
370
0
100
AcDbVertex
100
AcDb2dVertex
 10
135.85337000000004
 20
66.26181049999968
 30
0.0
 70
0
  0
VERTEX
  5
372
330
36F
100
AcDbEntity
  8
0
370
0
100
AcDbVertex
100
AcDb2dVertex
 10
135.67302700000005
 20
65.53659050000078
 30
0.0
 70
0
  0
VERTEX
  5
373
330
36F
100
AcDbEntity
  8
0
370
0
100
AcDbVertex
100
AcDb2dVertex
 10
135.52823600000102
 20
64.78128049999987
 30
0.0
 70
0
  0
VERTEX
  5
374
330
36F
100
AcDbEntity
  8
0
370
0
100
AcDbVertex
100
AcDb2dVertex
 10
135.41817400000104
 20
64.00656149999986
 30
0.0
 70
0
  0
VERTEX
  5
375
330
36F
100
AcDbEntity
  8
0
370
0
100
AcDbVertex
100
AcDb2dVertex
 10
135.286613
 20
62.40597550000075
 30
0.0
 70
0
  0
VERTEX
  5
376
330
36F
100
AcDbEntity
  8
0
370
0
100
AcDbVertex
100
AcDb2dVertex
 10
135.25189899999987
 20
61.366424499999994
 30
0.0
 70
0
  0
VERTEX
  5
377
330
36F
100
AcDbEntity
  8
0
370
0
100
AcDbVertex
100
AcDb2dVertex
 10
135.2560649999989
 20
59.2339175000011
 30
0.0
 70
0
  0
SEQEND
  5
378
330
36F
100
AcDbEntity
  8
0
370
0
  0
POLYLINE
  5
379
330
17
100
AcDbEntity
  8
0
 62
7
370
35
100
AcDb2dPolyline
 66
1
 10
0.0
 20
0.0
 30
0.0
 70
0
  0
VERTEX
  5
37A
330
379
100
AcDbEntity
  8
0
370
0
100
AcDbVertex
100
AcDb2dVertex
 10
135.2560649999989
 20
59.2338565
 30
0.0
 70
0
  0
VERTEX
  5
37B
330
379
100
AcDbEntity
  8
0
370
0
100
AcDbVertex
100
AcDb2dVertex
 10
134.34574099999986
 20
58.89230350000071
 30
0.0
 70
0
  0
VERTEX
  5
37C
330
379
100
AcDbEntity
  8
0
370
0
100
AcDbVertex
100
AcDb2dVertex
 10
133.25984900000003
 20
58.58566249999967
 30
0.0
 70
0
  0
VERTEX
  5
37D
330
379
100
AcDbEntity
  8
0
370
0
100
AcDbVertex
100
AcDb2dVertex
 10
132.19597599999997
 20
58.327239499999905
 30
0.0
 70
0
  0
VERTEX
  5
37E
330
379
100
AcDbEntity
  8
0
370
0
100
AcDbVertex
100
AcDb2dVertex
 10
131.76380100000006
 20
58.24252350000006
 30
0.0
 70
0
  0
VERTEX
  5
37F
330
379
100
AcDbEntity
  8
0
370
0
100
AcDbVertex
100
AcDb2dVertex
 10
131.33539500000097
 20
58.18411250000008
 30
0.0
 70
0
  0
VERTEX
  5
380
330
379
100
AcDbEntity
  8
0
370
0
100
AcDbVertex
100
AcDb2dVertex
 10
130.88394900000003
 20
58.16281149999986
 30
0.0
 70
0
  0
VERTEX
  5
381
330
379
100
AcDbEntity
  8
0
370
0
100
AcDbVertex
100
AcDb2dVertex
 10
130.44783699999994
 20
58.19052150000107
 30
0.0
 70
0
  0
VERTEX
  5
382
330
379
100
AcDbEntity
  8
0
370
0
100
AcDbVertex
100
AcDb2dVertex
 10
130.12055199999986
 20
58.24740649999967
 30
0.0
 70
0
  0
VERTEX
  5
383
330
379
100
AcDbEntity
  8
0
370
0
100
AcDbVertex
100
AcDb2dVertex
 10
129.47472300000095
 20
58.44290150000006
 30
0.0
 70
0
  0
VERTEX
  5
384
330
379
100
AcDbEntity
  8
0
370
0
100
AcDbVertex
100
AcDb2dVertex
 10
128.49718400000006
 20
58.82595850000098
 30
0.0
 70
0
  0
VERTEX
  5
385
330
379
100
AcDbEntity
  8
0
370
0
100
AcDbVertex
100
AcDb2dVertex
 10
127.75902500000097
 20
59.05575550000094
 30
0.0
 70
0
  0
VERTEX
  5
386
330
379
100
AcDbEntity
  8
0
370
0
100
AcDbVertex
100
AcDb2dVertex
 10
126.94623500000102
 20
59.18014549999998
 30
0.0
 70
0
  0
VERTEX
  5
387
330
379
100
AcDbEntity
  8
0
370
0
100
AcDbVertex
100
AcDb2dVertex
 10
126.50803300000098
 20
59.20596350000096
 30
0.0
 70
0
  0
VERTEX
  5
388
330
379
100
AcDbEntity
  8
0
370
0
100
AcDbVertex
100
AcDb2dVertex
 10
125.56999900000096
 20
59.23477150000099
 30
0.0
 70
0
  0
SEQEND
  5
389
330
379
100
AcDbEntity
  8
0
370
0
  0
POLYLINE
  5
38A
330
17
100
AcDbEntity
  8
0
 62
7
370
35
100
AcDb2dPolyline
 66
1
 10
0.0
 20
0.0
 30
0.0
 70
0
  0
VERTEX
  5
38B
330
38A
100
AcDbEntity
  8
0
370
0
100
AcDbVertex
100
AcDb2dVertex
 10
125.56999900000096
 20
59.23477150000099
 30
0.0
 70
0
  0
VERTEX
  5
38C
330
38A
100
AcDbEntity
  8
0
370
0
100
AcDbVertex
100
AcDb2dVertex
 10
124.15492999999992
 20
59.261016500001006
 30
0.0
 70
0
  0
VERTEX
  5
38D
330
38A
100
AcDbEntity
  8
0
370
0
100
AcDbVertex
100
AcDb2dVertex
 10
123.44635700000003
 20
59.26309250000077
 30
0.0
 70
0
  0
VERTEX
  5
38E
330
38A
100
AcDbEntity
  8
0
370
0
100
AcDbVertex
100
AcDb2dVertex
 10
122.42488800000001
 20
59.22348050000073
 30
0.0
 70
0
  0
VERTEX
  5
38F
330
38A
100
AcDbEntity
  8
0
370
0
100
AcDbVertex
100
AcDb2dVertex
 10
122.04677500000003
 20
59.18789650000099
 30
0.0
 70
0
  0
VERTEX
  5
390
330
38A
100
AcDbEntity
  8
0
370
0
100
AcDbVertex
100
AcDb2dVertex
 10
121.46642300000008
 20
59.08847050000077
 30
0.0
 70
0
  0
VERTEX
  5
391
330
38A
100
AcDbEntity
  8
0
370
0
100
AcDbVertex
100
AcDb2dVertex
 10
120.90834799999993
 20
58.91543550000006
 30
0.0
 70
0
  0
VERTEX
  5
392
330
38A
100
AcDbEntity
  8
0
370
0
100
AcDbVertex
100
AcDb2dVertex
 10
120.42087500000002
 20
58.70407149999983
 30
0.0
 70
0
  0
VERTEX
  5
393
330
38A
100
AcDbEntity
  8
0
370
0
100
AcDbVertex
100
AcDb2dVertex
 10
119.48218500000007
 20
58.20706149999978
 30
0.0
 70
0
  0
VERTEX
  5
394
330
38A
100
AcDbEntity
  8
0
370
0
100
AcDbVertex
100
AcDb2dVertex
 10
118.21727699999997
 20
57.552093499999955
 30
0.0
 70
0
  0
SEQEND
  5
395
330
38A
100
AcDbEntity
  8
0
370
0
  0
POLYLINE
  5
396
330
17
100
AcDbEntity
  8
0
 62
7
370
35
100
AcDb2dPolyline
 66
1
 10
0.0
 20
0.0
 30
0.0
 70
0
  0
VERTEX
  5
397
330
396
100
AcDbEntity
  8
0
370
0
100
AcDbVertex
100
AcDb2dVertex
 10
112.27149199999985
 20
54.26895149999973
 30
0.0
 70
0
  0
VERTEX
  5
398
330
396
100
AcDbEntity
  8
0
370
0
100
AcDbVertex
100
AcDb2dVertex
 10
114.25572899999997
 20
55.2467345
 30
0.0
 70
0
  0
VERTEX
  5
399
330
396
100
AcDbEntity
  8
0
370
0
100
AcDbVertex
100
AcDb2dVertex
 10
115.85454499999992
 20
56.060089500000686
 30
0.0
 70
0
  0
VERTEX
  5
39A
330
396
100
AcDbEntity
  8
0
370
0
100
AcDbVertex
100
AcDb2dVertex
 10
116.93569100000104
 20
56.729156500000045
 30
0.0
 70
0
  0
VERTEX
  5
39B
330
396
100
AcDbEntity
  8
0
370
0
100
AcDbVertex
100
AcDb2dVertex
 10
118.21727699999997
 20
57.552093499999955
 30
0.0
 70
0
  0
SEQEND
  5
39C
330
396
100
AcDbEntity
  8
0
370
0
  0
LINE
  5
39D
330
17
100
AcDbEntity
  8
0
 62
7
370
35
 48
0.087161
100
AcDbLine
 10
115.75792699999988
 20
54.26895149999973
 30
0.0
 11
112.27149199999985
 21
54.26895149999973
 31
0.0
  0
LINE
  5
39E
330
17
100
AcDbEntity
  8
0
 62
7
370
35
 48
0.02178
100
AcDbLine
 10
115.75792699999988
 20
54.26895149999973
 30
0.0
 11
115.75792699999988
 21
55.1401675000011
 31
0.0
  0
LINE
  5
39F
330
17
100
AcDbEntity
  8
0
 62
7
370
35
 48
0.025
100
AcDbLine
 10
115.75792699999988
 20
55.1401675000011
 30
0.0
 11
116.75792700000102
 21
55.1401675000011
 31
0.0
  0
LINE
  5
3A0
330
17
100
AcDbEntity
  8
0
 62
7
370
35
 48
0.02178
100
AcDbLine
 10
116.75792700000102
 20
54.26895149999973
 30
0.0
 11
116.75792700000102
 21
55.1401675000011
 31
0.0
  0
LINE
  5
3A1
330
17
100
AcDbEntity
  8
0
 62
7
370
35
 48
0.017638
100
AcDbLine
 10
117.46346199999994
 20
54.26895149999973
 30
0.0
 11
116.75792700000102
 21
54.26895149999973
 31
0.0
  0
LINE
  5
3A2
330
17
100
AcDbEntity
  8
0
 62
7
370
35
 48
0.035756
100
AcDbLine
 10
117.46346199999994
 20
54.26895149999973
 30
0.0
 11
117.46346199999994
 21
55.69918850000067
 31
0.0
  0
LINE
  5
3A3
330
17
100
AcDbEntity
  8
0
 62
7
370
35
 48
0.025
100
AcDbLine
 10
117.46346199999994
 20
55.69918850000067
 30
0.0
 11
118.46346199999994
 21
55.69918850000067
 31
0.0
  0
LINE
  5
3A4
330
17
100
AcDbEntity
  8
0
 62
7
370
35
 48
0.035756
100
AcDbLine
 10
118.46346199999994
 20
54.26895149999973
 30
0.0
 11
118.46346199999994
 21
55.69918850000067
 31
0.0
  0
LINE
  5
3A5
330
17
100
AcDbEntity
  8
0
 62
7
370
35
 48
0.079658
100
AcDbLine
 10
121.64977199999998
 20
54.26895149999973
 30
0.0
 11
118.46346199999994
 21
54.26895149999973
 31
0.0
  0
LINE
  5
3A6
330
17
100
AcDbEntity
  8
0
 62
7
370
35
 48
0.060738
100
AcDbLine
 10
121.64977199999998
 20
54.26895149999973
 30
0.0
 11
121.64977199999998
 21
56.69845550000082
 31
0.0
  0
LINE
  5
3A7
330
17
100
AcDbEntity
  8
0
 62
7
370
35
 48
0.025
100
AcDbLine
 10
121.64977199999998
 20
56.69845550000082
 30
0.0
 11
122.64977199999998
 21
56.69845550000082
 31
0.0
  0
LINE
  5
3A8
330
17
100
AcDbEntity
  8
0
 62
7
370
35
 48
0.060738
100
AcDbLine
 10
122.64977199999998
 20
54.26895149999973
 30
0.0
 11
122.64977199999998
 21
56.69845550000082
 31
0.0
  0
LINE
  5
3A9
330
17
100
AcDbEntity
  8
0
 62
7
370
35
 48
0.089348
100
AcDbLine
 10
126.22368600000095
 20
54.26895149999973
 30
0.0
 11
122.64977199999998
 21
54.26895149999973
 31
0.0
  0
LINE
  5
3AA
330
17
100
AcDbEntity
  8
0
 62
7
370
35
 48
0.061044
100
AcDbLine
 10
126.22368600000095
 20
54.26895149999973
 30
0.0
 11
126.22368600000095
 21
56.71072350000077
 31
0.0
  0
LINE
  5
3AB
330
17
100
AcDbEntity
  8
0
 62
7
370
35
 48
0.025
100
AcDbLine
 10
127.22368600000095
 20
56.71072350000077
 30
0.0
 11
126.22368600000095
 21
56.71072350000077
 31
0.0
  0
LINE
  5
3AC
330
17
100
AcDbEntity
  8
0
 62
7
370
35
 48
0.061044
100
AcDbLine
 10
127.22368600000095
 20
54.26895149999973
 30
0.0
 11
127.22368600000095
 21
56.71072350000077
 31
0.0
  0
LINE
  5
3AD
330
17
100
AcDbEntity
  8
0
 62
7
370
35
 48
0.073843
100
AcDbLine
 10
130.177421000001
 20
54.26895149999973
 30
0.0
 11
127.22368600000095
 21
54.26895149999973
 31
0.0
  0
LINE
  5
3AE
330
17
100
AcDbEntity
  8
0
 62
7
370
35
 48
0.049579
100
AcDbLine
 10
130.177421000001
 20
54.26895149999973
 30
0.0
 11
130.177421000001
 21
56.25210550000111
 31
0.0
  0
LINE
  5
3AF
330
17
100
AcDbEntity
  8
0
 62
7
370
35
 48
0.025
100
AcDbLine
 10
130.177421000001
 20
56.25210550000111
 30
0.0
 11
131.177421000001
 21
56.25210550000111
 31
0.0
  0
LINE
  5
3B0
330
17
100
AcDbEntity
  8
0
 62
7
370
35
 48
0.049579
100
AcDbLine
 10
131.177421000001
 20
54.26895149999973
 30
0.0
 11
131.177421000001
 21
56.25210550000111
 31
0.0
  0
LINE
  5
3B1
330
17
100
AcDbEntity
  8
0
 62
7
370
35
 48
0.08623
100
AcDbLine
 10
134.62662499999988
 20
54.26895149999973
 30
0.0
 11
131.177421000001
 21
54.26895149999973
 31
0.0
  0
LINE
  5
3B2
330
17
100
AcDbEntity
  8
0
 62
7
370
35
 48
0.058965
100
AcDbLine
 10
134.62662499999988
 20
54.26895149999973
 30
0.0
 11
134.62662499999988
 21
56.62753250000105
 31
0.0
  0
LINE
  5
3B3
330
17
100
AcDbEntity
  8
0
 62
7
370
35
 48
0.025
100
AcDbLine
 10
134.62662499999988
 20
56.62753250000105
 30
0.0
 11
135.62662499999988
 21
56.62753250000105
 31
0.0
  0
LINE
  5
3B4
330
17
100
AcDbEntity
  8
0
 62
7
370
35
 48
0.058965
100
AcDbLine
 10
135.62662499999988
 20
54.26895149999973
 30
0.0
 11
135.62662499999988
 21
56.62753250000105
 31
0.0
  0
LINE
  5
3B5
330
17
100
AcDbEntity
  8
0
 62
7
370
35
 48
0.152547
100
AcDbLine
 10
141.72850799999992
 20
54.26895149999973
 30
0.0
 11
135.62662499999988
 21
54.26895149999973
 31
0.0
  0
LINE
  5
3B6
330
17
100
AcDbEntity
  8
0
 62
7
370
35
 48
0.324052
100
AcDbLine
 10
141.72850799999992
 20
67.23104850000072
 30
0.0
 11
141.72850799999992
 21
54.26895149999973
 31
0.0
  0
LINE
  5
3B7
330
17
100
AcDbEntity
  8
0
 62
7
370
35
 48
0.138966
100
AcDbLine
 10
136.169853000001
 20
67.23104850000072
 30
0.0
 11
141.72850799999992
 21
67.23104850000072
 31
0.0
  0
ARC
  5
3B8
330
17
100
AcDbEntity
  8
0
 62
7
370
35
100
AcDbCircle
 10
13.749999999696684
 20
33.53078988074981
 30
0.0
 40
7.277292
100
AcDbArc
 50
97.8982170000055
 51
133.80109899999607
  0
LINE
  5
3B9
330
17
100
AcDbEntity
  8
0
 62
7
370
35
 48
0.041962
100
AcDbLine
 10
10.391418999696725
 20
38.78315488074986
 30
0.0
 11
8.712951999697452
 21
38.78315488074986
 31
0.0
  0
LINE
  5
3BA
330
17
100
AcDbEntity
  8
0
 62
7
370
35
 48
0.025
100
AcDbLine
 10
10.391418999696725
 20
37.78315488074986
 30
0.0
 11
10.391418999696725
 21
38.78315488074986
 31
0.0
  0
LINE
  5
3BB
330
17
100
AcDbEntity
  8
0
 62
7
370
35
 48
0.063676
100
AcDbLine
 10
10.391418999696725
 20
37.78315488074986
 30
0.0
 11
7.844360999696619
 21
37.78315488074986
 31
0.0
  0
ARC
  5
3BC
330
17
100
AcDbEntity
  8
0
 62
7
370
35
100
AcDbCircle
 10
13.749999999696684
 20
33.53078988074981
 30
0.0
 40
7.277292
100
AcDbArc
 50
144.24410300001
 51
-149.00409999999437
  0
LINE
  5
3BD
330
17
100
AcDbEntity
  8
0
 62
7
370
35
 48
0.071988
100
AcDbLine
 10
10.391418999696725
 20
29.783154880749862
 30
0.0
 11
7.511901999697784
 21
29.783154880749862
 31
0.0
  0
LINE
  5
3BE
330
17
100
AcDbEntity
  8
0
 62
7
370
35
 48
0.025
100
AcDbLine
 10
10.391418999696725
 20
28.783154880749862
 30
0.0
 11
10.391418999696725
 21
29.783154880749862
 31
0.0
  0
LINE
  5
3BF
330
17
100
AcDbEntity
  8
0
 62
7
370
35
 48
0.053918
100
AcDbLine
 10
10.391418999696725
 20
28.783154880749862
 30
0.0
 11
8.234680999697503
 21
28.783154880749862
 31
0.0
  0
ARC
  5
3C0
330
17
100
AcDbEntity
  8
0
 62
7
370
35
100
AcDbCircle
 10
13.749999999696684
 20
33.53078988074981
 30
0.0
 40
7.277292
100
AcDbArc
 50
-139.27792399999058
 51
-40.72207500000289
  0
LINE
  5
3C1
330
17
100
AcDbEntity
  8
0
 62
7
370
35
 48
0.053918
100
AcDbLine
 10
17.108581999697435
 20
28.783154880749862
 30
0.0
 11
19.265319999696658
 21
28.783154880749862
 31
0.0
  0
LINE
  5
3C2
330
17
100
AcDbEntity
  8
0
 62
7
370
35
 48
0.025
100
AcDbLine
 10
17.108581999697435
 20
28.783154880749862
 30
0.0
 11
17.108581999697435
 21
29.783154880749862
 31
0.0
  0
LINE
  5
3C3
330
17
100
AcDbEntity
  8
0
 62
7
370
35
 48
0.071988
100
AcDbLine
 10
17.108581999697435
 20
29.783154880749862
 30
0.0
 11
19.98809899969683
 21
29.783154880749862
 31
0.0
  0
ARC
  5
3C4
330
17
100
AcDbEntity
  8
0
 62
7
370
35
100
AcDbCircle
 10
13.749999999696684
 20
33.53078988074981
 30
0.0
 40
7.277292
100
AcDbArc
 50
-30.9958990000063
 51
35.755899000003986
  0
LINE
  5
3C5
330
17
100
AcDbEntity
  8
0
 62
7
370
35
 48
0.063676
100
AcDbLine
 10
17.108581999697435
 20
37.78315488074986
 30
0.0
 11
19.65563999969754
 21
37.78315488074986
 31
0.0
  0
LINE
  5
3C6
330
17
100
AcDbEntity
  8
0
 62
7
370
35
 48
0.025
100
AcDbLine
 10
17.108581999697435
 20
37.78315488074986
 30
0.0
 11
17.108581999697435
 21
38.78315488074986
 31
0.0
  0
LINE
  5
3C7
330
17
100
AcDbEntity
  8
0
 62
7
370
35
 48
0.041962
100
AcDbLine
 10
17.108581999697435
 20
38.78315488074986
 30
0.0
 11
18.787048999696708
 21
38.78315488074986
 31
0.0
  0
ARC
  5
3C8
330
17
100
AcDbEntity
  8
0
 62
7
370
35
100
AcDbCircle
 10
13.749999999696684
 20
33.53078988074981
 30
0.0
 40
7.277292
100
AcDbArc
 50
46.198902999999184
 51
82.10178499998852
  0
LINE
  5
3C9
330
17
100
AcDbEntity
  8
0
 62
7
370
35
 48
0.180206
100
AcDbLine
 10
14.749999999696684
 20
33.53078988074981
 30
0.0
 11
14.749999999696684
 21
40.73904188074994
 31
0.0
  0
LINE
  5
3CA
330
17
100
AcDbEntity
  8
0
 62
7
370
35
 48
0.05
100
AcDbLine
 10
12.749999999696684
 20
33.53078988074981
 30
0.0
 11
14.749999999696684
 21
33.53078988074981
 31
0.0
  0
LINE
  5
3CB
330
17
100
AcDbEntity
  8
0
 62
7
370
35
 48
0.180206
100
AcDbLine
 10
12.749999999696684
 20
33.53078988074981
 30
0.0
 11
12.749999999696684
 21
40.73904188074994
 31
0.0
  0
LINE
  5
3CC
330
17
100
AcDbEntity
  8
0
 62
7
370
35
 48
0.074804
100
AcDbLine
 10
69.25102729575019
 20
6.252944506818039
 30
0.0
 11
69.25102729575019
 21
9.245101506818173
 31
0.0
  0
ELLIPSE
  5
3CD
330
17
100
AcDbEntity
  8
0
 62
7
370
35
100
AcDbEllipse
 10
68.25102729575019
 20
6.252944506818039
 30
0.0
 11
-13.83447265625
 21
3.3413513984552213e-15
 31
0.0
 40
0.216849
 41
3.848111595445968
 42
4.640042781686378
  0
LINE
  5
3CE
330
17
100
AcDbEntity
  8
0
 62
7
370
35
 48
0.048261
100
AcDbLine
 10
78.77391529575016
 20
6.270064506818926
 30
0.0
 11
78.77391529575016
 21
8.200515506819102
 31
0.0
  0
LINE
  5
3CF
330
17
100
AcDbEntity
  8
0
 62
7
370
35
 48
0.025
100
AcDbLine
 10
78.77391529575016
 20
6.270064506818926
 30
0.0
 11
79.77391529574925
 21
6.270064506818926
 31
0.0
  0
LINE
  5
3D0
330
17
100
AcDbEntity
  8
0
 62
7
370
35
 48
0.041078
100
AcDbLine
 10
79.77391529574925
 20
6.270064506818926
 30
0.0
 11
79.77391529574925
 21
7.913177506818101
 31
0.0
  0
ELLIPSE
  5
3D1
330
17
100
AcDbEntity
  8
0
 62
7
370
35
100
AcDbEllipse
 10
68.25102729575019
 20
6.252944506818039
 30
0.0
 11
-13.83447265625
 21
3.3413513984552213e-15
 31
0.0
 40
0.216849
 41
5.364721845350985
 42
3.728044582071133
  0
LINE
  5
3D2
330
17
100
AcDbEntity
  8
0
 62
7
370
35
 48
0.059172
100
AcDbLine
 10
59.85289529575016
 20
6.270064506818926
 30
0.0
 11
59.85289529575016
 21
8.636962506819145
 31
0.0
  0
LINE
  5
3D3
330
17
100
AcDbEntity
  8
0
 62
7
370
35
 48
0.025
100
AcDbLine
 10
60.85289529574925
 20
6.270064506818926
 30
0.0
 11
59.85289529575016
 21
6.270064506818926
 31
0.0
  0
LINE
  5
3D4
330
17
100
AcDbEntity
  8
0
 62
7
370
35
 48
0.062947
100
AcDbLine
 10
60.85289529574925
 20
6.270064506818926
 30
0.0
 11
60.85289529574925
 21
8.78796350681796
 31
0.0
  0
ELLIPSE
  5
3D5
330
17
100
AcDbEntity
  8
0
 62
7
370
35
100
AcDbEllipse
 10
68.25102729575019
 20
6.252944506818039
 30
0.0
 11
-13.83447265625
 21
3.3413513984552213e-15
 31
0.0
 40
0.216849
 41
4.784735179075096
 42
5.276611268677688
  0
LINE
  5
3D6
330
17
100
AcDbEntity
  8
0
 62
7
370
35
 48
0.074804
100
AcDbLine
 10
67.25102729575019
 20
6.252944506818039
 30
0.0
 11
67.25102729575019
 21
9.245101506818173
 31
0.0
  0
LINE
  5
3D7
330
17
100
AcDbEntity
  8
0
 62
7
370
35
 48
0.05
100
AcDbLine
 10
69.25102729575019
 20
6.252944506818039
 30
0.0
 11
67.25102729575019
 21
6.252944506818039
 31
0.0
  0
LINE
  5
3D8
330
17
100
AcDbEntity
  8
0
 62
7
370
35
 48
0.074804
100
AcDbLine
 10
19.251027295749736
 20
19.25294450681713
 30
0.0
 11
19.251027295749736
 21
22.245101506818173
 31
0.0
  0
ELLIPSE
  5
3D9
330
17
100
AcDbEntity
  8
0
 62
7
370
35
100
AcDbEllipse
 10
18.251027295749736
 20
19.25294450681713
 30
0.0
 11
-13.83447265625
 21
1.647117132818407e-15
 31
0.0
 40
0.216849
 41
3.848111595445968
 42
4.640042781686378
  0
LINE
  5
3DA
330
17
100
AcDbEntity
  8
0
 62
7
370
35
 48
0.048261
100
AcDbLine
 10
28.773915295749703
 20
19.270064506817107
 30
0.0
 11
28.773915295749703
 21
21.200515506816828
 31
0.0
  0
LINE
  5
3DB
330
17
100
AcDbEntity
  8
0
 62
7
370
35
 48
0.025
100
AcDbLine
 10
28.773915295749703
 20
19.270064506817107
 30
0.0
 11
29.773915295749703
 21
19.270064506817107
 31
0.0
  0
LINE
  5
3DC
330
17
100
AcDbEntity
  8
0
 62
7
370
35
 48
0.041078
100
AcDbLine
 10
29.773915295749703
 20
19.270064506817107
 30
0.0
 11
29.773915295749703
 21
20.913177506817192
 31
0.0
  0
ELLIPSE
  5
3DD
330
17
100
AcDbEntity
  8
0
 62
7
370
35
100
AcDbEllipse
 10
18.251027295749736
 20
19.25294450681713
 30
0.0
 11
-13.83447265625
 21
1.647117132818407e-15
 31
0.0
 40
0.216849
 41
5.364721845350985
 42
3.728044582071133
  0
LINE
  5
3DE
330
17
100
AcDbEntity
  8
0
 62
7
370
35
 48
0.059172
100
AcDbLine
 10
9.852895295749704
 20
19.270064506817107
 30
0.0
 11
9.852895295749704
 21
21.63696250681687
 31
0.0
  0
LINE
  5
3DF
330
17
100
AcDbEntity
  8
0
 62
7
370
35
 48
0.025
100
AcDbLine
 10
10.852895295749704
 20
19.270064506817107
 30
0.0
 11
9.852895295749704
 21
19.270064506817107
 31
0.0
  0
LINE
  5
3E0
330
17
100
AcDbEntity
  8
0
 62
7
370
35
 48
0.062947
100
AcDbLine
 10
10.852895295749704
 20
19.270064506817107
 30
0.0
 11
10.852895295749704
 21
21.78796350681705
 31
0.0
  0
ELLIPSE
  5
3E1
330
17
100
AcDbEntity
  8
0
 62
7
370
35
100
AcDbEllipse
 10
18.251027295749736
 20
19.25294450681713
 30
0.0
 11
-13.83447265625
 21
1.647117132818407e-15
 31
0.0
 40
0.216849
 41
4.784735179075096
 42
5.276611268677688
  0
LINE
  5
3E2
330
17
100
AcDbEntity
  8
0
 62
7
370
35
 48
0.074804
100
AcDbLine
 10
17.251027295749736
 20
19.25294450681713
 30
0.0
 11
17.251027295749736
 21
22.245101506818173
 31
0.0
  0
LINE
  5
3E3
330
17
100
AcDbEntity
  8
0
 62
7
370
35
 48
0.05
100
AcDbLine
 10
19.251027295749736
 20
19.25294450681713
 30
0.0
 11
17.251027295749736
 21
19.25294450681713
 31
0.0
  0
ARC
  5
3E4
330
17
100
AcDbEntity
  8
0
 62
7
370
35
100
AcDbCircle
 10
83.28942027726202
 20
61.7499957948894
 30
0.0
 40
5.944474999999997
100
AcDbArc
 50
9.68454299999661
 51
81.16424299999937
  0
LINE
  5
3E5
330
17
100
AcDbEntity
  8
0
 62
7
370
35
 48
0.06111
100
AcDbLine
 10
84.20250627726114
 20
65.17949979488958
 30
0.0
 11
84.20250627726114
 21
67.62389679488979
 31
0.0
  0
LINE
  5
3E6
330
17
100
AcDbEntity
  8
0
 62
7
370
35
 48
0.025
100
AcDbLine
 10
83.20250627726205
 20
65.17949979488958
 30
0.0
 11
84.20250627726114
 21
65.17949979488958
 31
0.0
  0
LINE
  5
3E7
330
17
100
AcDbEntity
  8
0
 62
7
370
35
 48
0.062859
100
AcDbLine
 10
83.20250627726205
 20
65.17949979488958
 30
0.0
 11
83.20250627726205
 21
67.69384379488974
 31
0.0
  0
ARC
  5
3E8
330
17
100
AcDbEntity
  8
0
 62
7
370
35
100
AcDbCircle
 10
83.28942027726202
 20
61.7499957948894
 30
0.0
 40
5.944474999999997
100
AcDbArc
 50
90.83774599999842
 51
-90.83774500000102
  0
LINE
  5
3E9
330
17
100
AcDbEntity
  8
0
 62
7
370
35
 48
0.062859
100
AcDbLine
 10
83.20250627726205
 20
58.320491794889676
 30
0.0
 11
83.20250627726205
 21
55.80614779488951
 31
0.0
  0
LINE
  5
3EA
330
17
100
AcDbEntity
  8
0
 62
7
370
35
 48
0.025
100
AcDbLine
 10
83.20250627726205
 20
58.320491794889676
 30
0.0
 11
84.20250627726114
 21
58.320491794889676
 31
0.0
  0
LINE
  5
3EB
330
17
100
AcDbEntity
  8
0
 62
7
370
35
 48
0.06111
100
AcDbLine
 10
84.20250627726114
 20
58.320491794889676
 30
0.0
 11
84.20250627726114
 21
55.87609479488947
 31
0.0
  0
ARC
  5
3EC
330
17
100
AcDbEntity
  8
0
 62
7
370
35
100
AcDbCircle
 10
83.28942027726202
 20
61.7499957948894
 30
0.0
 40
5.944474999999997
100
AcDbArc
 50
-81.1642400000031
 51
-9.68454100000915
  0
LINE
  5
3ED
330
17
100
AcDbEntity
  8
0
 62
7
370
35
 48
0.146494
100
AcDbLine
 10
83.28942027726202
 20
60.7499957948894
 30
0.0
 11
89.1491772772622
 21
60.7499957948894
 31
0.0
  0
LINE
  5
3EE
330
17
100
AcDbEntity
  8
0
 62
7
370
35
 48
0.05
100
AcDbLine
 10
83.28942027726202
 20
62.7499957948894
 30
0.0
 11
83.28942027726202
 21
60.7499957948894
 31
0.0
  0
LINE
  5
3EF
330
17
100
AcDbEntity
  8
0
 62
7
370
35
 48
0.146494
100
AcDbLine
 10
83.28942027726202
 20
62.7499957948894
 30
0.0
 11
89.1491772772622
 21
62.7499957948894
 31
0.0
  0
ARC
  5
3F0
330
17
100
AcDbEntity
  8
0
 62
7
370
35
100
AcDbCircle
 10
113.74998736215503
 20
18.710408753504225
 30
0.0
 40
5.929176999999997
100
AcDbArc
 50
-80.29023299999709
 51
-2.989641000003472
  0
LINE
  5
3F1
330
17
100
AcDbEntity
  8
0
 62
7
370
35
 48
0.061983
100
AcDbLine
 10
117.19175936215424
 20
18.40117375350428
 30
0.0
 11
119.67106836215407
 21
18.40117375350428
 31
0.0
  0
LINE
  5
3F2
330
17
100
AcDbEntity
  8
0
 62
7
370
35
 48
0.025
100
AcDbLine
 10
117.19175936215424
 20
19.40117375350428
 30
0.0
 11
117.19175936215424
 21
18.40117375350428
 31
0.0
  0
LINE
  5
3F3
330
17
100
AcDbEntity
  8
0
 62
7
370
35
 48
0.061176
100
AcDbLine
 10
117.19175936215424
 20
19.40117375350428
 30
0.0
 11
119.63878136215408
 21
19.40117375350428
 31
0.0
  0
ARC
  5
3F4
330
17
100
AcDbEntity
  8
0
 62
7
370
35
100
AcDbCircle
 10
113.74998736215503
 20
18.710408753504225
 30
0.0
 40
5.929176999999997
100
AcDbArc
 50
6.690269000006161
 51
173.3097249999959
  0
LINE
  5
3F5
330
17
100
AcDbEntity
  8
0
 62
7
370
35
 48
0.061176
100
AcDbLine
 10
110.3082143621541
 20
19.40117375350428
 30
0.0
 11
107.86119336215415
 21
19.40117375350428
 31
0.0
  0
LINE
  5
3F6
330
17
100
AcDbEntity
  8
0
 62
7
370
35
 48
0.025
100
AcDbLine
 10
110.3082143621541
 20
19.40117375350428
 30
0.0
 11
110.3082143621541
 21
18.40117375350428
 31
0.0
  0
LINE
  5
3F7
330
17
100
AcDbEntity
  8
0
 62
7
370
35
 48
0.061983
100
AcDbLine
 10
110.3082143621541
 20
18.40117375350428
 30
0.0
 11
107.82890536215427
 21
18.40117375350428
 31
0.0
  0
ARC
  5
3F8
330
17
100
AcDbEntity
  8
0
 62
7
370
35
100
AcDbCircle
 10
113.74998736215503
 20
18.710408753504225
 30
0.0
 40
5.929176999999997
100
AcDbArc
 50
-177.01036300000052
 51
-99.7097720000044
  0
LINE
  5
3F9
330
17
100
AcDbEntity
  8
0
 62
7
370
35
 48
0.146106
100
AcDbLine
 10
112.74998736215503
 20
18.710408753504225
 30
0.0
 11
112.74998736215503
 21
12.86616975350421
 31
0.0
  0
LINE
  5
3FA
330
17
100
AcDbEntity
  8
0
 62
7
370
35
 48
0.05
100
AcDbLine
 10
114.74998736215412
 20
18.710408753504225
 30
0.0
 11
112.74998736215503
 21
18.710408753504225
 31
0.0
  0
LINE
  5
3FB
330
17
100
AcDbEntity
  8
0
 62
7
370
35
 48
0.146106
100
AcDbLine
 10
114.74998736215412
 20
18.710408753504225
 30
0.0
 11
114.74998736215412
 21
12.86616975350421
 31
0.0
  0
ELLIPSE
  5
3FC
330
17
100
AcDbEntity
  8
0
 62
7
370
35
100
AcDbEllipse
 10
144.75000124498274
 20
89.00015264062495
 30
0.0
 11
-6.1035156244489e-05
 21
30.00048828125
 31
0.0
 40
0.080453
 41
1.60412959788011
 42
4.679055313863745
  0
LINE
  5
3FD
330
17
100
AcDbEntity
  8
0
 62
7
370
35
 48
0.047807
100
AcDbLine
 10
145.2500012449816
 20
88.00033564062505
 30
0.0
 11
147.16229324498272
 21
88.00033564062505
 31
0.0
  0
LINE
  5
3FE
330
17
100
AcDbEntity
  8
0
 62
7
370
35
 48
0.426974
100
AcDbLine
 10
145.2500012449816
 20
70.92135564062528
 30
0.0
 11
145.2500012449816
 21
88.00033564062505
 31
0.0
  0
LINE
  5
3FF
330
17
100
AcDbEntity
  8
0
100
AcDbLine
 10
145.2500012449816
 20
70.92135564062528
 30
0.0
 11
144.25000124498274
 21
70.92135564062528
 31
0.0
  0
LINE
  5
400
330
17
100
AcDbEntity
  8
0
 62
7
370
35
 48
0.426974
100
AcDbLine
 10
144.25000124498274
 20
70.92135564062528
 30
0.0
 11
144.25000124498274
 21
88.00033564062505
 31
0.0
  0
LINE
  5
401
330
17
100
AcDbEntity
  8
0
 62
7
370
35
 48
0.047807
100
AcDbLine
 10
142.33770824498265
 20
88.00033564062505
 30
0.0
 11
144.25000124498274
 21
88.00033564062505
 31
0.0
  0
ELLIPSE
  5
402
330
17
100
AcDbEntity
  8
0
 62
7
370
35
100
AcDbEllipse
 10
149.5001526406245
 20
22.74999722086818
 30
0.0
 11
30.00048828125
 21
-6.103515625e-05
 31
0.0
210
0.0
220
0.0
230
-1.0
 40
0.080453
 41
1.60412959788011
 42
4.679055313863745
  0
LINE
  5
403
330
17
100
AcDbEntity
  8
0
 62
7
370
35
 48
0.047807
100
AcDbLine
 10
148.5003356406246
 20
20.337704220868318
 30
0.0
 11
148.5003356406246
 21
22.24999722086818
 31
0.0
  0
LINE
  5
404
330
17
100
AcDbEntity
  8
0
 62
7
370
35
 48
0.426974
100
AcDbLine
 10
131.42135564062437
 20
22.24999722086818
 30
0.0
 11
148.5003356406246
 21
22.24999722086818
 31
0.0
  0
LINE
  5
405
330
17
100
AcDbEntity
  8
0
 62
7
370
35
 48
0.025
100
AcDbLine
 10
131.42135564062437
 20
22.24999722086818
 30
0.0
 11
131.42135564062437
 21
23.24999722086818
 31
0.0
  0
LINE
  5
406
330
17
100
AcDbEntity
  8
0
 62
7
370
35
 48
0.426974
100
AcDbLine
 10
131.42135564062437
 20
23.24999722086818
 30
0.0
 11
148.5003356406246
 21
23.24999722086818
 31
0.0
  0
LINE
  5
407
330
17
100
AcDbEntity
  8
0
 62
7
370
35
 48
0.047807
100
AcDbLine
 10
148.5003356406246
 20
23.24999722086818
 30
0.0
 11
148.5003356406246
 21
25.162289220868388
 31
0.0
  0
POLYLINE
  5
408
330
17
100
AcDbEntity
  8
0
 62
7
370
35
100
AcDb2dPolyline
 66
1
 10
0.0
 20
0.0
 30
0.0
 70
0
  0
VERTEX
  5
409
330
408
100
AcDbEntity
  8
0
370
0
100
AcDbVertex
100
AcDb2dVertex
 10
138.85186985544306
 20
69.85516400000006
 30
0.0
 70
0
  0
VERTEX
  5
40A
330
408
100
AcDbEntity
  8
0
370
0
100
AcDbVertex
100
AcDb2dVertex
 10
138.65466485544312
 20
69.34655799999973
 30
0.0
 70
0
  0
VERTEX
  5
40B
330
408
100
AcDbEntity
  8
0
370
0
100
AcDbVertex
100
AcDb2dVertex
 10
138.53775185544305
 20
69.10253899999998
 30
0.0
 70
0
  0
VERTEX
  5
40C
330
408
100
AcDbEntity
  8
0
370
0
100
AcDbVertex
100
AcDb2dVertex
 10
138.3730178554431
 20
68.82696600000008
 30
0.0
 70
0
  0
VERTEX
  5
40D
330
408
100
AcDbEntity
  8
0
370
0
100
AcDbVertex
100
AcDb2dVertex
 10
138.27652185544298
 20
68.70117200000004
 30
0.0
 70
0
  0
VERTEX
  5
40E
330
408
100
AcDbEntity
  8
0
370
0
100
AcDbVertex
100
AcDb2dVertex
 10
138.10794285544307
 20
68.54260299999987
 30
0.0
 70
0
  0
VERTEX
  5
40F
330
408
100
AcDbEntity
  8
0
370
0
100
AcDbVertex
100
AcDb2dVertex
 10
137.87735185544307
 20
68.44781499999999
 30
0.0
 70
0
  0
VERTEX
  5
410
330
408
100
AcDbEntity
  8
0
370
0
100
AcDbVertex
100
AcDb2dVertex
 10
137.66238585544306
 20
68.4841309999997
 30
0.0
 70
0
  0
VERTEX
  5
411
330
408
100
AcDbEntity
  8
0
370
0
100
AcDbVertex
100
AcDb2dVertex
 10
137.49588185544303
 20
68.59460499999977
 30
0.0
 70
0
  0
VERTEX
  5
412
330
408
100
AcDbEntity
  8
0
370
0
100
AcDbVertex
100
AcDb2dVertex
 10
137.32214585544307
 20
68.78741499999978
 30
0.0
 70
0
  0
VERTEX
  5
413
330
408
100
AcDbEntity
  8
0
370
0
100
AcDbVertex
100
AcDb2dVertex
 10
137.05526885544305
 20
69.24267599999985
 30
0.0
 70
0
  0
VERTEX
  5
414
330
408
100
AcDbEntity
  8
0
370
0
100
AcDbVertex
100
AcDb2dVertex
 10
136.76474185544203
 20
69.9716800000001
 30
0.0
 70
0
  0
VERTEX
  5
415
330
408
100
AcDbEntity
  8
0
370
0
100
AcDbVertex
100
AcDb2dVertex
 10
136.4410118554431
 20
71.10632299999997
 30
0.0
 70
0
  0
VERTEX
  5
416
330
408
100
AcDbEntity
  8
0
370
0
100
AcDbVertex
100
AcDb2dVertex
 10
136.10870585544308
 20
72.699341
 30
0.0
 70
0
  0
VERTEX
  5
417
330
408
100
AcDbEntity
  8
0
370
0
100
AcDbVertex
100
AcDb2dVertex
 10
135.8049338554431
 20
74.6639409999998
 30
0.0
 70
0
  0
VERTEX
  5
418
330
408
100
AcDbEntity
  8
0
370
0
100
AcDbVertex
100
AcDb2dVertex
 10
135.54031585544203
 20
76.9760739999997
 30
0.0
 70
0
  0
VERTEX
  5
419
330
408
100
AcDbEntity
  8
0
370
0
100
AcDbVertex
100
AcDb2dVertex
 10
135.35812585544318
 20
79.12591600000087
 30
0.0
 70
0
  0
VERTEX
  5
41A
330
408
100
AcDbEntity
  8
0
370
0
100
AcDbVertex
100
AcDb2dVertex
 10
135.2241838554421
 20
81.28051800000003
 30
0.0
 70
0
  0
SEQEND
  5
41B
330
408
100
AcDbEntity
  8
0
370
0
  0
POLYLINE
  5
41C
330
17
100
AcDbEntity
  8
0
 62
7
370
35
100
AcDb2dPolyline
 66
1
 10
0.0
 20
0.0
 30
0.0
 70
0
  0
VERTEX
  5
41D
330
41C
100
AcDbEntity
  8
0
370
0
100
AcDbVertex
100
AcDb2dVertex
 10
134.81695785544298
 20
89.84551999999985
 30
0.0
 70
0
  0
VERTEX
  5
41E
330
41C
100
AcDbEntity
  8
0
370
0
100
AcDbVertex
100
AcDb2dVertex
 10
134.9362808554431
 20
88.12304700000004
 30
0.0
 70
0
  0
VERTEX
  5
41F
330
41C
100
AcDbEntity
  8
0
370
0
100
AcDbVertex
100
AcDb2dVertex
 10
135.088197855443
 20
84.67126500000086
 30
0.0
 70
0
  0
VERTEX
  5
420
330
41C
100
AcDbEntity
  8
0
370
0
100
AcDbVertex
100
AcDb2dVertex
 10
135.2241838554421
 20
81.28051800000003
 30
0.0
 70
0
  0
SEQEND
  5
421
330
41C
100
AcDbEntity
  8
0
370
0
  0
LINE
  5
422
330
17
100
AcDbEntity
  8
0
 62
7
370
35
 48
0.002298
100
AcDbLine
 10
134.81695785544298
 20
89.84551999999985
 30
0.0
 11
134.8105178554431
 21
89.93719499999997
 31
0.0
  0
LINE
  5
423
330
17
100
AcDbEntity
  8
0
 62
7
370
35
 48
0.00288
100
AcDbLine
 10
134.8105178554431
 20
89.93719499999997
 30
0.0
 11
134.803895855443
 21
90.05218500000001
 31
0.0
  0
LINE
  5
424
330
17
100
AcDbEntity
  8
0
 62
7
370
35
 48
0.060487
100
AcDbLine
 10
134.803895855443
 20
90.05218500000001
 30
0.0
 11
137.22335985544305
 21
90.05218500000001
 31
0.0
  0
LINE
  5
425
330
17
100
AcDbEntity
  8
0
 62
7
370
35
 48
0.230908
100
AcDbLine
 10
137.22335985544305
 20
80.81585700000005
 30
0.0
 11
137.22335985544305
 21
90.05218500000001
 31
0.0
  0
LINE
  5
426
330
17
100
AcDbEntity
  8
0
 62
7
370
35
 48
0.025
100
AcDbLine
 10
138.22335985544305
 20
80.81585700000005
 30
0.0
 11
137.22335985544305
 21
80.81585700000005
 31
0.0
  0
LINE
  5
427
330
17
100
AcDbEntity
  8
0
 62
7
370
35
 48
0.230908
100
AcDbLine
 10
138.22335985544305
 20
80.81585700000005
 30
0.0
 11
138.22335985544305
 21
90.05218500000001
 31
0.0
  0
LINE
  5
428
330
17
100
AcDbEntity
  8
0
 62
7
370
35
 48
0.061814
100
AcDbLine
 10
138.22335985544305
 20
90.05218500000001
 30
0.0
 11
140.69592485544308
 21
90.05218500000001
 31
0.0
  0
ARC
  5
429
330
17
100
AcDbEntity
  8
0
 62
7
370
35
100
AcDbCircle
 10
75.79586985544302
 20
89.90216099999998
 30
0.0
 40
64.900253
100
AcDbArc
 50
-0.5713339999974163
 51
0.1324349999895302
  0
POLYLINE
  5
42A
330
17
100
AcDbEntity
  8
0
 62
7
370
35
100
AcDb2dPolyline
 66
1
 10
0.0
 20
0.0
 30
0.0
 70
0
  0
VERTEX
  5
42B
330
42A
100
AcDbEntity
  8
0
370
0
100
AcDbVertex
100
AcDb2dVertex
 10
138.85186985544306
 20
69.85516400000006
 30
0.0
 70
0
  0
VERTEX
  5
42C
330
42A
100
AcDbEntity
  8
0
370
0
100
AcDbVertex
100
AcDb2dVertex
 10
139.11456485544318
 20
70.7432859999999
 30
0.0
 70
0
  0
VERTEX
  5
42D
330
42A
100
AcDbEntity
  8
0
370
0
100
AcDbVertex
100
AcDb2dVertex
 10
139.30688685544305
 20
71.56543000000102
 30
0.0
 70
0
  0
VERTEX
  5
42E
330
42A
100
AcDbEntity
  8
0
370
0
100
AcDbVertex
100
AcDb2dVertex
 10
139.61386285544313
 20
73.2331549999999
 30
0.0
 70
0
  0
VERTEX
  5
42F
330
42A
100
AcDbEntity
  8
0
370
0
100
AcDbVertex
100
AcDb2dVertex
 10
139.854188855443
 20
74.91815199999974
 30
0.0
 70
0
  0
VERTEX
  5
430
330
42A
100
AcDbEntity
  8
0
370
0
100
AcDbVertex
100
AcDb2dVertex
 10
140.04910485544315
 20
76.61279299999978
 30
0.0
 70
0
  0
VERTEX
  5
431
330
42A
100
AcDbEntity
  8
0
370
0
100
AcDbVertex
100
AcDb2dVertex
 10
140.240174855443
 20
78.68084700000009
 30
0.0
 70
0
  0
VERTEX
  5
432
330
42A
100
AcDbEntity
  8
0
370
0
100
AcDbVertex
100
AcDb2dVertex
 10
140.391114855443
 20
80.75427300000001
 30
0.0
 70
0
  0
VERTEX
  5
433
330
42A
100
AcDbEntity
  8
0
370
0
100
AcDbVertex
100
AcDb2dVertex
 10
140.52194385544317
 20
83.11236600000075
 30
0.0
 70
0
  0
VERTEX
  5
434
330
42A
100
AcDbEntity
  8
0
370
0
100
AcDbVertex
100
AcDb2dVertex
 10
140.61499185544312
 20
85.47332800000095
 30
0.0
 70
0
  0
VERTEX
  5
435
330
42A
100
AcDbEntity
  8
0
370
0
100
AcDbVertex
100
AcDb2dVertex
 10
140.69290385544218
 20
89.25500500000089
 30
0.0
 70
0
  0
SEQEND
  5
436
330
42A
100
AcDbEntity
  8
0
370
0
  0
POLYLINE
  5
437
330
17
100
AcDbEntity
  8
0
 62
7
370
35
100
AcDb2dPolyline
 66
1
 10
0.0
 20
0.0
 30
0.0
 70
0
  0
VERTEX
  5
438
330
437
100
AcDbEntity
  8
0
370
0
100
AcDbVertex
100
AcDb2dVertex
 10
141.14483599999903
 20
15.148130144556944
 30
0.0
 70
0
  0
VERTEX
  5
439
330
437
100
AcDbEntity
  8
0
370
0
100
AcDbVertex
100
AcDb2dVertex
 10
141.6534419999989
 20
15.345335144558021
 30
0.0
 70
0
  0
VERTEX
  5
43A
330
437
100
AcDbEntity
  8
0
370
0
100
AcDbVertex
100
AcDb2dVertex
 10
141.89746100000002
 20
15.462248144556952
 30
0.0
 70
0
  0
VERTEX
  5
43B
330
437
100
AcDbEntity
  8
0
370
0
100
AcDbVertex
100
AcDb2dVertex
 10
142.17303399999992
 20
15.626982144555996
 30
0.0
 70
0
  0
VERTEX
  5
43C
330
437
100
AcDbEntity
  8
0
370
0
100
AcDbVertex
100
AcDb2dVertex
 10
142.29882799999996
 20
15.72347814455702
 30
0.0
 70
0
  0
VERTEX
  5
43D
330
437
100
AcDbEntity
  8
0
370
0
100
AcDbVertex
100
AcDb2dVertex
 10
142.45739699999876
 20
15.89205714455602
 30
0.0
 70
0
  0
VERTEX
  5
43E
330
437
100
AcDbEntity
  8
0
370
0
100
AcDbVertex
100
AcDb2dVertex
 10
142.552185
 20
16.122648144556024
 30
0.0
 70
0
  0
VERTEX
  5
43F
330
437
100
AcDbEntity
  8
0
370
0
100
AcDbVertex
100
AcDb2dVertex
 10
142.51586899999893
 20
16.337614144556937
 30
0.0
 70
0
  0
VERTEX
  5
440
330
437
100
AcDbEntity
  8
0
370
0
100
AcDbVertex
100
AcDb2dVertex
 10
142.40539499999886
 20
16.50411814455606
 30
0.0
 70
0
  0
VERTEX
  5
441
330
437
100
AcDbEntity
  8
0
370
0
100
AcDbVertex
100
AcDb2dVertex
 10
142.21258499999976
 20
16.67785414455693
 30
0.0
 70
0
  0
VERTEX
  5
442
330
437
100
AcDbEntity
  8
0
370
0
100
AcDbVertex
100
AcDb2dVertex
 10
141.7573239999988
 20
16.944731144556954
 30
0.0
 70
0
  0
VERTEX
  5
443
330
437
100
AcDbEntity
  8
0
370
0
100
AcDbVertex
100
AcDb2dVertex
 10
141.02831999999898
 20
17.235258144557065
 30
0.0
 70
0
  0
VERTEX
  5
444
330
437
100
AcDbEntity
  8
0
370
0
100
AcDbVertex
100
AcDb2dVertex
 10
139.89367700000003
 20
17.558988144556906
 30
0.0
 70
0
  0
VERTEX
  5
445
330
437
100
AcDbEntity
  8
0
370
0
100
AcDbVertex
100
AcDb2dVertex
 10
138.3006589999991
 20
17.891294144556923
 30
0.0
 70
0
  0
VERTEX
  5
446
330
437
100
AcDbEntity
  8
0
370
0
100
AcDbVertex
100
AcDb2dVertex
 10
136.33605899999884
 20
18.195066144555994
 30
0.0
 70
0
  0
VERTEX
  5
447
330
437
100
AcDbEntity
  8
0
370
0
100
AcDbVertex
100
AcDb2dVertex
 10
134.02392599999985
 20
18.45968414455706
 30
0.0
 70
0
  0
VERTEX
  5
448
330
437
100
AcDbEntity
  8
0
370
0
100
AcDbVertex
100
AcDb2dVertex
 10
131.87408399999913
 20
18.64187414455705
 30
0.0
 70
0
  0
VERTEX
  5
449
330
437
100
AcDbEntity
  8
0
370
0
100
AcDbVertex
100
AcDb2dVertex
 10
129.71948199999906
 20
18.775816144556984
 30
0.0
 70
0
  0
SEQEND
  5
44A
330
437
100
AcDbEntity
  8
0
370
0
  0
POLYLINE
  5
44B
330
17
100
AcDbEntity
  8
0
 62
7
370
35
100
AcDb2dPolyline
 66
1
 10
0.0
 20
0.0
 30
0.0
 70
0
  0
VERTEX
  5
44C
330
44B
100
AcDbEntity
  8
0
370
0
100
AcDbVertex
100
AcDb2dVertex
 10
121.15447999999878
 20
19.18304214455793
 30
0.0
 70
0
  0
VERTEX
  5
44D
330
44B
100
AcDbEntity
  8
0
370
0
100
AcDbVertex
100
AcDb2dVertex
 10
122.87695299999905
 20
19.0637191445569
 30
0.0
 70
0
  0
VERTEX
  5
44E
330
44B
100
AcDbEntity
  8
0
370
0
100
AcDbVertex
100
AcDb2dVertex
 10
126.32873499999914
 20
18.911802144556987
 30
0.0
 70
0
  0
VERTEX
  5
44F
330
44B
100
AcDbEntity
  8
0
370
0
100
AcDbVertex
100
AcDb2dVertex
 10
129.71948199999906
 20
18.775816144556984
 30
0.0
 70
0
  0
SEQEND
  5
450
330
44B
100
AcDbEntity
  8
0
370
0
  0
LINE
  5
451
330
17
100
AcDbEntity
  8
0
 62
7
370
35
 48
0.002298
100
AcDbLine
 10
121.15447999999878
 20
19.18304214455793
 30
0.0
 11
121.06280500000003
 21
19.189482144555996
 31
0.0
  0
LINE
  5
452
330
17
100
AcDbEntity
  8
0
 62
7
370
35
 48
0.00288
100
AcDbLine
 10
121.06280500000003
 20
19.189482144555996
 30
0.0
 11
120.94781499999999
 21
19.19610414455701
 31
0.0
  0
LINE
  5
453
330
17
100
AcDbEntity
  8
0
 62
7
370
35
 48
0.060487
100
AcDbLine
 10
120.94781499999999
 20
19.19610414455701
 30
0.0
 11
120.94781499999999
 21
16.77664014455695
 31
0.0
  0
LINE
  5
454
330
17
100
AcDbEntity
  8
0
 62
7
370
35
 48
0.230908
100
AcDbLine
 10
130.18414299999995
 20
16.77664014455695
 30
0.0
 11
120.94781499999999
 21
16.77664014455695
 31
0.0
  0
LINE
  5
455
330
17
100
AcDbEntity
  8
0
 62
7
370
35
 48
0.025
100
AcDbLine
 10
130.18414299999995
 20
15.77664014455695
 30
0.0
 11
130.18414299999995
 21
16.77664014455695
 31
0.0
  0
LINE
  5
456
330
17
100
AcDbEntity
  8
0
 62
7
370
35
 48
0.230908
100
AcDbLine
 10
130.18414299999995
 20
15.77664014455695
 30
0.0
 11
120.94781499999999
 21
15.77664014455695
 31
0.0
  0
LINE
  5
457
330
17
100
AcDbEntity
  8
0
 62
7
370
35
 48
0.061814
100
AcDbLine
 10
120.94781499999999
 20
15.77664014455695
 30
0.0
 11
120.94781499999999
 21
13.304075144556919
 31
0.0
  0
ARC
  5
458
330
17
100
AcDbEntity
  8
0
 62
7
370
35
100
AcDbCircle
 10
121.09783899999911
 20
78.20413014455607
 30
0.0
 40
64.900253
100
AcDbArc
 50
-90.1324349999636
 51
-89.42866600002871
  0
POLYLINE
  5
459
330
17
100
AcDbEntity
  8
0
 62
7
370
35
100
AcDb2dPolyline
 66
1
 10
0.0
 20
0.0
 30
0.0
 70
0
  0
VERTEX
  5
45A
330
459
100
AcDbEntity
  8
0
370
0
100
AcDbVertex
100
AcDb2dVertex
 10
141.14483599999903
 20
15.148130144556944
 30
0.0
 70
0
  0
VERTEX
  5
45B
330
459
100
AcDbEntity
  8
0
370
0
100
AcDbVertex
100
AcDb2dVertex
 10
140.25671399999783
 20
14.88543514455705
 30
0.0
 70
0
  0
VERTEX
  5
45C
330
459
100
AcDbEntity
  8
0
370
0
100
AcDbVertex
100
AcDb2dVertex
 10
139.4345699999999
 20
14.693113144556946
 30
0.0
 70
0
  0
VERTEX
  5
45D
330
459
100
AcDbEntity
  8
0
370
0
100
AcDbVertex
100
AcDb2dVertex
 10
137.7668449999992
 20
14.38613714455687
 30
0.0
 70
0
  0
VERTEX
  5
45E
330
459
100
AcDbEntity
  8
0
370
0
100
AcDbVertex
100
AcDb2dVertex
 10
136.0818479999989
 20
14.145811144557001
 30
0.0
 70
0
  0
VERTEX
  5
45F
330
459
100
AcDbEntity
  8
0
370
0
100
AcDbVertex
100
AcDb2dVertex
 10
134.38720699999885
 20
13.950895144556853
 30
0.0
 70
0
  0
VERTEX
  5
460
330
459
100
AcDbEntity
  8
0
370
0
100
AcDbVertex
100
AcDb2dVertex
 10
132.31915299999991
 20
13.759825144556999
 30
0.0
 70
0
  0
VERTEX
  5
461
330
459
100
AcDbEntity
  8
0
370
0
100
AcDbVertex
100
AcDb2dVertex
 10
130.245727
 20
13.608885144557007
 30
0.0
 70
0
  0
VERTEX
  5
462
330
459
100
AcDbEntity
  8
0
370
0
100
AcDbVertex
100
AcDb2dVertex
 10
127.8876339999988
 20
13.478056144557058
 30
0.0
 70
0
  0
VERTEX
  5
463
330
459
100
AcDbEntity
  8
0
370
0
100
AcDbVertex
100
AcDb2dVertex
 10
125.52667199999905
 20
13.385008144555968
 30
0.0
 70
0
  0
VERTEX
  5
464
330
459
100
AcDbEntity
  8
0
370
0
100
AcDbVertex
100
AcDb2dVertex
 10
121.74499499999911
 20
13.307096144556908
 30
0.0
 70
0
  0
SEQEND
  5
465
330
459
100
AcDbEntity
  8
0
370
0
  0
ARC
  5
466
330
17
100
AcDbEntity
  8
0
 62
7
370
35
100
AcDbCircle
 10
13.499999995421149
 20
55.04134737775894
 30
0.0
 40
5.707641999999997
100
AcDbArc
 50
100.09051600000521
 51
-168.9446680000051
  0
LINE
  5
467
330
17
100
AcDbEntity
  8
0
 62
7
370
35
 48
0.057127
100
AcDbLine
 10
10.18334999542094
 20
53.946864377759084
 30
0.0
 11
7.898253995420873
 21
53.946864377759084
 31
0.0
  0
LINE
  5
468
330
17
100
AcDbEntity
  8
0
 62
7
370
35
 48
0.025
100
AcDbLine
 10
10.18334999542094
 20
52.946864377759084
 30
0.0
 11
10.18334999542094
 21
53.946864377759084
 31
0.0
  0
LINE
  5
469
330
17
100
AcDbEntity
  8
0
 62
7
370
35
 48
0.04982
100
AcDbLine
 10
10.18334999542094
 20
52.946864377759084
 30
0.0
 11
8.190551995421174
 21
52.946864377759084
 31
0.0
  0
ARC
  5
46A
330
17
100
AcDbEntity
  8
0
 62
7
370
35
100
AcDbCircle
 10
13.499999995421149
 20
55.04134737775894
 30
0.0
 40
5.707641999999997
100
AcDbArc
 50
-158.47170800000524
 51
-21.52828700000251
  0
LINE
  5
46B
330
17
100
AcDbEntity
  8
0
 62
7
370
35
 48
0.04982
100
AcDbLine
 10
16.816649995420903
 20
52.946864377759084
 30
0.0
 11
18.809447995420214
 21
52.946864377759084
 31
0.0
  0
LINE
  5
46C
330
17
100
AcDbEntity
  8
0
 62
7
370
35
 48
0.025
100
AcDbLine
 10
16.816649995420903
 20
52.946864377759084
 30
0.0
 11
16.816649995420903
 21
53.946864377759084
 31
0.0
  0
LINE
  5
46D
330
17
100
AcDbEntity
  8
0
 62
7
370
35
 48
0.057127
100
AcDbLine
 10
16.816649995420903
 20
53.946864377759084
 30
0.0
 11
19.10174599542097
 21
53.946864377759084
 31
0.0
  0
ARC
  5
46E
330
17
100
AcDbEntity
  8
0
 62
7
370
35
100
AcDbCircle
 10
13.499999995421149
 20
55.04134737775894
 30
0.0
 40
5.707641999999997
100
AcDbArc
 50
-11.055326000001301
 51
79.90948599999268
  0
LINE
  5
46F
330
17
100
AcDbEntity
  8
0
 62
7
370
35
 48
0.140484
100
AcDbLine
 10
14.499999995421149
 20
55.04134737775894
 30
0.0
 11
14.499999995421149
 21
60.660701377759096
 31
0.0
  0
LINE
  5
470
330
17
100
AcDbEntity
  8
0
 62
7
370
35
 48
0.05
100
AcDbLine
 10
12.49999999542024
 20
55.04134737775894
 30
0.0
 11
14.499999995421149
 21
55.04134737775894
 31
0.0
  0
LINE
  5
471
330
17
100
AcDbEntity
  8
0
 62
7
370
35
 48
0.140484
100
AcDbLine
 10
12.49999999542024
 20
55.04134737775894
 30
0.0
 11
12.49999999542024
 21
60.660701377759096
 31
0.0
  0
ARC
  5
472
330
17
100
AcDbEntity
  8
0
 62
7
370
35
100
AcDbCircle
 10
95.4509689105139
 20
60.9999999955312
 30
0.0
 40
5.147834999999997
100
AcDbArc
 50
-168.79871099998832
 51
-77.9302109999938
  0
LINE
  5
473
330
17
100
AcDbEntity
  8
0
 62
7
370
35
 48
0.051273
100
AcDbLine
 10
96.52740091051396
 20
58.0168449955313
 30
0.0
 11
96.52740091051396
 21
55.965941995531466
 31
0.0
  0
LINE
  5
474
330
17
100
AcDbEntity
  8
0
 62
7
370
35
 48
0.025
100
AcDbLine
 10
97.52740091051396
 20
58.0168449955313
 30
0.0
 11
96.52740091051396
 21
58.0168449955313
 31
0.0
  0
LINE
  5
475
330
17
100
AcDbEntity
  8
0
 62
7
370
35
 48
0.043184
100
AcDbLine
 10
97.52740091051396
 20
58.0168449955313
 30
0.0
 11
97.52740091051396
 21
56.28948899553143
 31
0.0
  0
ARC
  5
476
330
17
100
AcDbEntity
  8
0
 62
7
370
35
100
AcDbCircle
 10
95.4509689105139
 20
60.9999999955312
 30
0.0
 40
5.147834999999997
100
AcDbArc
 50
-66.21164100000114
 51
66.21164500000458
  0
LINE
  5
477
330
17
100
AcDbEntity
  8
0
 62
7
370
35
 48
0.043184
100
AcDbLine
 10
97.52740091051396
 20
63.983153995532575
 30
0.0
 11
97.52740091051396
 21
65.71050999553245
 31
0.0
  0
LINE
  5
478
330
17
100
AcDbEntity
  8
0
 62
7
370
35
 48
0.025
100
AcDbLine
 10
97.52740091051396
 20
63.983153995532575
 30
0.0
 11
96.52740091051396
 21
63.983153995532575
 31
0.0
  0
LINE
  5
479
330
17
100
AcDbEntity
  8
0
 62
7
370
35
 48
0.051273
100
AcDbLine
 10
96.52740091051396
 20
63.983153995532575
 30
0.0
 11
96.52740091051396
 21
66.0340569955315
 31
0.0
  0
ARC
  5
47A
330
17
100
AcDbEntity
  8
0
 62
7
370
35
100
AcDbCircle
 10
95.4509689105139
 20
60.9999999955312
 30
0.0
 40
5.147834999999997
100
AcDbArc
 50
77.93021399999868
 51
168.79871300001042
  0
LINE
  5
47B
330
17
100
AcDbEntity
  8
0
 62
7
370
35
 48
0.126244
100
AcDbLine
 10
95.4509689105139
 20
61.9999999955312
 30
0.0
 11
90.4012029105138
 21
61.9999999955312
 31
0.0
  0
LINE
  5
47C
330
17
100
AcDbEntity
  8
0
 62
7
370
35
 48
0.05
100
AcDbLine
 10
95.4509689105139
 20
59.9999999955312
 30
0.0
 11
95.4509689105139
 21
61.9999999955312
 31
0.0
  0
LINE
  5
47D
330
17
100
AcDbEntity
  8
0
 62
7
370
35
 48
0.126244
100
AcDbLine
 10
95.4509689105139
 20
59.9999999955312
 30
0.0
 11
90.4012029105138
 21
59.9999999955312
 31
0.0
  0
ELLIPSE
  5
47E
330
17
100
AcDbEntity
  8
0
 62
7
370
35
100
AcDbEllipse
 10
16.538636529631503
 20
12.752360788495935
 30
0.0
 11
-12.1002197265625
 21
2.922774303567164e-15
 31
0.0
 40
0.165286
 41
5.479481418847632
 42
2.625272075658099
  0
LINE
  5
47F
330
17
100
AcDbEntity
  8
0
 62
7
370
35
 48
0.049369
100
AcDbLine
 10
27.06152452963147
 20
11.764994788497006
 30
0.0
 11
27.06152452963147
 21
13.739741788497213
 31
0.0
  0
ELLIPSE
  5
480
330
17
100
AcDbEntity
  8
0
 62
7
370
35
100
AcDbEllipse
 10
16.538636529631503
 20
12.752360788495935
 30
0.0
 11
-12.1002197265625
 21
2.922774303567164e-15
 31
0.0
 40
0.165286
 41
3.657913231522676
 42
4.629651685976342
  0
LINE
  5
481
330
17
100
AcDbEntity
  8
0
 62
7
370
35
 48
0.049829
100
AcDbLine
 10
17.538636529631503
 20
12.752360788495935
 30
0.0
 11
17.538636529631503
 21
14.745524788498187
 31
0.0
  0
LINE
  5
482
330
17
100
AcDbEntity
  8
0
 62
7
370
35
 48
0.05
100
AcDbLine
 10
17.538636529631503
 20
12.752360788495935
 30
0.0
 11
15.538636529631503
 21
12.752360788495935
 31
0.0
  0
LINE
  5
483
330
17
100
AcDbEntity
  8
0
 62
7
370
35
 48
0.049829
100
AcDbLine
 10
15.538636529631503
 20
12.752360788495935
 30
0.0
 11
15.538636529631503
 21
14.745524788498187
 31
0.0
  0
ELLIPSE
  5
484
330
17
100
AcDbEntity
  8
0
 62
7
370
35
100
AcDbEllipse
 10
16.538636529631503
 20
12.752360788495935
 30
0.0
 11
-12.1002197265625
 21
2.922774303567164e-15
 31
0.0
 40
0.165286
 41
4.795126274757016
 42
5.370220082376659
  0
LINE
  5
485
330
17
100
AcDbEntity
  8
0
 62
7
370
35
 48
0.039566
100
AcDbLine
 10
9.140503529631587
 20
14.335001788497266
 30
0.0
 11
9.140503529631587
 21
12.752360788495935
 31
0.0
  0
LINE
  5
486
330
17
100
AcDbEntity
  8
0
 62
7
370
35
 48
0.025
100
AcDbLine
 10
9.140503529631587
 20
12.752360788495935
 30
0.0
 11
8.140503529631587
 21
12.752360788495935
 31
0.0
  0
LINE
  5
487
330
17
100
AcDbEntity
  8
0
 62
7
370
35
 48
0.035997
100
AcDbLine
 10
8.140503529631587
 20
14.192225788497126
 30
0.0
 11
8.140503529631587
 21
12.752360788495935
 31
0.0
  0
ELLIPSE
  5
488
330
17
100
AcDbEntity
  8
0
 62
7
370
35
100
AcDbEllipse
 10
19.96136347036827
 20
6.747639211502701
 30
0.0
 11
12.1002197265625
 21
-2.922774303567164e-15
 31
0.0
 40
0.165286
 41
5.479481418847632
 42
2.625272075658099
  0
LINE
  5
489
330
17
100
AcDbEntity
  8
0
 62
7
370
35
 48
0.049369
100
AcDbLine
 10
9.438475470368303
 20
7.735005211502539
 30
0.0
 11
9.438475470368303
 21
5.760258211502332
 31
0.0
  0
ELLIPSE
  5
48A
330
17
100
AcDbEntity
  8
0
 62
7
370
35
100
AcDbEllipse
 10
19.96136347036827
 20
6.747639211502701
 30
0.0
 11
12.1002197265625
 21
-2.922774303567164e-15
 31
0.0
 40
0.165286
 41
3.657913231522676
 42
4.629651685976342
  0
LINE
  5
48B
330
17
100
AcDbEntity
  8
0
 62
7
370
35
 48
0.049829
100
AcDbLine
 10
18.96136347036827
 20
6.747639211502701
 30
0.0
 11
18.96136347036827
 21
4.754475211502722
 31
0.0
  0
LINE
  5
48C
330
17
100
AcDbEntity
  8
0
 62
7
370
35
 48
0.05
100
AcDbLine
 10
18.96136347036827
 20
6.747639211502701
 30
0.0
 11
20.96136347036827
 21
6.747639211502701
 31
0.0
  0
LINE
  5
48D
330
17
100
AcDbEntity
  8
0
 62
7
370
35
 48
0.049829
100
AcDbLine
 10
20.96136347036827
 20
6.747639211502701
 30
0.0
 11
20.96136347036827
 21
4.754475211502722
 31
0.0
  0
ELLIPSE
  5
48E
330
17
100
AcDbEntity
  8
0
 62
7
370
35
100
AcDbEllipse
 10
19.96136347036827
 20
6.747639211502701
 30
0.0
 11
12.1002197265625
 21
-2.922774303567164e-15
 31
0.0
 40
0.165286
 41
4.795126274757016
 42
5.370220082376659
  0
LINE
  5
48F
330
17
100
AcDbEntity
  8
0
 62
7
370
35
 48
0.039566
100
AcDbLine
 10
27.359496470368185
 20
5.164998211502734
 30
0.0
 11
27.359496470368185
 21
6.747639211502701
 31
0.0
  0
LINE
  5
490
330
17
100
AcDbEntity
  8
0
 62
7
370
35
 48
0.025
100
AcDbLine
 10
27.359496470368185
 20
6.747639211502701
 30
0.0
 11
28.359496470369095
 21
6.747639211502701
 31
0.0
  0
LINE
  5
491
330
17
100
AcDbEntity
  8
0
 62
7
370
35
 48
0.035997
100
AcDbLine
 10
28.359496470369095
 20
5.307774211502419
 30
0.0
 11
28.359496470369095
 21
6.747639211502701
 31
0.0
  0
ELLIPSE
  5
492
330
17
100
AcDbEntity
  8
0
 62
7
370
35
100
AcDbEllipse
 10
123.46136347036804
 20
9.74763921150361
 30
0.0
 11
12.1002197265625
 21
-2.922774303567164e-15
 31
0.0
 40
0.165286
 41
5.479481418847632
 42
2.625272075658099
  0
LINE
  5
493
330
17
100
AcDbEntity
  8
0
 62
7
370
35
 48
0.049369
100
AcDbLine
 10
112.93847547036899
 20
10.73500521150254
 30
0.0
 11
112.93847547036899
 21
8.760258211502787
 31
0.0
  0
ELLIPSE
  5
494
330
17
100
AcDbEntity
  8
0
 62
7
370
35
100
AcDbEllipse
 10
123.46136347036804
 20
9.74763921150361
 30
0.0
 11
12.1002197265625
 21
-2.922774303567164e-15
 31
0.0
 40
0.165286
 41
3.657913231522676
 42
4.629651685976342
  0
LINE
  5
495
330
17
100
AcDbEntity
  8
0
 62
7
370
35
 48
0.049829
100
AcDbLine
 10
122.46136347036895
 20
9.74763921150361
 30
0.0
 11
122.46136347036895
 21
7.754475211502722
 31
0.0
  0
LINE
  5
496
330
17
100
AcDbEntity
  8
0
 62
7
370
35
 48
0.05
100
AcDbLine
 10
122.46136347036895
 20
9.74763921150361
 30
0.0
 11
124.46136347036895
 21
9.74763921150361
 31
0.0
  0
LINE
  5
497
330
17
100
AcDbEntity
  8
0
 62
7
370
35
 48
0.049829
100
AcDbLine
 10
124.46136347036895
 20
9.74763921150361
 30
0.0
 11
124.46136347036895
 21
7.754475211502722
 31
0.0
  0
ELLIPSE
  5
498
330
17
100
AcDbEntity
  8
0
 62
7
370
35
100
AcDbEllipse
 10
123.46136347036804
 20
9.74763921150361
 30
0.0
 11
12.1002197265625
 21
-2.922774303567164e-15
 31
0.0
 40
0.165286
 41
4.795126274757016
 42
5.370220082376659
  0
LINE
  5
499
330
17
100
AcDbEntity
  8
0
 62
7
370
35
 48
0.039566
100
AcDbLine
 10
130.8594964703691
 20
8.164998211502734
 30
0.0
 11
130.8594964703691
 21
9.74763921150361
 31
0.0
  0
LINE
  5
49A
330
17
100
AcDbEntity
  8
0
 62
7
370
35
 48
0.025
100
AcDbLine
 10
130.8594964703691
 20
9.74763921150361
 30
0.0
 11
131.8594964703691
 21
9.74763921150361
 31
0.0
  0
LINE
  5
49B
330
17
100
AcDbEntity
  8
0
 62
7
370
35
 48
0.035997
100
AcDbLine
 10
131.8594964703691
 20
8.307774211503784
 30
0.0
 11
131.8594964703691
 21
9.74763921150361
 31
0.0
  0
ELLIPSE
  5
49C
330
17
100
AcDbEntity
  8
0
 62
7
370
35
100
AcDbEllipse
 10
112.46136347036804
 20
3.747639211502701
 30
0.0
 11
12.1002197265625
 21
-2.922774303567164e-15
 31
0.0
 40
0.165286
 41
5.479481418847632
 42
2.625272075658099
  0
LINE
  5
49D
330
17
100
AcDbEntity
  8
0
 62
7
370
35
 48
0.049369
100
AcDbLine
 10
101.93847547036899
 20
4.735005211503903
 30
0.0
 11
101.93847547036899
 21
2.760258211502787
 31
0.0
  0
ELLIPSE
  5
49E
330
17
100
AcDbEntity
  8
0
 62
7
370
35
100
AcDbEllipse
 10
112.46136347036804
 20
3.747639211502701
 30
0.0
 11
12.1002197265625
 21
-2.922774303567164e-15
 31
0.0
 40
0.165286
 41
3.657913231522676
 42
4.629651685976342
  0
LINE
  5
49F
330
17
100
AcDbEntity
  8
0
 62
7
370
35
 48
0.049829
100
AcDbLine
 10
111.46136347036895
 20
3.747639211502701
 30
0.0
 11
111.46136347036895
 21
1.7544752115027222
 31
0.0
  0
LINE
  5
4A0
330
17
100
AcDbEntity
  8
0
 62
7
370
35
 48
0.05
100
AcDbLine
 10
111.46136347036895
 20
3.747639211502701
 30
0.0
 11
113.46136347036895
 21
3.747639211502701
 31
0.0
  0
LINE
  5
4A1
330
17
100
AcDbEntity
  8
0
 62
7
370
35
 48
0.049829
100
AcDbLine
 10
113.46136347036895
 20
3.747639211502701
 30
0.0
 11
113.46136347036895
 21
1.7544752115027222
 31
0.0
  0
ELLIPSE
  5
4A2
330
17
100
AcDbEntity
  8
0
 62
7
370
35
100
AcDbEllipse
 10
112.46136347036804
 20
3.747639211502701
 30
0.0
 11
12.1002197265625
 21
-2.922774303567164e-15
 31
0.0
 40
0.165286
 41
4.795126274757016
 42
5.370220082376659
  0
LINE
  5
4A3
330
17
100
AcDbEntity
  8
0
 62
7
370
35
 48
0.039566
100
AcDbLine
 10
119.8594964703691
 20
2.164998211502734
 30
0.0
 11
119.8594964703691
 21
3.747639211502701
 31
0.0
  0
LINE
  5
4A4
330
17
100
AcDbEntity
  8
0
 62
7
370
35
 48
0.025
100
AcDbLine
 10
119.8594964703691
 20
3.747639211502701
 30
0.0
 11
120.8594964703691
 21
3.747639211502701
 31
0.0
  0
LINE
  5
4A5
330
17
100
AcDbEntity
  8
0
 62
7
370
35
 48
0.035997
100
AcDbLine
 10
120.8594964703691
 20
2.3077742115037836
 30
0.0
 11
120.8594964703691
 21
3.747639211502701
 31
0.0
  0
ELLIPSE
  5
4A6
330
17
100
AcDbEntity
  8
0
 62
7
370
35
100
AcDbEllipse
 10
77.50006099999973
 20
72.25000046712103
 30
0.0
 11
-15.0
 21
-3.0517578125e-05
 31
0.0
 40
0.191011
 41
1.637505999245538
 42
4.645678879106037
  0
LINE
  5
4A7
330
17
100
AcDbEntity
  8
0
 62
7
370
35
 48
0.05897
100
AcDbLine
 10
78.49993899999936
 20
75.10879546712113
 30
0.0
 11
78.49993899999936
 21
72.75000046712103
 31
0.0
  0
LINE
  5
4A8
330
17
100
AcDbEntity
  8
0
 62
7
370
35
 48
0.115262
100
AcDbLine
 10
83.11041299999943
 20
72.75000046712103
 30
0.0
 11
78.49993899999936
 21
72.75000046712103
 31
0.0
  0
LINE
  5
4A9
330
17
100
AcDbEntity
  8
0
 62
7
370
35
 48
0.025
100
AcDbLine
 10
83.11041299999943
 20
71.75000046712103
 30
0.0
 11
83.11041299999943
 21
72.75000046712103
 31
0.0
  0
LINE
  5
4AA
330
17
100
AcDbEntity
  8
0
 62
7
370
35
 48
0.115262
100
AcDbLine
 10
83.11041299999943
 20
71.75000046712103
 30
0.0
 11
78.49993899999936
 21
71.75000046712103
 31
0.0
  0
LINE
  5
4AB
330
17
100
AcDbEntity
  8
0
 62
7
370
35
 48
0.05897
100
AcDbLine
 10
78.49993899999936
 20
71.75000046712103
 30
0.0
 11
78.49993899999936
 21
69.39120546712115
 31
0.0
  0
ELLIPSE
  5
4AC
330
17
100
AcDbEntity
  8
0
 62
7
370
35
100
AcDbEllipse
 10
148.9999389999989
 20
50.24999749855783
 30
0.0
 11
15.0
 21
-3.0517578125e-05
 31
0.0
210
0.0
220
0.0
230
-1.0
 40
0.191011
 41
1.637505999245538
 42
4.645678879106037
  0
LINE
  5
4AD
330
17
100
AcDbEntity
  8
0
 62
7
370
35
 48
0.05897
100
AcDbLine
 10
148.00006099999882
 20
49.74999749855783
 30
0.0
 11
148.00006099999882
 21
47.39120249855773
 31
0.0
  0
LINE
  5
4AE
330
17
100
AcDbEntity
  8
0
 62
7
370
35
 48
0.115262
100
AcDbLine
 10
143.38958699999876
 20
49.74999749855783
 30
0.0
 11
148.00006099999882
 21
49.74999749855783
 31
0.0
  0
LINE
  5
4AF
330
17
100
AcDbEntity
  8
0
 62
7
370
35
 48
0.025
100
AcDbLine
 10
143.38958699999876
 20
49.74999749855783
 30
0.0
 11
143.38958699999876
 21
50.74999749855783
 31
0.0
  0
LINE
  5
4B0
330
17
100
AcDbEntity
  8
0
 62
7
370
35
 48
0.115262
100
AcDbLine
 10
143.38958699999876
 20
50.74999749855783
 30
0.0
 11
148.00006099999882
 21
50.74999749855783
 31
0.0
  0
LINE
  5
4B1
330
17
100
AcDbEntity
  8
0
 62
7
370
35
 48
0.05897
100
AcDbLine
 10
148.00006099999882
 20
53.10879249855793
 30
0.0
 11
148.00006099999882
 21
50.74999749855783
 31
0.0
  0
ARC
  5
4B2
330
17
100
AcDbEntity
  8
0
 62
7
370
35
100
AcDbCircle
 10
7.000001672881808
 20
64.56103849999977
 30
0.0
 40
4.156676
100
AcDbArc
 50
103.92058600000739
 51
173.69506499999778
  0
LINE
  5
4B3
330
17
100
AcDbEntity
  8
0
 62
7
370
35
 48
0.042532
100
AcDbLine
 10
4.5697656728830225
 20
65.01752749999991
 30
0.0
 11
2.868471672883061
 21
65.01752749999991
 31
0.0
  0
LINE
  5
4B4
330
17
100
AcDbEntity
  8
0
 62
7
370
35
 48
0.025
100
AcDbLine
 10
4.5697656728830225
 20
64.01752749999991
 30
0.0
 11
4.5697656728830225
 21
65.01752749999991
 31
0.0
  0
LINE
  5
4B5
330
17
100
AcDbEntity
  8
0
 62
7
370
35
 48
0.042268
100
AcDbLine
 10
4.5697656728830225
 20
64.01752749999991
 30
0.0
 11
2.879030672882891
 21
64.01752749999991
 31
0.0
  0
ARC
  5
4B6
330
17
100
AcDbEntity
  8
0
 62
7
370
35
100
AcDbCircle
 10
7.000001672881808
 20
64.56103849999977
 30
0.0
 40
4.156676
100
AcDbArc
 50
-172.48666600000436
 51
-7.513340000006926
  0
LINE
  5
4B7
330
17
100
AcDbEntity
  8
0
 62
7
370
35
 48
0.042268
100
AcDbLine
 10
9.430238672881842
 20
64.01752749999991
 30
0.0
 11
11.120973672882883
 21
64.01752749999991
 31
0.0
  0
LINE
  5
4B8
330
17
100
AcDbEntity
  8
0
 62
7
370
35
 48
0.025
100
AcDbLine
 10
9.430238672881842
 20
64.01752749999991
 30
0.0
 11
9.430238672881842
 21
65.01752749999991
 31
0.0
  0
LINE
  5
4B9
330
17
100
AcDbEntity
  8
0
 62
7
370
35
 48
0.042532
100
AcDbLine
 10
9.430238672881842
 20
65.01752749999991
 30
0.0
 11
11.131532672883168
 21
65.01752749999991
 31
0.0
  0
ARC
  5
4BA
330
17
100
AcDbEntity
  8
0
 62
7
370
35
100
AcDbCircle
 10
7.000001672881808
 20
64.56103849999977
 30
0.0
 40
4.156676
100
AcDbArc
 50
6.304928999998092
 51
76.07940899998903
  0
LINE
  5
4BB
330
17
100
AcDbEntity
  8
0
 62
7
370
35
 48
0.100865
100
AcDbLine
 10
8.000001672883172
 20
64.56103849999977
 30
0.0
 11
8.000001672883172
 21
68.59563749999984
 31
0.0
  0
LINE
  5
4BC
330
17
100
AcDbEntity
  8
0
 62
7
370
35
 48
0.05
100
AcDbLine
 10
6.000001672883172
 20
64.56103849999977
 30
0.0
 11
8.000001672883172
 21
64.56103849999977
 31
0.0
  0
LINE
  5
4BD
330
17
100
AcDbEntity
  8
0
 62
7
370
35
 48
0.100865
100
AcDbLine
 10
6.000001672883172
 20
64.56103849999977
 30
0.0
 11
6.000001672883172
 21
68.59563749999984
 31
0.0
  0
ARC
  5
4BE
330
17
100
AcDbEntity
  8
0
 62
7
370
35
100
AcDbCircle
 10
129.0610385
 20
84.49999832711728
 30
0.0
 40
4.156676
100
AcDbArc
 50
13.920586000007392
 51
83.69506499999778
  0
LINE
  5
4BF
330
17
100
AcDbEntity
  8
0
 62
7
370
35
 48
0.042532
100
AcDbLine
 10
129.51752750000014
 20
86.93023432711743
 30
0.0
 11
129.51752750000014
 21
88.63152832711648
 31
0.0
  0
LINE
  5
4C0
330
17
100
AcDbEntity
  8
0
 62
7
370
35
 48
0.025
100
AcDbLine
 10
128.51752750000014
 20
86.93023432711743
 30
0.0
 11
129.51752750000014
 21
86.93023432711743
 31
0.0
  0
LINE
  5
4C1
330
17
100
AcDbEntity
  8
0
 62
7
370
35
 48
0.042268
100
AcDbLine
 10
128.51752750000014
 20
86.93023432711743
 30
0.0
 11
128.51752750000014
 21
88.62096932711756
 31
0.0
  0
ARC
  5
4C2
330
17
100
AcDbEntity
  8
0
 62
7
370
35
100
AcDbCircle
 10
129.0610385
 20
84.49999832711728
 30
0.0
 40
4.156676
100
AcDbArc
 50
97.51333399999565
 51
-97.51334000000692
  0
LINE
  5
4C3
330
17
100
AcDbEntity
  8
0
 62
7
370
35
 48
0.042268
100
AcDbLine
 10
128.51752750000014
 20
82.06976132711725
 30
0.0
 11
128.51752750000014
 21
80.37902632711757
 31
0.0
  0
LINE
  5
4C4
330
17
100
AcDbEntity
  8
0
 62
7
370
35
 48
0.025
100
AcDbLine
 10
128.51752750000014
 20
82.06976132711725
 30
0.0
 11
129.51752750000014
 21
82.06976132711725
 31
0.0
  0
LINE
  5
4C5
330
17
100
AcDbEntity
  8
0
 62
7
370
35
 48
0.042532
100
AcDbLine
 10
129.51752750000014
 20
82.06976132711725
 30
0.0
 11
129.51752750000014
 21
80.36846732711729
 31
0.0
  0
ARC
  5
4C6
330
17
100
AcDbEntity
  8
0
 62
7
370
35
100
AcDbCircle
 10
129.0610385
 20
84.49999832711728
 30
0.0
 40
4.156676
100
AcDbArc
 50
-83.6950710000019
 51
-13.920591000010976
  0
LINE
  5
4C7
330
17
100
AcDbEntity
  8
0
 62
7
370
35
 48
0.100865
100
AcDbLine
 10
129.0610385
 20
83.49999832711728
 30
0.0
 11
133.09563750000007
 21
83.49999832711728
 31
0.0
  0
LINE
  5
4C8
330
17
100
AcDbEntity
  8
0
 62
7
370
35
 48
0.05
100
AcDbLine
 10
129.0610385
 20
85.49999832711728
 30
0.0
 11
129.0610385
 21
83.49999832711728
 31
0.0
  0
LINE
  5
4C9
330
17
100
AcDbEntity
  8
0
 62
7
370
35
 48
0.100865
100
AcDbLine
 10
129.0610385
 20
85.49999832711728
 30
0.0
 11
133.09563750000007
 21
85.49999832711728
 31
0.0
  0
ARC
  5
4CA
330
17
100
AcDbEntity
  8
0
 62
7
370
35
100
AcDbCircle
 10
117.99999832711728
 20
83.4389615
 30
0.0
 40
4.156676
100
AcDbArc
 50
-76.07941399999251
 51
-6.30493500000201
  0
LINE
  5
4CB
330
17
100
AcDbEntity
  8
0
 62
7
370
35
 48
0.042532
100
AcDbLine
 10
120.43023432711743
 20
82.98247250000009
 30
0.0
 11
122.1315283271174
 21
82.98247250000009
 31
0.0
  0
LINE
  5
4CC
330
17
100
AcDbEntity
  8
0
 62
7
370
35
 48
0.025
100
AcDbLine
 10
120.43023432711743
 20
83.98247250000009
 30
0.0
 11
120.43023432711743
 21
82.98247250000009
 31
0.0
  0
LINE
  5
4CD
330
17
100
AcDbEntity
  8
0
 62
7
370
35
 48
0.042268
100
AcDbLine
 10
120.43023432711743
 20
83.98247250000009
 30
0.0
 11
122.12096932711711
 21
83.98247250000009
 31
0.0
  0
ARC
  5
4CE
330
17
100
AcDbEntity
  8
0
 62
7
370
35
100
AcDbCircle
 10
117.99999832711728
 20
83.4389615
 30
0.0
 40
4.156676
100
AcDbArc
 50
7.513333999995654
 51
172.4866599999931
  0
LINE
  5
4CF
330
17
100
AcDbEntity
  8
0
 62
7
370
35
 48
0.042268
100
AcDbLine
 10
115.56976132711725
 20
83.98247250000009
 30
0.0
 11
113.87902632711712
 21
83.98247250000009
 31
0.0
  0
LINE
  5
4D0
330
17
100
AcDbEntity
  8
0
 62
7
370
35
 48
0.025
100
AcDbLine
 10
115.56976132711725
 20
83.98247250000009
 30
0.0
 11
115.56976132711725
 21
82.98247250000009
 31
0.0
  0
LINE
  5
4D1
330
17
100
AcDbEntity
  8
0
 62
7
370
35
 48
0.042532
100
AcDbLine
 10
115.56976132711725
 20
82.98247250000009
 30
0.0
 11
113.86846732711729
 21
82.98247250000009
 31
0.0
  0
ARC
  5
4D2
330
17
100
AcDbEntity
  8
0
 62
7
370
35
100
AcDbCircle
 10
117.99999832711728
 20
83.4389615
 30
0.0
 40
4.156676
100
AcDbArc
 50
-173.69507100000192
 51
-103.92059100001093
  0
LINE
  5
4D3
330
17
100
AcDbEntity
  8
0
 62
7
370
35
 48
0.100865
100
AcDbLine
 10
116.99999832711728
 20
83.4389615
 30
0.0
 11
116.99999832711728
 21
79.40436249999993
 31
0.0
  0
LINE
  5
4D4
330
17
100
AcDbEntity
  8
0
 62
7
370
35
 48
0.05
100
AcDbLine
 10
118.99999832711728
 20
83.4389615
 30
0.0
 11
116.99999832711728
 21
83.4389615
 31
0.0
  0
LINE
  5
4D5
330
17
100
AcDbEntity
  8
0
 62
7
370
35
 48
0.100865
100
AcDbLine
 10
118.99999832711728
 20
83.4389615
 30
0.0
 11
118.99999832711728
 21
79.40436249999993
 31
0.0
  0
ARC
  5
4D6
330
17
100
AcDbEntity
  8
0
 62
7
370
35
100
AcDbCircle
 10
21.16745258443484
 20
48.999986190356594
 30
0.0
 40
3.057028999999998
100
AcDbArc
 50
-160.90623600000893
 51
-88.7043290000027
  0
LINE
  5
4D7
330
17
100
AcDbEntity
  8
0
 62
7
370
35
 48
0.029626
100
AcDbLine
 10
21.23657558443483
 20
47.128771190356474
 30
0.0
 11
21.23657558443483
 21
45.943712190355654
 31
0.0
  0
LINE
  5
4D8
330
17
100
AcDbEntity
  8
0
 62
7
370
35
 48
0.025
100
AcDbLine
 10
22.23657558443483
 20
47.128771190356474
 30
0.0
 11
21.23657558443483
 21
47.128771190356474
 31
0.0
  0
LINE
  5
4D9
330
17
100
AcDbEntity
  8
0
 62
7
370
35
 48
0.024818
100
AcDbLine
 10
22.23657558443483
 20
47.128771190356474
 30
0.0
 11
22.23657558443483
 21
46.13603419035553
 31
0.0
  0
ARC
  5
4DA
330
17
100
AcDbEntity
  8
0
 62
7
370
35
100
AcDbCircle
 10
21.16745258443484
 20
48.999986190356594
 30
0.0
 40
3.057028999999998
100
AcDbArc
 50
-69.52939399999501
 51
69.52939500000161
  0
LINE
  5
4DB
330
17
100
AcDbEntity
  8
0
 62
7
370
35
 48
0.024818
100
AcDbLine
 10
22.23657558443483
 20
50.87120219035569
 30
0.0
 11
22.23657558443483
 21
51.86393919035663
 31
0.0
  0
LINE
  5
4DC
330
17
100
AcDbEntity
  8
0
 62
7
370
35
 48
0.025
100
AcDbLine
 10
22.23657558443483
 20
50.87120219035569
 30
0.0
 11
21.23657558443483
 21
50.87120219035569
 31
0.0
  0
LINE
  5
4DD
330
17
100
AcDbEntity
  8
0
 62
7
370
35
 48
0.029626
100
AcDbLine
 10
21.23657558443483
 20
50.87120219035569
 30
0.0
 11
21.23657558443483
 21
52.05626119035651
 31
0.0
  0
ARC
  5
4DE
330
17
100
AcDbEntity
  8
0
 62
7
370
35
100
AcDbCircle
 10
21.16745258443484
 20
48.999986190356594
 30
0.0
 40
3.057028999999998
100
AcDbArc
 50
88.7043319999988
 51
160.9062379999983
  0
LINE
  5
4DF
330
17
100
AcDbEntity
  8
0
 62
7
370
35
 48
0.072221
100
AcDbLine
 10
21.16745258443484
 20
49.999986190355685
 30
0.0
 11
18.2786055844349
 21
49.999986190355685
 31
0.0
  0
LINE
  5
4E0
330
17
100
AcDbEntity
  8
0
 62
7
370
35
 48
0.05
100
AcDbLine
 10
21.16745258443484
 20
47.999986190356594
 30
0.0
 11
21.16745258443484
 21
49.999986190355685
 31
0.0
  0
LINE
  5
4E1
330
17
100
AcDbEntity
  8
0
 62
7
370
35
 48
0.072221
100
AcDbLine
 10
21.16745258443484
 20
47.999986190356594
 30
0.0
 11
18.2786055844349
 21
47.999986190356594
 31
0.0
  0
ARC
  5
4E2
330
17
100
AcDbEntity
  8
0
 62
7
370
35
100
AcDbCircle
 10
53.83254741556539
 20
64.5000138096434
 30
0.0
 40
3.057028999999998
100
AcDbArc
 50
19.093763999991086
 51
91.2956709999973
  0
LINE
  5
4E3
330
17
100
AcDbEntity
  8
0
 62
7
370
35
 48
0.029626
100
AcDbLine
 10
53.763424415565396
 20
66.37122880964353
 30
0.0
 11
53.763424415565396
 21
67.55628780964344
 31
0.0
  0
LINE
  5
4E4
330
17
100
AcDbEntity
  8
0
 62
7
370
35
 48
0.025
100
AcDbLine
 10
52.763424415565396
 20
66.37122880964353
 30
0.0
 11
53.763424415565396
 21
66.37122880964353
 31
0.0
  0
LINE
  5
4E5
330
17
100
AcDbEntity
  8
0
 62
7
370
35
 48
0.024818
100
AcDbLine
 10
52.763424415565396
 20
66.37122880964353
 30
0.0
 11
52.763424415565396
 21
67.36396580964356
 31
0.0
  0
ARC
  5
4E6
330
17
100
AcDbEntity
  8
0
 62
7
370
35
100
AcDbCircle
 10
53.83254741556539
 20
64.5000138096434
 30
0.0
 40
3.057028999999998
100
AcDbArc
 50
110.470606000005
 51
-110.47060499999839
  0
LINE
  5
4E7
330
17
100
AcDbEntity
  8
0
 62
7
370
35
 48
0.024818
100
AcDbLine
 10
52.763424415565396
 20
62.6287978096434
 30
0.0
 11
52.763424415565396
 21
61.63606080964337
 31
0.0
  0
LINE
  5
4E8
330
17
100
AcDbEntity
  8
0
 62
7
370
35
 48
0.025
100
AcDbLine
 10
52.763424415565396
 20
62.6287978096434
 30
0.0
 11
53.763424415565396
 21
62.6287978096434
 31
0.0
  0
LINE
  5
4E9
330
17
100
AcDbEntity
  8
0
 62
7
370
35
 48
0.029626
100
AcDbLine
 10
53.763424415565396
 20
62.6287978096434
 30
0.0
 11
53.763424415565396
 21
61.44373880964349
 31
0.0
  0
ARC
  5
4EA
330
17
100
AcDbEntity
  8
0
 62
7
370
35
100
AcDbCircle
 10
53.83254741556539
 20
64.5000138096434
 30
0.0
 40
3.057028999999998
100
AcDbArc
 50
-91.2956680000012
 51
-19.09376200000169
  0
LINE
  5
4EB
330
17
100
AcDbEntity
  8
0
 62
7
370
35
 48
0.072221
100
AcDbLine
 10
53.83254741556539
 20
63.500013809643406
 30
0.0
 11
56.72139441556533
 21
63.500013809643406
 31
0.0
  0
LINE
  5
4EC
330
17
100
AcDbEntity
  8
0
 62
7
370
35
 48
0.05
100
AcDbLine
 10
53.83254741556539
 20
65.5000138096434
 30
0.0
 11
53.83254741556539
 21
63.500013809643406
 31
0.0
  0
LINE
  5
4ED
330
17
100
AcDbEntity
  8
0
 62
7
370
35
 48
0.072221
100
AcDbLine
 10
53.83254741556539
 20
65.5000138096434
 30
0.0
 11
56.72139441556533
 21
65.5000138096434
 31
0.0
  0
ARC
  5
4EE
330
17
100
AcDbEntity
  8
0
 62
7
370
35
100
AcDbCircle
 10
123.00001380964386
 20
90.66745258443484
 30
0.0
 40
3.057028999999998
100
AcDbArc
 50
-70.90623600000866
 51
1.295670999997267
  0
LINE
  5
4EF
330
17
100
AcDbEntity
  8
0
 62
7
370
35
 48
0.029626
100
AcDbLine
 10
124.87122880964353
 20
90.73657558443483
 30
0.0
 11
126.05628780964389
 21
90.73657558443483
 31
0.0
  0
LINE
  5
4F0
330
17
100
AcDbEntity
  8
0
 62
7
370
35
 48
0.025
100
AcDbLine
 10
124.87122880964353
 20
91.73657558443483
 30
0.0
 11
124.87122880964353
 21
90.73657558443483
 31
0.0
  0
LINE
  5
4F1
330
17
100
AcDbEntity
  8
0
 62
7
370
35
 48
0.024818
100
AcDbLine
 10
124.87122880964353
 20
91.73657558443483
 30
0.0
 11
125.86396580964492
 21
91.73657558443483
 31
0.0
  0
ARC
  5
4F2
330
17
100
AcDbEntity
  8
0
 62
7
370
35
100
AcDbCircle
 10
123.00001380964386
 20
90.66745258443484
 30
0.0
 40
3.057028999999998
100
AcDbArc
 50
20.4706060000052
 51
159.5293950000019
  0
LINE
  5
4F3
330
17
100
AcDbEntity
  8
0
 62
7
370
35
 48
0.024818
100
AcDbLine
 10
121.12879780964386
 20
91.73657558443483
 30
0.0
 11
120.13606080964382
 21
91.73657558443483
 31
0.0
  0
LINE
  5
4F4
330
17
100
AcDbEntity
  8
0
 62
7
370
35
 48
0.025
100
AcDbLine
 10
121.12879780964386
 20
91.73657558443483
 30
0.0
 11
121.12879780964386
 21
90.73657558443483
 31
0.0
  0
LINE
  5
4F5
330
17
100
AcDbEntity
  8
0
 62
7
370
35
 48
0.029626
100
AcDbLine
 10
121.12879780964386
 20
90.73657558443483
 30
0.0
 11
119.94373880964349
 21
90.73657558443483
 31
0.0
  0
ARC
  5
4F6
330
17
100
AcDbEntity
  8
0
 62
7
370
35
100
AcDbCircle
 10
123.00001380964386
 20
90.66745258443484
 30
0.0
 40
3.057028999999998
100
AcDbArc
 50
178.7043319999988
 51
-109.09376200000189
  0
LINE
  5
4F7
330
17
100
AcDbEntity
  8
0
 62
7
370
35
 48
0.072221
100
AcDbLine
 10
122.00001380964386
 20
90.66745258443484
 30
0.0
 11
122.00001380964386
 21
87.7786055844349
 31
0.0
  0
LINE
  5
4F8
330
17
100
AcDbEntity
  8
0
 62
7
370
35
 48
0.05
100
AcDbLine
 10
124.00001380964386
 20
90.66745258443484
 30
0.0
 11
122.00001380964386
 21
90.66745258443484
 31
0.0
  0
LINE
  5
4F9
330
17
100
AcDbEntity
  8
0
 62
7
370
35
 48
0.072221
100
AcDbLine
 10
124.00001380964386
 20
90.66745258443484
 30
0.0
 11
124.00001380964386
 21
87.7786055844349
 31
0.0
  0
ENDSEC
  0
SECTION
  2
OBJECTS
  0
DICTIONARY
  5
A
330
0
100
AcDbDictionary
281
1
  3
ACAD_COLOR
350
B
  3
ACAD_GROUP
350
C
  3
ACAD_LAYOUT
350
D
  3
ACAD_MATERIAL
350
E
  3
ACAD_MLEADERSTYLE
350
F
  3
ACAD_MLINESTYLE
350
10
  3
ACAD_PLOTSETTINGS
350
11
  3
ACAD_PLOTSTYLENAME
350
12
  3
ACAD_SCALELIST
350
14
  3
ACAD_TABLESTYLE
350
15
  3
ACAD_VISUALSTYLE
350
16
  3
EZDXF_META
350
2D
  0
DICTIONARY
  5
B
330
A
100
AcDbDictionary
281
1
  0
DICTIONARY
  5
C
330
A
100
AcDbDictionary
281
1
  0
DICTIONARY
  5
D
330
A
100
AcDbDictionary
281
1
  3
Model
350
1A
  3
Layout1
350
1E
  0
DICTIONARY
  5
E
330
A
100
AcDbDictionary
281
1
  3
ByBlock
350
1F
  3
ByLayer
350
20
  3
Global
350
21
  0
DICTIONARY
  5
F
330
A
100
AcDbDictionary
281
1
  3
Standard
350
2C
  0
DICTIONARY
  5
10
330
A
100
AcDbDictionary
281
1
  3
Standard
350
22
  0
DICTIONARY
  5
11
330
A
100
AcDbDictionary
281
1
  0
ACDBDICTIONARYWDFLT
  5
12
330
A
100
AcDbDictionary
281
1
  3
Normal
350
13
100
AcDbDictionaryWithDefault
340
13
  0
ACDBPLACEHOLDER
  5
13
330
12
  0
DICTIONARY
  5
14
330
A
100
AcDbDictionary
281
1
  0
DICTIONARY
  5
15
330
A
100
AcDbDictionary
281
1
  0
DICTIONARY
  5
16
330
A
100
AcDbDictionary
281
1
  0
LAYOUT
  5
1A
330
D
100
AcDbPlotSettings
  1

  4
A3
  6

 40
7.5
 41
20.0
 42
7.5
 43
20.0
 44
420.0
 45
297.0
 46
0.0
 47
0.0
 48
0.0
 49
0.0
140
0.0
141
0.0
142
1.0
143
1.0
 70
1024
 72
1
 73
0
 74
5
  7

 75
16
 76
0
 77
2
 78
300
147
1.0
148
0.0
149
0.0
100
AcDbLayout
  1
Model
 70
1
 71
0
 10
0.0
 20
0.0
 11
420.0
 21
297.0
 12
0.0
 22
0.0
 32
0.0
 14
1e+20
 24
1e+20
 34
1e+20
 15
-1e+20
 25
-1e+20
 35
-1e+20
146
0.0
 13
0.0
 23
0.0
 33
0.0
 16
1.0
 26
0.0
 36
0.0
 17
0.0
 27
1.0
 37
0.0
 76
1
330
17
  0
LAYOUT
  5
1E
330
D
100
AcDbPlotSettings
  1

  4
A3
  6

 40
7.5
 41
20.0
 42
7.5
 43
20.0
 44
420.0
 45
297.0
 46
0.0
 47
0.0
 48
0.0
 49
0.0
140
0.0
141
0.0
142
1.0
143
1.0
 70
0
 72
1
 73
0
 74
5
  7

 75
16
 76
0
 77
2
 78
300
147
1.0
148
0.0
149
0.0
100
AcDbLayout
  1
Layout1
 70
1
 71
1
 10
0.0
 20
0.0
 11
420.0
 21
297.0
 12
0.0
 22
0.0
 32
0.0
 14
1e+20
 24
1e+20
 34
1e+20
 15
-1e+20
 25
-1e+20
 35
-1e+20
146
0.0
 13
0.0
 23
0.0
 33
0.0
 16
1.0
 26
0.0
 36
0.0
 17
0.0
 27
1.0
 37
0.0
 76
1
330
1B
  0
MATERIAL
  5
1F
102
{ACAD_REACTORS
330
E
102
}
330
E
100
AcDbMaterial
  1
ByBlock
  2

 70
0
 40
1.0
 71
1
 41
1.0
 91
-1023410177
 42
1.0
 72
1
  3

 73
1
 74
1
 75
1
 44
0.5
 73
0
 45
1.0
 46
1.0
 77
1
  4

 78
1
 79
1
170
1
 48
1.0
171
1
  6

172
1
173
1
174
1
140
1.0
141
1.0
175
1
  7

176
1
177
1
178
1
143
1.0
179
1
  8

270
1
271
1
272
1
145
1.0
146
1.0
273
1
  9

274
1
275
1
276
1
 42
1.0
 72
1
  3

 73
1
 74
1
 75
1
 94
63
  0
MATERIAL
  5
20
102
{ACAD_REACTORS
330
E
102
}
330
E
100
AcDbMaterial
  1
ByLayer
  2

 70
0
 40
1.0
 71
1
 41
1.0
 91
-1023410177
 42
1.0
 72
1
  3

 73
1
 74
1
 75
1
 44
0.5
 73
0
 45
1.0
 46
1.0
 77
1
  4

 78
1
 79
1
170
1
 48
1.0
171
1
  6

172
1
173
1
174
1
140
1.0
141
1.0
175
1
  7

176
1
177
1
178
1
143
1.0
179
1
  8

270
1
271
1
272
1
145
1.0
146
1.0
273
1
  9

274
1
275
1
276
1
 42
1.0
 72
1
  3

 73
1
 74
1
 75
1
 94
63
  0
MATERIAL
  5
21
102
{ACAD_REACTORS
330
E
102
}
330
E
100
AcDbMaterial
  1
Global
  2

 70
0
 40
1.0
 71
1
 41
1.0
 91
-1023410177
 42
1.0
 72
1
  3

 73
1
 74
1
 75
1
 44
0.5
 73
0
 45
1.0
 46
1.0
 77
1
  4

 78
1
 79
1
170
1
 48
1.0
171
1
  6

172
1
173
1
174
1
140
1.0
141
1.0
175
1
  7

176
1
177
1
178
1
143
1.0
179
1
  8

270
1
271
1
272
1
145
1.0
146
1.0
273
1
  9

274
1
275
1
276
1
 42
1.0
 72
1
  3

 73
1
 74
1
 75
1
 94
63
  0
MLINESTYLE
  5
22
102
{ACAD_REACTORS
330
10
102
}
330
10
100
AcDbMlineStyle
  2
Standard
 70
0
  3

 62
256
 51
90.0
 52
90.0
 71
2
 49
0.5
 62
256
  6
BYLAYER
 49
-0.5
 62
256
  6
BYLAYER
  0
MLEADERSTYLE
  5
2C
102
{ACAD_REACTORS
330
F
102
}
330
F
100
AcDbMLeaderStyle
179
2
170
2
171
1
172
0
 90
2
 40
0.0
 41
0.0
173
1
 91
-1056964608
 92
-2
290
1
 42
2.0
291
1
 43
8.0
  3
Standard
 44
4.0
300

342
29
174
1
175
1
176
0
178
1
 93
-1056964608
 45
4.0
292
0
297
0
 46
4.0
 94
-1056964608
 47
1.0
 49
1.0
140
1.0
294
1
141
0.0
177
0
142
1.0
295
0
296
0
143
3.75
271
0
272
9
273
9
  0
DICTIONARY
  5
2D
330
A
100
AcDbDictionary
280
1
281
1
  3
CREATED_BY_EZDXF
350
2E
  3
WRITTEN_BY_EZDXF
350
4FC
  0
DICTIONARYVAR
  5
2E
330
2D
100
DictionaryVariables
280
0
  1
1.4.3 @ 2026-03-28T12:23:21.217286+00:00
  0
DICTIONARYVAR
  5
4FC
330
2D
100
DictionaryVariables
280
0
  1
1.4.3 @ 2026-03-28T12:23:21.352465+00:00
  0
ENDSEC
  0
EOF
